"sample_id","stratum","stratum_rank","selection_hash","oracle_id","printing_id","collector_number","set","set_name","rarity","name","mana_cost","type_line","oracle_text","layout","power","toughness","colors","standard_legality","classification","implementation_family","recommended_tier","primary_gap","secondary_gaps","rationale","code_evidence","authority_url"
"1","TMT-common","1","004ad277c403291a58f059253e628b32beb775e92717f56373f1aedec0a7edc3","a83a70ba-448e-45f3-b23b-6f38af54811f","a83a70ba-448e-45f3-b23b-6f38af54811f","111","TMT","Teenage Mutant Ninja Turtles","common","Zog, Triceraton Castaway","4R","Legendary Creature — Dinosaur Soldier","Reach, trample
When Zog enters, target creature can't block this turn.
Mountaincycling {2} ({2}, Discard this card: Search your library for a Mountain card, reveal it, put it into your hand, then shuffle.)","normal","5","4","R","legal","full_now","composable_ron","Data","","","All sampled rules text is expressible through current card data and shared primitives; no new Rust or wire contract is required.","tricerules/tricerules-cards/src/card_def.rs;tricerules/tricerules-cards/src/primitives;tricerules/tricerules-core/src/engine","https://magic.wizards.com/en/news/feature/teenage-mutant-ninja-turtles-release-notes"
"2","TMT-common","2","031700f1fc0fc8a6457c1134d67615b3d22dee943f765e01ffccaa7eca9e9c43","683cfef0-f164-4db8-b83f-79eb804e50ae","683cfef0-f164-4db8-b83f-79eb804e50ae","37","TMT","Teenage Mutant Ninja Turtles","common","Donatello, Turtle Techie","3U","Legendary Creature — Mutant Ninja Turtle","When Donatello enters, if you control an artifact, draw a card.","normal","3","4","U","legal","full_now","composable_ron","Data","","","All sampled rules text is expressible through current card data and shared primitives; no new Rust or wire contract is required.","tricerules/tricerules-cards/src/card_def.rs;tricerules/tricerules-cards/src/primitives;tricerules/tricerules-core/src/engine","https://magic.wizards.com/en/news/feature/teenage-mutant-ninja-turtles-release-notes"
"3","TMT-common","3","03beeeeae70459d9f847a669e3e01c182ebc4165c1a7fae3aa1be68cac8cf216","2dbe9207-06e8-4837-8227-0f960490771b","2dbe9207-06e8-4837-8227-0f960490771b","97","TMT","Teenage Mutant Ninja Turtles","common","Mutant Town Musicians","2R","Creature — Mutant Bard Performer","Trample
Alliance — Whenever another creature you control enters, this creature gets +1/+0 until end of turn.","normal","2","4","R","legal","full_now","composable_ron","Data","","","All sampled rules text is expressible through current card data and shared primitives; no new Rust or wire contract is required.","tricerules/tricerules-cards/src/card_def.rs;tricerules/tricerules-cards/src/primitives;tricerules/tricerules-core/src/engine","https://magic.wizards.com/en/news/feature/teenage-mutant-ninja-turtles-release-notes"
"4","TMT-common","4","03cf881c567993ed64cdf1988766fec7ded5fb4952d4f19de54761b56bb2fe29","3fdec16f-77f5-4792-9698-b9099a204028","3fdec16f-77f5-4792-9698-b9099a204028","82","TMT","Teenage Mutant Ninja Turtles","common","Stomped by the Foot","1B","Instant","Kicker—Sacrifice an artifact or creature. (You may sacrifice an artifact or creature in addition to any other costs as you cast this spell.)
Target creature gets -2/-2 until end of turn. If this spell was kicked, that creature gets -5/-5 until end of turn instead.","normal","","","B","legal","partial_now","ron_after_omission","Engine","optional_object_cast_cost","","The base -2/-2 spell is composable; an optional sacrifice kicker is not an authored cast-cost option.","tricerules/tricerules-cards/src/card_def.rs;tricerules/tricerules-cards/src/primitives;tricerules/tricerules-core/src/engine","https://magic.wizards.com/en/news/feature/teenage-mutant-ninja-turtles-release-notes"
"5","TMT-common","5","07db5c02515509a5470c43e1d6067bf497efbfa6c557ef073758ce0d12f9ece2","375c91a3-53c4-4f2d-bf7b-2c79a219d3ae","375c91a3-53c4-4f2d-bf7b-2c79a219d3ae","164","TMT","Teenage Mutant Ninja Turtles","common","Punk Frogs","3{G/U}{G/U}","Creature — Frog Mutant Rebel","Ward {3} (Whenever this creature becomes the target of a spell or ability an opponent controls, counter it unless that player pays {3}.)","normal","4","5","UG","legal","full_now","composable_ron","Data","","","All sampled rules text is expressible through current card data and shared primitives; no new Rust or wire contract is required.","tricerules/tricerules-cards/src/card_def.rs;tricerules/tricerules-cards/src/primitives;tricerules/tricerules-core/src/engine","https://magic.wizards.com/en/news/feature/teenage-mutant-ninja-turtles-release-notes"
"6","TMT-common","6","13102a8e0f79c2aa78847ffa9c11b69d9768722ddf719a50c357becf7a820923","1c244fc2-70f0-4149-b0d2-d49fc6bac2b0","1c244fc2-70f0-4149-b0d2-d49fc6bac2b0","183","TMT","Teenage Mutant Ninja Turtles","common","Dimension X","","Land","This land enters tapped.
When this land enters, you gain 1 life.
{T}: Add {R} or {W}.","normal","","","","legal","full_now","composable_ron","Data","","","All sampled rules text is expressible through current card data and shared primitives; no new Rust or wire contract is required.","tricerules/tricerules-cards/src/card_def.rs;tricerules/tricerules-cards/src/primitives;tricerules/tricerules-core/src/engine","https://magic.wizards.com/en/news/feature/teenage-mutant-ninja-turtles-release-notes"
"7","TMT-common","7","14ed8ad6c4b24ec38c395e727bfbb6d0c1e5373481ac42da2b6f8f722785cbdd","52e99505-17dc-4051-99f6-e23559fc6c95","52e99505-17dc-4051-99f6-e23559fc6c95","52","TMT","Teenage Mutant Ninja Turtles","common","Return to the Sewers","3U","Instant","Target creature's owner puts it on their choice of the top or bottom of their library. You create a Mutagen token. (It's an artifact with ""{1}, {T}, Sacrifice this token: Put a +1/+1 counter on target creature. Activate only as a sorcery."")","normal","","","U","legal","full_now","composable_ron","Data","","","All sampled rules text is expressible through current card data and shared primitives; no new Rust or wire contract is required.","tricerules/tricerules-cards/src/card_def.rs;tricerules/tricerules-cards/src/primitives;tricerules/tricerules-core/src/engine","https://magic.wizards.com/en/news/feature/teenage-mutant-ninja-turtles-release-notes"
"8","TMT-common","8","17e5b74deff7c4c6b22f0bf4cc391ba9a27a9bfabc1a88b30921a57096376e8d","8b1982ea-686b-4acd-b677-47571430efb0","8b1982ea-686b-4acd-b677-47571430efb0","3","TMT","Teenage Mutant Ninja Turtles","common","April O'Neil, Kunoichi Trainee","1W","Legendary Creature — Human Ninja","When April O'Neil enters, scry 2. (Look at the top two cards of your library, then put any number of them on the bottom and the rest on top in any order.)
April O'Neil can't be blocked by creatures with power 3 or greater.","normal","2","2","W","legal","full_now","composable_ron","Data","","","All sampled rules text is expressible through current card data and shared primitives; no new Rust or wire contract is required.","tricerules/tricerules-cards/src/card_def.rs;tricerules/tricerules-cards/src/primitives;tricerules/tricerules-core/src/engine","https://magic.wizards.com/en/news/feature/teenage-mutant-ninja-turtles-release-notes"
"9","TMT-common","9","1e1b823bf9786b0ce68981e098472346d5b4cae3b5186a08e28b4768fb99fb46","735b540b-b472-46fa-a232-d444cabf6c4c","735b540b-b472-46fa-a232-d444cabf6c4c","8","TMT","Teenage Mutant Ninja Turtles","common","Hamato Guardian Stance","W","Instant","Target creature gets +1/+3 and gains flying until end of turn. Scry 1. (Look at the top card of your library. You may put that card on the bottom.)","normal","","","W","legal","full_now","composable_ron","Data","","","All sampled rules text is expressible through current card data and shared primitives; no new Rust or wire contract is required.","tricerules/tricerules-cards/src/card_def.rs;tricerules/tricerules-cards/src/primitives;tricerules/tricerules-core/src/engine","https://magic.wizards.com/en/news/feature/teenage-mutant-ninja-turtles-release-notes"
"10","TMT-common","10","2b7a8311d30810ba000d714a592442f155b636b99eaf9e15d2c4e3425d108bbe","ff26f7ff-7f70-4204-9b48-de9e21dc89ec","ff26f7ff-7f70-4204-9b48-de9e21dc89ec","64","TMT","Teenage Mutant Ninja Turtles","common","Insectoid Exterminator","2B","Creature — Insect Mutant","Flying
Disappear — At the beginning of your end step, if a permanent left the battlefield under your control this turn, scry 1. (Look at the top card of your library. You may put that card on the bottom.)","normal","2","2","B","legal","partial_now","ron_after_omission","Engine","permanent_left_battlefield_turn_condition","","Flying and the end-step scry trigger are usable; the controller-relative any-permanent departure fact is absent.","tricerules/tricerules-cards/src/card_def.rs;tricerules/tricerules-cards/src/primitives;tricerules/tricerules-core/src/engine","https://magic.wizards.com/en/news/feature/teenage-mutant-ninja-turtles-release-notes"
"11","TMT-common","11","2eef7efc772d75fa36ff9951bd93a7dbac2334e244e17bb0f412b67924a6ce24","faab52c0-ce79-40af-a156-b193a62d439e","faab52c0-ce79-40af-a156-b193a62d439e","145","TMT","Teenage Mutant Ninja Turtles","common","EPF Point Squad","1{R/W}{R/W}","Creature — Human Soldier","Alliance — Whenever another creature you control enters, put a +1/+1 counter on this creature.","normal","2","1","WR","legal","full_now","composable_ron","Data","","","All sampled rules text is expressible through current card data and shared primitives; no new Rust or wire contract is required.","tricerules/tricerules-cards/src/card_def.rs;tricerules/tricerules-cards/src/primitives;tricerules/tricerules-core/src/engine","https://magic.wizards.com/en/news/feature/teenage-mutant-ninja-turtles-release-notes"
"12","TMT-common","12","36a86d7ecc22383d9e5151f38aca75dff8b8c67b0b5a6aea7c8926ea8c3fb5d9","bbe1d7e5-68e2-4458-aa3f-5e97fa8e7cae","bbe1d7e5-68e2-4458-aa3f-5e97fa8e7cae","100","TMT","Teenage Mutant Ninja Turtles","common","Purple Dragon Punks","1R","Creature — Human Rogue","{T}: Add {R}. Spend this mana only to cast an artifact spell or to activate an ability.","normal","2","2","R","legal","partial_now","ron_after_omission","Engine","restricted_mana_ability_any","","The mana ability and artifact-spell restriction are expressible; the unrestricted activate-an-ability branch is not.","tricerules/tricerules-cards/src/card_def.rs;tricerules/tricerules-cards/src/primitives;tricerules/tricerules-core/src/engine","https://magic.wizards.com/en/news/feature/teenage-mutant-ninja-turtles-release-notes"
"13","TMT-common","13","394f23da454c4662f5905b8bea11e5fd9b023f431242a03d3d836dedce00ba02","bc19807b-09e8-4923-abc3-d4bbe8cde5fc","bc19807b-09e8-4923-abc3-d4bbe8cde5fc","133","TMT","Teenage Mutant Ninja Turtles","common","Tenderize","1G","Instant","Target creature you control deals damage equal to its power to target creature an opponent controls.","normal","","","G","legal","full_now","composable_ron","Data","","","All sampled rules text is expressible through current card data and shared primitives; no new Rust or wire contract is required.","tricerules/tricerules-cards/src/card_def.rs;tricerules/tricerules-cards/src/primitives;tricerules/tricerules-core/src/engine","https://magic.wizards.com/en/news/feature/teenage-mutant-ninja-turtles-release-notes"
"14","TMT-common","14","3a6ebc4e4ab0470301a74359e9749d93f16d7236d6d2716a54a690f6c354a6a5","243e392b-48b0-4e90-ae22-9a696f45e878","243e392b-48b0-4e90-ae22-9a696f45e878","94","TMT","Teenage Mutant Ninja Turtles","common","Manhole Missile","1R","Instant","Manhole Missile deals 3 damage to target creature. You may put a card from your hand on the bottom of your library. If you do, draw a card.","normal","","","R","legal","partial_now","ron_after_omission","Engine","hand_bottom_resolution_cost","","The damage is composable; putting a chosen hand card on the library bottom as an optional resolution cost is absent.","tricerules/tricerules-cards/src/card_def.rs;tricerules/tricerules-cards/src/primitives;tricerules/tricerules-core/src/engine","https://magic.wizards.com/en/news/feature/teenage-mutant-ninja-turtles-release-notes"
"15","TMT-common","15","46ccceba77cd30e80f22567c3572bffdea788206218718f2a0db3d68bdc339ef","a5b83101-e3ef-4ffe-a886-4fc2b57a0947","a5b83101-e3ef-4ffe-a886-4fc2b57a0947","10","TMT","Teenage Mutant Ninja Turtles","common","Jennika, Bad Apple Big Sister","4W","Legendary Creature — Mutant Ninja Turtle","When Jennika enters, create a 2/2 red Mutant creature token.
Plainscycling {2} ({2}, Discard this card: Search your library for a Plains card, reveal it, put it into your hand, then shuffle.)","normal","3","3","W","legal","full_now","composable_ron","Data","","","All sampled rules text is expressible through current card data and shared primitives; no new Rust or wire contract is required.","tricerules/tricerules-cards/src/card_def.rs;tricerules/tricerules-cards/src/primitives;tricerules/tricerules-core/src/engine","https://magic.wizards.com/en/news/feature/teenage-mutant-ninja-turtles-release-notes"
"16","TMT-common","16","4b009c2802777f94212e022588b6a4e5720b2829ddfb01f42e9c96bc72cbd640","abb1ab9c-b067-4b75-8e5b-a893b7948df1","abb1ab9c-b067-4b75-8e5b-a893b7948df1","147","TMT","Teenage Mutant Ninja Turtles","common","Foot Ninjas","4{W/B}{W/B}","Creature — Human Ninja","Sneak {3}{W/B} (You may cast this spell for {3}{W/B} if you also return an unblocked attacker you control to hand during the declare blockers step. It enters tapped and attacking.)
When this creature enters, you gain 3 life.","normal","5","5","WB","legal","partial_now","ron_after_omission","Engine","sneak","","The ordinary creature and life-gain ETB are composable; Sneak casting is absent.","tricerules/tricerules-cards/src/card_def.rs;tricerules/tricerules-cards/src/primitives;tricerules/tricerules-core/src/engine","https://magic.wizards.com/en/news/feature/teenage-mutant-ninja-turtles-release-notes"
"17","TMT-common","17","54a155a5ca838ac1836410f78d7f86e74b8eadcc59a3fd985af3f53edc008df4","42cdb88d-675a-43bb-b85c-51c4cc526315","42cdb88d-675a-43bb-b85c-51c4cc526315","165","TMT","Teenage Mutant Ninja Turtles","common","Putrid Pals","2{B/G}{B/G}","Creature — Human Ooze Mutant","Deathtouch
Disappear — This creature enters with two +1/+1 counters on it if a permanent left the battlefield under your control this turn.","normal","3","3","BG","legal","blocked","shared_capability_required","Engine","permanent_left_battlefield_turn_condition","","The conditional enters-with-counters replacement is the substantive behavior; deathtouch alone is insufficient under the calibration rubric.","tricerules/tricerules-cards/src/card_def.rs;tricerules/tricerules-cards/src/primitives;tricerules/tricerules-core/src/engine","https://magic.wizards.com/en/news/feature/teenage-mutant-ninja-turtles-release-notes"
"18","TMT-common","18","5cf6f0832330e730ecd4b2a67811fe2843941ad8bad703d2af6582f858710899","08b3af61-d516-45ca-aede-2f50ba23cb07","08b3af61-d516-45ca-aede-2f50ba23cb07","85","TMT","Teenage Mutant Ninja Turtles","common","Bot Bashing Time","3R","Sorcery","Bot Bashing Time deals 6 damage to target creature. If that creature would die this turn, exile it instead.","normal","","","R","legal","full_now","composable_ron","Data","","","All sampled rules text is expressible through current card data and shared primitives; no new Rust or wire contract is required.","tricerules/tricerules-cards/src/card_def.rs;tricerules/tricerules-cards/src/primitives;tricerules/tricerules-core/src/engine","https://magic.wizards.com/en/news/feature/teenage-mutant-ninja-turtles-release-notes"
"19","TMT-common","19","6065b2aeafbc0ca4ca3f0d043029b299bd720efe3fdf113263d72fc7b0885087","2ddfcc4d-dd5f-42f1-8f33-a8e8b5354534","2ddfcc4d-dd5f-42f1-8f33-a8e8b5354534","45","TMT","Teenage Mutant Ninja Turtles","common","Mind Transfer Protocol","2U","Instant","Until end of turn, target artifact or creature becomes an artifact creature with base power and toughness 4/5.
Draw a card.","normal","","","U","legal","partial_now","ron_after_omission","Engine","animation","","Draw is composable, but the one-shot artifact-creature type addition plus base 4/5 effect lacks a public spell primitive.","tricerules/tricerules-cards/src/card_def.rs;tricerules/tricerules-cards/src/primitives;tricerules/tricerules-core/src/engine","https://magic.wizards.com/en/news/feature/teenage-mutant-ninja-turtles-release-notes"
"20","TMT-common","20","623aaa3ef782f743d6fbb5f4a28b8786a3dd22b88666d81c7a3aad5538d748b1","eb44c134-fcd8-4ad8-841c-f1723ba93216","eb44c134-fcd8-4ad8-841c-f1723ba93216","98","TMT","Teenage Mutant Ninja Turtles","common","Null Group Biological Assets","2R","Creature — Mutant Mercenary","During your turn, this creature has first strike.
Whenever this creature attacks, you may discard a card. If you do, draw a card.","normal","3","1","R","legal","full_now","composable_ron","Data","","","All sampled rules text is expressible through current card data and shared primitives; no new Rust or wire contract is required.","tricerules/tricerules-cards/src/card_def.rs;tricerules/tricerules-cards/src/primitives;tricerules/tricerules-core/src/engine","https://magic.wizards.com/en/news/feature/teenage-mutant-ninja-turtles-release-notes"
"21","TMT-uncommon","1","04a75e18adac4030eed621e6fc4d439e2fe6cec54bec2acfb1abd7e359285619","562395ef-fb28-4b34-b03b-5dbf0507fdc3","562395ef-fb28-4b34-b03b-5dbf0507fdc3","236","TMT","Teenage Mutant Ninja Turtles","uncommon","Jennika's Technique","2R","Instant","Sneak {R} (You may cast this spell for {R} if you also return an unblocked attacker you control to hand during the declare blockers step.)
Jennika's Technique deals 2 damage to each creature.","normal","","","R","legal","partial_now","ron_after_omission","Engine","sneak","","The damage spell is composable at its normal cost; Sneak casting is absent.","tricerules/tricerules-cards/src/card_def.rs;tricerules/tricerules-cards/src/primitives;tricerules/tricerules-core/src/engine","https://magic.wizards.com/en/news/feature/teenage-mutant-ninja-turtles-release-notes"
"22","TMT-uncommon","2","05bd416012b7754dbb4b6a38ad421acc3ada3035ca9e859d5240feaaf4f98237","14e0892c-a556-43c3-974f-6be44188da2e","14e0892c-a556-43c3-974f-6be44188da2e","49","TMT","Teenage Mutant Ninja Turtles","uncommon","Ray Fillet, Man Ray","3U","Legendary Creature — Fish Mutant","Flying
When Ray Fillet enters, create a Mutagen token. (It's an artifact with ""{1}, {T}, Sacrifice this token: Put a +1/+1 counter on target creature. Activate only as a sorcery."")
{2}, Remove a +1/+1 counter from a creature you control: Draw a card.","normal","3","3","U","legal","full_now","composable_ron","Data","","","All sampled rules text is expressible through current card data and shared primitives; no new Rust or wire contract is required.","tricerules/tricerules-cards/src/card_def.rs;tricerules/tricerules-cards/src/primitives;tricerules/tricerules-core/src/engine","https://magic.wizards.com/en/news/feature/teenage-mutant-ninja-turtles-release-notes"
"23","TMT-uncommon","3","0943ccbd7977d65f6ae777aec8e4f826da5ed16d707b793f39ac4b05a64c64da","7a4f1ccc-2225-4cd0-abef-0eb7a8eae9cf","7a4f1ccc-2225-4cd0-abef-0eb7a8eae9cf","11","TMT","Teenage Mutant Ninja Turtles","uncommon","Koya, Death from Above","2W","Legendary Creature — Mutant Ninja Bird","Flying
When Koya enters, exile up to one other target creature. At the beginning of the next end step, you may pay {3}{B}. If you don't, return that card to the battlefield under its owner's control.","normal","2","1","W","legal","blocked","shared_capability_required","Engine","delayed_conditional_return","","The exile, next-end-step payment, and conditional exact-card return must remain linked; flying alone is insufficient.","tricerules/tricerules-cards/src/card_def.rs;tricerules/tricerules-cards/src/primitives;tricerules/tricerules-core/src/engine","https://magic.wizards.com/en/news/feature/teenage-mutant-ninja-turtles-release-notes"
"24","TMT-uncommon","4","0b9b63cd56e73dd9fb874cc28d17e86153138b241d733935e3ebfef48efe9b5c","02f7281f-b50c-4a1c-a2fc-3caeb6ab7d41","02f7281f-b50c-4a1c-a2fc-3caeb6ab7d41","120","TMT","Teenage Mutant Ninja Turtles","uncommon","Michelangelo, Mutant BFF","2GG","Legendary Creature — Mutant Ninja Turtle","Each creature you control with a counter on it can't be blocked by more than one creature.
Whenever Michelangelo enters or attacks, create a Mutagen token. (It's an artifact with ""{1}, {T}, Sacrifice this token: Put a +1/+1 counter on target creature. Activate only as a sorcery."")","normal","4","4","G","legal","full_now","composable_ron","Data","","","All sampled rules text is expressible through current card data and shared primitives; no new Rust or wire contract is required.","tricerules/tricerules-cards/src/card_def.rs;tricerules/tricerules-cards/src/primitives;tricerules/tricerules-core/src/engine","https://magic.wizards.com/en/news/feature/teenage-mutant-ninja-turtles-release-notes"
"25","TMT-uncommon","5","10f5981ae437395f5cab4a260ba78f50a1248c73807838a2c82b61a6f0292e55","ef9e227e-c581-479c-a962-2f191352b07f","ef9e227e-c581-479c-a962-2f191352b07f","23","TMT","Teenage Mutant Ninja Turtles","uncommon","Quintessential Katana","W","Artifact — Equipment","Equipped creature gets +1/+1 and has ""Whenever this creature deals combat damage, untap it and you gain 2 life.""
Whenever a Ninja you control enters, you may attach this Equipment to it.
Equip {2} ({2}: Attach to target creature you control. Equip only as a sorcery.)","normal","","","W","legal","partial_now","ron_after_omission","Engine","combat_damage_any_recipient","","Equipment and Ninja-entry attachment behavior are composable; the attached creature trigger currently observes combat damage to a player only.","tricerules/tricerules-cards/src/card_def.rs;tricerules/tricerules-cards/src/primitives;tricerules/tricerules-core/src/engine","https://magic.wizards.com/en/news/feature/teenage-mutant-ninja-turtles-release-notes"
"26","TMT-uncommon","6","13e0237ea4f8a62d2adc8a20922668af829198fdf536c73e63d75ee20be49a67","0f886117-aff3-4db7-9cf5-7cbe94c8cd02","0f886117-aff3-4db7-9cf5-7cbe94c8cd02","155","TMT","Teenage Mutant Ninja Turtles","uncommon","Lessons from Life","2GU","Sorcery","Draw three cards. You may put a land card from your hand onto the battlefield tapped.","normal","","","UG","legal","partial_now","ron_after_omission","Engine","hand_to_battlefield_choice","","Draw three is composable; selecting a land from hand and moving it to the battlefield tapped is not.","tricerules/tricerules-cards/src/card_def.rs;tricerules/tricerules-cards/src/primitives;tricerules/tricerules-core/src/engine","https://magic.wizards.com/en/news/feature/teenage-mutant-ninja-turtles-release-notes"
"27","TMT-uncommon","7","1831f8ebc11b6ac7e9b32dc591ba26a883b13e9c06018a98ac20da7cb893534a","3d3d0a9a-3bde-451f-9d5a-af6c2a393953","3d3d0a9a-3bde-451f-9d5a-af6c2a393953","228","TMT","Teenage Mutant Ninja Turtles","uncommon","Donatello's Technique","2U","Sorcery","Sneak {U} (You may cast this spell for {U} if you also return an unblocked attacker you control to hand during the declare blockers step.)
Draw two cards.","normal","","","U","legal","partial_now","ron_after_omission","Engine","sneak","","Draw two is composable at the normal cost; Sneak casting is absent.","tricerules/tricerules-cards/src/card_def.rs;tricerules/tricerules-cards/src/primitives;tricerules/tricerules-core/src/engine","https://magic.wizards.com/en/news/feature/teenage-mutant-ninja-turtles-release-notes"
"28","TMT-uncommon","8","1c1500261060d53c6476e67288da0f561b6896d9a3754524e9f7590e1b06f90b","1308dadc-08a9-40bd-98a4-fb66d792e27d","1308dadc-08a9-40bd-98a4-fb66d792e27d","160","TMT","Teenage Mutant Ninja Turtles","uncommon","The Neutrinos","2RW","Legendary Creature — Elf Rebel","Flying
Alliance — Whenever another creature you control enters, The Neutrinos get +1/+0 until end of turn.
Whenever The Neutrinos attack, exile up to one target creature you own, then return it to the battlefield under your control tapped and attacking.","normal","2","4","WR","legal","partial_now","ron_after_omission","Engine","immediate_blink_attacking","","Flying and Alliance are composable; exile-and-immediately-return tapped and attacking needs generation-safe identity and combat placement.","tricerules/tricerules-cards/src/card_def.rs;tricerules/tricerules-cards/src/primitives;tricerules/tricerules-core/src/engine","https://magic.wizards.com/en/news/feature/teenage-mutant-ninja-turtles-release-notes"
"29","TMT-uncommon","9","1e7be795f24e21f2cdd3d46fd1ae452a8801e3d14df5813a12d3aa0a5ed74370","cbce9297-f601-4478-8865-6848700c4a42","cbce9297-f601-4478-8865-6848700c4a42","206","TMT","Teenage Mutant Ninja Turtles","uncommon","April, Reporter of the Weird","2U","Legendary Creature — Human Detective","Whenever April deals combat damage to a player, draw that many cards, then discard a card.","normal","2","2","U","legal","blocked","shared_capability_required","Engine","damage_event_amount","","The combat-damage trigger does not expose the event amount needed for the draw count.","tricerules/tricerules-cards/src/card_def.rs;tricerules/tricerules-cards/src/primitives;tricerules/tricerules-core/src/engine","https://magic.wizards.com/en/news/feature/teenage-mutant-ninja-turtles-release-notes"
"30","TMT-uncommon","10","20e74a1354fbc876f079794d7edcdca9d74ac60dc5278106082e3f0964125906","78c55706-4d00-4b97-965c-0b2d0963e59d","78c55706-4d00-4b97-965c-0b2d0963e59d","6","TMT","Teenage Mutant Ninja Turtles","uncommon","Featherbrained Filcher","W","Creature — Bird Mutant","Flying
When this creature leaves the battlefield, create a Food token. (It's an artifact with ""{2}, {T}, Sacrifice this token: You gain 3 life."")","normal","0","2","W","legal","full_now","composable_ron","Data","","","All sampled rules text is expressible through current card data and shared primitives; no new Rust or wire contract is required.","tricerules/tricerules-cards/src/card_def.rs;tricerules/tricerules-cards/src/primitives;tricerules/tricerules-core/src/engine","https://magic.wizards.com/en/news/feature/teenage-mutant-ninja-turtles-release-notes"
"31","TMT-uncommon","11","22b38dff410bdb75570816aea0d1879e0c2a9be76ca9769ed680a3d3ef79fa8c","fcb59b16-3d76-478e-9306-969dd2cb1b5a","fcb59b16-3d76-478e-9306-969dd2cb1b5a","136","TMT","Teenage Mutant Ninja Turtles","uncommon","Venus, Torn Between Worlds","4G","Legendary Creature — Mutant Frog Turtle","Whenever Venus is dealt damage, put that many +1/+1 counters on her. (She must survive the damage to get the counters.)
Whenever a creature you control with a counter on it deals combat damage to a player, you may pay {U}. If you do, draw a card.","normal","5","5","G","legal","blocked","shared_capability_required","Engine","damage_event_amount","filtered_combat_damage_observer","Neither counters equal to damage received nor watching any counter-bearing creature deal combat damage is represented.","tricerules/tricerules-cards/src/card_def.rs;tricerules/tricerules-cards/src/primitives;tricerules/tricerules-core/src/engine","https://magic.wizards.com/en/news/feature/teenage-mutant-ninja-turtles-release-notes"
"32","TMT-uncommon","12","239a578adb237eca396c63208a963cbcb2c81664a7f245fd575f91604f73a3cc","c4aeb45b-13ed-43ad-a366-7be10dec6222","c4aeb45b-13ed-43ad-a366-7be10dec6222","109","TMT","Teenage Mutant Ninja Turtles","uncommon","Spicy Oatmeal Pizza","2R","Artifact — Food","When this artifact enters, it deals 4 damage to any target and 3 damage to you.
{2}, {T}, Sacrifice this artifact: You gain 3 life.","normal","","","R","legal","full_now","composable_ron","Data","","","All sampled rules text is expressible through current card data and shared primitives; no new Rust or wire contract is required.","tricerules/tricerules-cards/src/card_def.rs;tricerules/tricerules-cards/src/primitives;tricerules/tricerules-core/src/engine","https://magic.wizards.com/en/news/feature/teenage-mutant-ninja-turtles-release-notes"
"33","TMT-uncommon","13","23fd5ef524b7ecd2435ca55d2560697aa0fcf9f2bcd3a147886a917429532964","f4b8f7e6-9bff-430b-b2f5-4308d57d1194","f4b8f7e6-9bff-430b-b2f5-4308d57d1194","137","TMT","Teenage Mutant Ninja Turtles","uncommon","West Wind Avatar","5GG","Creature — Cat Spirit Avatar","Trample
Whenever this creature enters or attacks, you may sacrifice a token or a land. If you do, you gain 3 life.
Disappear — At the beginning of your end step, if a permanent left the battlefield under your control this turn, draw a card.","normal","7","7","G","legal","partial_now","ron_after_omission","Engine","permanent_left_battlefield_turn_condition","","The optional sacrifice-for-life trigger is composable; Disappear needs a controller-relative departure fact.","tricerules/tricerules-cards/src/card_def.rs;tricerules/tricerules-cards/src/primitives;tricerules/tricerules-core/src/engine","https://magic.wizards.com/en/news/feature/teenage-mutant-ninja-turtles-release-notes"
"34","TMT-uncommon","14","25aa68acf8b24cd049fa271e2677a2f49ba481b894b68a9e3cd6b8efef7ee310","7df26085-eedb-4bdd-a60a-aabfbe9c3157","7df26085-eedb-4bdd-a60a-aabfbe9c3157","148","TMT","Teenage Mutant Ninja Turtles","uncommon","Genghis Frog","GU","Legendary Creature — Frog Mutant Rogue","Trample
Whenever Genghis Frog or another Mutant you control enters, create a Mutagen token. (It's an artifact with ""{1}, {T}, Sacrifice this token: Put a +1/+1 counter on target creature. Activate only as a sorcery."")","normal","1","3","UG","legal","full_now","composable_ron","Data","","","All sampled rules text is expressible through current card data and shared primitives; no new Rust or wire contract is required.","tricerules/tricerules-cards/src/card_def.rs;tricerules/tricerules-cards/src/primitives;tricerules/tricerules-core/src/engine","https://magic.wizards.com/en/news/feature/teenage-mutant-ninja-turtles-release-notes"
"35","TMT-uncommon","15","25c0d2539aac3ff3556f50e67c85516404bb2c503146c61853ae040985014851","beef76b7-856e-48ab-bc73-e4f456c3a100","beef76b7-856e-48ab-bc73-e4f456c3a100","48","TMT","Teenage Mutant Ninja Turtles","uncommon","Ooze Spill","1UU","Instant","Counter target spell. Create a Mutagen token. (It's an artifact with ""{1}, {T}, Sacrifice this token: Put a +1/+1 counter on target creature. Activate only as a sorcery."")","normal","","","U","legal","full_now","composable_ron","Data","","","All sampled rules text is expressible through current card data and shared primitives; no new Rust or wire contract is required.","tricerules/tricerules-cards/src/card_def.rs;tricerules/tricerules-cards/src/primitives;tricerules/tricerules-core/src/engine","https://magic.wizards.com/en/news/feature/teenage-mutant-ninja-turtles-release-notes"
"36","TMT-uncommon","16","2e70d6fe2db88930b28e60fd0daac52f6aa4836a4fcbe5a916fb2cb3f5a382bf","f1616a07-e4a1-4574-b341-d6b31d76b3c5","f1616a07-e4a1-4574-b341-d6b31d76b3c5","126","TMT","Teenage Mutant Ninja Turtles","uncommon","New Generation's Technique","3G","Sorcery","Sneak {2}{G} (You may cast this spell for {2}{G} if you also return an unblocked attacker you control to hand during the declare blockers step.)
Search your library for up to two basic land cards, put them onto the battlefield tapped, then shuffle.","normal","","","G","legal","partial_now","ron_after_omission","Engine","sneak","","The two-basic-land search is composable at the normal cost; Sneak casting is absent.","tricerules/tricerules-cards/src/card_def.rs;tricerules/tricerules-cards/src/primitives;tricerules/tricerules-core/src/engine","https://magic.wizards.com/en/news/feature/teenage-mutant-ninja-turtles-release-notes"
"37","TMT-uncommon","17","33e90038df401268800fb0f5b09a33410981c168959946d1e803f5fb8b8ed93b","deadb6d8-3eea-4261-a07c-8536df89e85c","deadb6d8-3eea-4261-a07c-8536df89e85c","178","TMT","Teenage Mutant Ninja Turtles","uncommon","Skateboard","1","Artifact — Equipment","When this Equipment enters, tap target permanent.
Equipped creature gets +1/+0 and has haste.
Equip {1} ({1}: Attach to target creature you control. Equip only as a sorcery.)","normal","","","","legal","full_now","composable_ron","Data","","","All sampled rules text is expressible through current card data and shared primitives; no new Rust or wire contract is required.","tricerules/tricerules-cards/src/card_def.rs;tricerules/tricerules-cards/src/primitives;tricerules/tricerules-core/src/engine","https://magic.wizards.com/en/news/feature/teenage-mutant-ninja-turtles-release-notes"
"38","TMT-uncommon","18","3856264df87af00fa494e366ceaec3c5e12bcb07832094b73b3761ff8f5932be","4208f96f-49ea-46d9-b6fc-2093ded1fadb","4208f96f-49ea-46d9-b6fc-2093ded1fadb","232","TMT","Teenage Mutant Ninja Turtles","uncommon","Shredder's Technique","2B","Sorcery","Sneak {B} (You may cast this spell for {B} if you also return an unblocked attacker you control to hand during the declare blockers step.)
Destroy target creature or enchantment. If an enchantment was destroyed this way, you lose 2 life.","normal","","","B","legal","partial_now","ron_after_omission","Engine","sneak","","The modal destruction consequence is composable at the normal cost; Sneak casting is absent.","tricerules/tricerules-cards/src/card_def.rs;tricerules/tricerules-cards/src/primitives;tricerules/tricerules-core/src/engine","https://magic.wizards.com/en/news/feature/teenage-mutant-ninja-turtles-release-notes"
"39","TMT-uncommon","19","46945e26a75d8799fc26c30abbf8c252b17d4e6290336688d97a6940c2740e8d","037fe188-3355-4724-b2eb-e2448fc55607","037fe188-3355-4724-b2eb-e2448fc55607","152","TMT","Teenage Mutant Ninja Turtles","uncommon","Karai's Technique","1WB","Sorcery","Sneak {W}{B} (You may cast this spell for {W}{B} if you also return an unblocked attacker you control to hand during the declare blockers step.)
Choose one or both —
• Target creature gets +3/+3 until end of turn.
• Target creature gets -3/-3 until end of turn.","normal","","","WB","legal","partial_now","ron_after_omission","Engine","sneak","","The choose-one-or-both pump modes are composable at the normal cost; Sneak casting is absent.","tricerules/tricerules-cards/src/card_def.rs;tricerules/tricerules-cards/src/primitives;tricerules/tricerules-core/src/engine","https://magic.wizards.com/en/news/feature/teenage-mutant-ninja-turtles-release-notes"
"40","TMT-uncommon","20","4f9090926237818c68b314fff85688f1c0bea86fa0ee3bb1fe4b0c2d754885b1","43c80d9e-0180-491a-ab08-2ba00f273604","43c80d9e-0180-491a-ab08-2ba00f273604","210","TMT","Teenage Mutant Ninja Turtles","uncommon","Shredder, Unrelenting","4B","Legendary Creature — Human Ninja","Sneak {3}{B} (You may cast this spell for {3}{B} if you also return an unblocked attacker you control to hand during the declare blockers step. He enters tapped and attacking.)
Deathtouch
Whenever Shredder enters or attacks, another target creature you control gains deathtouch until end of turn.","normal","6","4","B","legal","partial_now","ron_after_omission","Engine","sneak","","Deathtouch and the enters-or-attacks grant are composable; Sneak casting is absent.","tricerules/tricerules-cards/src/card_def.rs;tricerules/tricerules-cards/src/primitives;tricerules/tricerules-core/src/engine","https://magic.wizards.com/en/news/feature/teenage-mutant-ninja-turtles-release-notes"
"41","SOS-common","1","003a95384f31faf41bb947e9aecd83cf8b1627869033809098383b67c269cce8","0038d212-3d95-4f98-8c2e-7b2404d0ced7","0038d212-3d95-4f98-8c2e-7b2404d0ced7","118","SOS","Secrets of Strixhaven","common","Heated Argument","4R","Instant","Heated Argument deals 6 damage to target creature. You may exile a card from your graveyard. If you do, Heated Argument also deals 2 damage to that creature's controller.","normal","","","R","legal","partial_now","ron_after_omission","Engine","resolution_exile_graveyard_cost","","The six-damage spell is composable; exiling a selected graveyard card as an optional resolution cost is absent.","tricerules/tricerules-cards/src/card_def.rs;tricerules/tricerules-cards/src/primitives;tricerules/tricerules-core/src/engine","https://magic.wizards.com/en/news/feature/secrets-of-strixhaven-release-notes"
"42","SOS-common","2","0261bdef679d75c1e589c466759a9c8b5f09dc8bb094e2f05cb834ef8c28439a","e52464ee-df8b-41ec-af93-4b0eb004383e","e52464ee-df8b-41ec-af93-4b0eb004383e","10","SOS","Secrets of Strixhaven","common","Dig Site Inventory","W","Sorcery","Put a +1/+1 counter on target creature you control. It gains vigilance until end of turn.
Flashback {W} (You may cast this card from your graveyard for its flashback cost. Then exile it.)","normal","","","W","legal","full_now","composable_ron","Data","","","All sampled rules text is expressible through current card data and shared primitives; no new Rust or wire contract is required.","tricerules/tricerules-cards/src/card_def.rs;tricerules/tricerules-cards/src/primitives;tricerules/tricerules-core/src/engine","https://magic.wizards.com/en/news/feature/secrets-of-strixhaven-release-notes"
"43","SOS-common","3","041bbd321fbd4d748a9e988da5c688219817845f4b433196b1b520beb81a63fd","8d93d14d-7760-4af2-a237-2df326dd28d3","8d93d14d-7760-4af2-a237-2df326dd28d3","89","SOS","Secrets of Strixhaven","common","Masterful Flourish","B","Instant","Target creature you control gets +1/+0 and gains indestructible until end of turn. (Damage and effects that say ""destroy"" don't destroy it.)","normal","","","B","legal","full_now","composable_ron","Data","","","All sampled rules text is expressible through current card data and shared primitives; no new Rust or wire contract is required.","tricerules/tricerules-cards/src/card_def.rs;tricerules/tricerules-cards/src/primitives;tricerules/tricerules-core/src/engine","https://magic.wizards.com/en/news/feature/secrets-of-strixhaven-release-notes"
"44","SOS-common","4","055bf22bb8858cac0ee327225d2043f389d540b4a299e11e84031e96abace7be","62842fb4-8bd3-4d80-b4f9-5bc3c5cebd3a","62842fb4-8bd3-4d80-b4f9-5bc3c5cebd3a","192","SOS","Secrets of Strixhaven","common","Grapple with Death","1BG","Sorcery","Destroy target artifact or creature. You gain 1 life.","normal","","","BG","legal","full_now","composable_ron","Data","","","All sampled rules text is expressible through current card data and shared primitives; no new Rust or wire contract is required.","tricerules/tricerules-cards/src/card_def.rs;tricerules/tricerules-cards/src/primitives;tricerules/tricerules-core/src/engine","https://magic.wizards.com/en/news/feature/secrets-of-strixhaven-release-notes"
"45","SOS-common","5","05935b32ee0441887ce878842d200349396c3dff402d292287ac3676ae6a2589","b87e2474-98c1-4c1a-91ed-340b72d31653","b87e2474-98c1-4c1a-91ed-340b72d31653","133","SOS","Secrets of Strixhaven","common","Tackle Artist","3R","Creature — Orc Sorcerer","Trample
Opus — Whenever you cast an instant or sorcery spell, put a +1/+1 counter on this creature. If five or more mana was spent to cast that spell, put two +1/+1 counters on this creature instead.","normal","4","3","R","legal","partial_now","ron_after_omission","Engine","spell_mana_spent_event_context","","The instant-or-sorcery cast trigger and first counter are composable; the same cast event does not expose actual mana spent for the five-mana upgrade.","tricerules/tricerules-cards/src/card_def.rs;tricerules/tricerules-cards/src/primitives;tricerules/tricerules-core/src/engine","https://magic.wizards.com/en/news/feature/secrets-of-strixhaven-release-notes"
"46","SOS-common","6","0b4586ccdace995001b5b86f9b1014f5a728347bd2b12a35157dbe904e33c0fb","5fe99be0-e1ec-485e-82f8-02eba7b82441","5fe99be0-e1ec-485e-82f8-02eba7b82441","24","SOS","Secrets of Strixhaven","common","Owlin Historian","2W","Creature — Bird Cleric","Flying
When this creature enters, surveil 1. (Look at the top card of your library. You may put it into your graveyard.)
Whenever one or more cards leave your graveyard, this creature gets +1/+1 until end of turn.","normal","2","3","W","legal","full_now","composable_ron","Data","","","All sampled rules text is expressible through current card data and shared primitives; no new Rust or wire contract is required.","tricerules/tricerules-cards/src/card_def.rs;tricerules/tricerules-cards/src/primitives;tricerules/tricerules-core/src/engine","https://magic.wizards.com/en/news/feature/secrets-of-strixhaven-release-notes"
"47","SOS-common","7","0fc60d30c63f0cd18d44554e801918eb379bde4d1ce16ba0b00358bdbac5ccd5","376c8b7d-1c90-47e1-bd01-e4c67f3fc4fc","376c8b7d-1c90-47e1-bd01-e4c67f3fc4fc","163","SOS","Secrets of Strixhaven","common","Tenured Concocter","4G","Creature — Troll Druid","Vigilance
Whenever this creature becomes the target of a spell or ability an opponent controls, you may draw a card.
Infusion — This creature gets +2/+0 as long as you gained life this turn.","normal","4","5","G","legal","full_now","composable_ron","Data","","","All sampled rules text is expressible through current card data and shared primitives; no new Rust or wire contract is required.","tricerules/tricerules-cards/src/card_def.rs;tricerules/tricerules-cards/src/primitives;tricerules/tricerules-core/src/engine","https://magic.wizards.com/en/news/feature/secrets-of-strixhaven-release-notes"
"48","SOS-common","8","17751b484b8fb3576fc071c9d4220ca6fb2cdee5a95b989cbdb34335bd1d400e","dc0517ca-b271-49a1-a286-c20f4e5b9309","dc0517ca-b271-49a1-a286-c20f4e5b9309","31","SOS","Secrets of Strixhaven","common","Shattered Acolyte","1W","Creature — Dwarf Warlock","Lifelink
{1}, Sacrifice this creature: Destroy target artifact or enchantment.","normal","2","2","W","legal","full_now","composable_ron","Data","","","All sampled rules text is expressible through current card data and shared primitives; no new Rust or wire contract is required.","tricerules/tricerules-cards/src/card_def.rs;tricerules/tricerules-cards/src/primitives;tricerules/tricerules-core/src/engine","https://magic.wizards.com/en/news/feature/secrets-of-strixhaven-release-notes"
"49","SOS-common","9","17e1afc3a743c9454ffe8dab493d7a9164d5093062a37e4c4f17fe4538a5b363","4ddf4e34-a1f9-4636-942d-0a08e9f94320","4ddf4e34-a1f9-4636-942d-0a08e9f94320","129","SOS","Secrets of Strixhaven","common","Seize the Spoils","2R","Sorcery","As an additional cost to cast this spell, discard a card.
Draw two cards and create a Treasure token. (It's an artifact with ""{T}, Sacrifice this token: Add one mana of any color."")","normal","","","R","legal","full_now","composable_ron","Data","","","All sampled rules text is expressible through current card data and shared primitives; no new Rust or wire contract is required.","tricerules/tricerules-cards/src/card_def.rs;tricerules/tricerules-cards/src/primitives;tricerules/tricerules-core/src/engine","https://magic.wizards.com/en/news/feature/secrets-of-strixhaven-release-notes"
"50","SOS-common","10","1e2a607bb7ad4c40ba6fb522e78488b1367aa436095eaf61fca4e7ce332a8ae6","04fdfabc-c247-4384-a5bb-f49035f8aae0","04fdfabc-c247-4384-a5bb-f49035f8aae0","167","SOS","Secrets of Strixhaven","common","Wild Hypothesis","XG","Sorcery","Create a 0/0 green and blue Fractal creature token. Put X +1/+1 counters on it.
Surveil 2. (Look at the top two cards of your library, then put any number of them into your graveyard and the rest on top of your library in any order.)","normal","","","G","legal","partial_now","ron_after_omission","Engine","token_entry_counters_amount","","Surveil is composable; the created Fractal needs X +1/+1 counters before state-based actions.","tricerules/tricerules-cards/src/card_def.rs;tricerules/tricerules-cards/src/primitives;tricerules/tricerules-core/src/engine","https://magic.wizards.com/en/news/feature/secrets-of-strixhaven-release-notes"
"51","SOS-common","11","2749b2a8904ceebe3a6040cd57804e490bdb05b40d646350055be61edc6a9ed4","9cd1417a-badc-4abd-a8ca-5b31f85c1072","9cd1417a-badc-4abd-a8ca-5b31f85c1072","6","SOS","Secrets of Strixhaven","common","Ajani's Response","4W","Instant","This spell costs {3} less to cast if it targets a tapped creature.
Destroy target creature.","normal","","","W","legal","full_now","composable_ron","Data","","","All sampled rules text is expressible through current card data and shared primitives; no new Rust or wire contract is required.","tricerules/tricerules-cards/src/card_def.rs;tricerules/tricerules-cards/src/primitives;tricerules/tricerules-core/src/engine","https://magic.wizards.com/en/news/feature/secrets-of-strixhaven-release-notes"
"52","SOS-common","12","2c66550aba8d6da267ee0643c0eae0275a80fc2a4e55a79d8ceac57519c4733c","06f9f257-c7ef-44b7-8b2b-f038fba900af","06f9f257-c7ef-44b7-8b2b-f038fba900af","41","SOS","Secrets of Strixhaven","common","Chase Inspiration","U","Instant","Target creature you control gets +0/+3 and gains hexproof until end of turn. (It can't be the target of spells or abilities your opponents control.)","normal","","","U","legal","full_now","composable_ron","Data","","","All sampled rules text is expressible through current card data and shared primitives; no new Rust or wire contract is required.","tricerules/tricerules-cards/src/card_def.rs;tricerules/tricerules-cards/src/primitives;tricerules/tricerules-core/src/engine","https://magic.wizards.com/en/news/feature/secrets-of-strixhaven-release-notes"
"53","SOS-common","13","2d7f0e38d4d9947fba0ea3bfea8cce331d1652df71fd03d51f9bb2cd8fb98652","846a0e79-a530-429e-8f7f-4b87f1b0156e","846a0e79-a530-429e-8f7f-4b87f1b0156e","242","SOS","Secrets of Strixhaven","common","Visionary's Dance","5UR","Sorcery","Create two 3/3 blue and red Elemental creature tokens with flying.
{2}, Discard this card: Look at the top two cards of your library. Put one of them into your hand and the other into your graveyard.","normal","","","UR","legal","partial_now","ron_after_omission","Engine","hand_activated_split_destination","","Token creation is composable; the hand-zone discard ability needs one looked-at card to hand and the other to graveyard.","tricerules/tricerules-cards/src/card_def.rs;tricerules/tricerules-cards/src/primitives;tricerules/tricerules-core/src/engine","https://magic.wizards.com/en/news/feature/secrets-of-strixhaven-release-notes"
"54","SOS-common","14","319a5ebd6e0c9422102f55177ca435b7e4c4f1cdb0bf5a080e5e40e9714bbd83","afe61957-a9bb-42b0-98e8-b5fa418cbaff","afe61957-a9bb-42b0-98e8-b5fa418cbaff","128","SOS","Secrets of Strixhaven","common","Rubble Rouser","2R","Creature — Dwarf Sorcerer","When this creature enters, you may discard a card. If you do, draw a card.
{T}, Exile a card from your graveyard: Add {R}. When you do, this creature deals 1 damage to each opponent.","normal","1","4","R","legal","partial_now","ron_after_omission","Engine","composite_mana_ability","","The ETB rummage is composable; the engine recognizes mana abilities only when ProduceMana is the sole effect, excluding the reflexive damage rider.","tricerules/tricerules-cards/src/card_def.rs;tricerules/tricerules-cards/src/primitives;tricerules/tricerules-core/src/engine","https://magic.wizards.com/en/news/feature/secrets-of-strixhaven-release-notes"
"55","SOS-common","15","3481a04c8aca21925f532c44612f768289e9a4e5bd5b8abc83415de7ca08e95f","79b9ace7-eceb-4f97-9ee7-d5ee3e0b3515","79b9ace7-eceb-4f97-9ee7-d5ee3e0b3515","144","SOS","Secrets of Strixhaven","common","Efflorescence","2G","Instant","Put two +1/+1 counters on target creature.
Infusion — If you gained life this turn, that creature also gains trample and indestructible until end of turn.","normal","","","G","legal","full_now","composable_ron","Data","","","All sampled rules text is expressible through current card data and shared primitives; no new Rust or wire contract is required.","tricerules/tricerules-cards/src/card_def.rs;tricerules/tricerules-cards/src/primitives;tricerules/tricerules-core/src/engine","https://magic.wizards.com/en/news/feature/secrets-of-strixhaven-release-notes"
"56","SOS-common","16","35b29ec067d40b049869b0964ccbc0c587deddcb852ad101f1a20ad5f7180c88","8c6fecfd-8241-4cf0-b1eb-19472b99e0ed","8c6fecfd-8241-4cf0-b1eb-19472b99e0ed","250","SOS","Secrets of Strixhaven","common","Page, Loose Leaf","2","Legendary Artifact Creature — Construct","{T}: Add {C}.
Grandeur — Discard another card named Page, Loose Leaf: Reveal cards from the top of your library until you reveal an instant or sorcery card. Put that card into your hand and the rest on the bottom of your library in a random order.","normal","0","2","","legal","blocked","shared_capability_required","Engine","grandeur_filtered_discard","reveal_until","Grandeur needs a same-name other-card discard and reveal-until processing; the mana ability alone is insufficient.","tricerules/tricerules-cards/src/card_def.rs;tricerules/tricerules-cards/src/primitives;tricerules/tricerules-core/src/engine","https://magic.wizards.com/en/news/feature/secrets-of-strixhaven-release-notes"
"57","SOS-common","17","36b99de97534293e51e1d77b2d7fe42ed3e379a2e22981c307c2a03d50fc5686","95d5b0a8-2b66-418e-9e5e-ecf7b304c31e","95d5b0a8-2b66-418e-9e5e-ecf7b304c31e","141","SOS","Secrets of Strixhaven","common","Burrog Barrage","1G","Instant","Target creature you control gets +1/+0 until end of turn if you've cast another instant or sorcery spell this turn. Then it deals damage equal to its power to up to one target creature an opponent controls.","normal","","","G","legal","full_now","composable_ron","Data","","","All sampled rules text is expressible through current card data and shared primitives; no new Rust or wire contract is required.","tricerules/tricerules-cards/src/card_def.rs;tricerules/tricerules-cards/src/primitives;tricerules/tricerules-core/src/engine","https://magic.wizards.com/en/news/feature/secrets-of-strixhaven-release-notes"
"58","SOS-common","18","3754cdc3bf265c913b47d65f6edc2534283c7cf14b77f392f09c5259059053d0","030b1272-5990-4bc9-8fc1-82cc05602060","030b1272-5990-4bc9-8fc1-82cc05602060","151","SOS","Secrets of Strixhaven","common","Hungry Graffalon","3G","Creature — Giraffe","Reach
Increment (Whenever you cast a spell, if the amount of mana you spent is greater than this creature's power or toughness, put a +1/+1 counter on this creature.)","normal","3","4","G","legal","blocked","shared_capability_required","Engine","spell_mana_spent_event_context","","Increment compares actual spell spending with live source power or toughness; reach alone is insufficient.","tricerules/tricerules-cards/src/card_def.rs;tricerules/tricerules-cards/src/primitives;tricerules/tricerules-core/src/engine","https://magic.wizards.com/en/news/feature/secrets-of-strixhaven-release-notes"
"59","SOS-common","19","37695bbcaa0f0432ff6e0b2b941c41f374b7f1e88bbd21992dad18a8e33288c2","2970683e-e69c-42cb-a067-34abd56fb42b","2970683e-e69c-42cb-a067-34abd56fb42b","12","SOS","Secrets of Strixhaven","common","Elite Interceptor // Rejoinder","W // 1W","Creature — Human Wizard // Sorcery","This creature enters prepared. (While it's prepared, you may cast a copy of its spell. Doing so unprepares it.)

---

You may tap or untap target creature.
Draw a card.","prepare","1","2","W","legal","blocked","shared_capability_required","Engine","prepared","","Preparation state and casting a copy of the inset spell are not modeled.","tricerules/tricerules-cards/src/card_def.rs;tricerules/tricerules-cards/src/primitives;tricerules/tricerules-core/src/engine","https://magic.wizards.com/en/news/feature/secrets-of-strixhaven-release-notes"
"60","SOS-common","20","444266da9cf1d1bc1512b43e14b895bc701a9516c45439747e3f7d352d61bbc3","3dc7a4c3-c356-4fba-bea0-e8788da3eb57","3dc7a4c3-c356-4fba-bea0-e8788da3eb57","255","SOS","Secrets of Strixhaven","common","Fields of Strife","","Land","This land enters tapped.
{T}: Add {R} or {W}.
{2}{R}{W}, {T}: Surveil 1. (Look at the top card of your library. You may put it into your graveyard.)","normal","","","","legal","full_now","composable_ron","Data","","","All sampled rules text is expressible through current card data and shared primitives; no new Rust or wire contract is required.","tricerules/tricerules-cards/src/card_def.rs;tricerules/tricerules-cards/src/primitives;tricerules/tricerules-core/src/engine","https://magic.wizards.com/en/news/feature/secrets-of-strixhaven-release-notes"
"61","SOS-uncommon","1","012f67fca6e3c0ef03864eba39a7090700533882524073d242ccc78ab4407acb","62a47835-5719-48c4-a740-a0c5f00dce11","62a47835-5719-48c4-a740-a0c5f00dce11","27","SOS","Secrets of Strixhaven","uncommon","Quill-Blade Laureate // Twofold Intent","1W","Creature — Human Cleric // Sorcery","Double strike
This creature enters prepared. (While it's prepared, you may cast a copy of its spell. Doing so unprepares it.)

---

Target creature gets +1/+0 and gains double strike until end of turn.","prepare","1","1","W","legal","blocked","shared_capability_required","Engine","prepared","","Preparation state and casting the inset spell copy are the substantive behavior.","tricerules/tricerules-cards/src/card_def.rs;tricerules/tricerules-cards/src/primitives;tricerules/tricerules-core/src/engine","https://magic.wizards.com/en/news/feature/secrets-of-strixhaven-release-notes"
"62","SOS-uncommon","2","028321d8bee207b41e03a9a3833a36ddac8f1c1133cf43719a3f8b7209894cf5","f2bf6b36-43e4-49d9-98b2-cbb4304c248b","f2bf6b36-43e4-49d9-98b2-cbb4304c248b","147","SOS","Secrets of Strixhaven","uncommon","Environmental Scientist","1G","Creature — Human Druid","When this creature enters, you may search your library for a basic land card, reveal it, put it into your hand, then shuffle.","normal","2","2","G","legal","full_now","composable_ron","Data","","","All sampled rules text is expressible through current card data and shared primitives; no new Rust or wire contract is required.","tricerules/tricerules-cards/src/card_def.rs;tricerules/tricerules-cards/src/primitives;tricerules/tricerules-core/src/engine","https://magic.wizards.com/en/news/feature/secrets-of-strixhaven-release-notes"
"63","SOS-uncommon","3","034e9563bd26fe25764f9a5ca6453b316c12eab88e1ec1592e370374f0ff6e92","bce9d933-be58-4301-beb4-07b04d0b69f0","bce9d933-be58-4301-beb4-07b04d0b69f0","108","SOS","Secrets of Strixhaven","uncommon","Artistic Process","3RR","Sorcery","Choose one —
• Artistic Process deals 6 damage to target creature.
• Artistic Process deals 2 damage to each creature you don't control.
• Create a 3/3 blue and red Elemental creature token with flying. It gains haste until end of turn.","normal","","","R","legal","full_now","composable_ron","Data","","","All sampled rules text is expressible through current card data and shared primitives; no new Rust or wire contract is required.","tricerules/tricerules-cards/src/card_def.rs;tricerules/tricerules-cards/src/primitives;tricerules/tricerules-core/src/engine","https://magic.wizards.com/en/news/feature/secrets-of-strixhaven-release-notes"
"64","SOS-uncommon","4","0525b19882a963bbd429eb443aa25e1448a131f391d22feec409fb99ff130c5d","26295e25-f1bf-4665-ba00-dad35c49bbc2","26295e25-f1bf-4665-ba00-dad35c49bbc2","43","SOS","Secrets of Strixhaven","uncommon","Divergent Equation","XXU","Instant","Return up to X target instant and/or sorcery cards from your graveyard to your hand.
Exile Divergent Equation.","normal","","","U","legal","blocked","shared_capability_required","Engine","x_target_cardinality","","The graveyard move exists, but target cardinality cannot be bound to the chosen X.","tricerules/tricerules-cards/src/card_def.rs;tricerules/tricerules-cards/src/primitives;tricerules/tricerules-core/src/engine","https://magic.wizards.com/en/news/feature/secrets-of-strixhaven-release-notes"
"65","SOS-uncommon","5","05a77d19eca68a65c3ffdbcb6ddd55f0c48ab1843537ca3d5d589425ebee486f","67504a12-7414-4209-bf1c-624b4db19d52","67504a12-7414-4209-bf1c-624b4db19d52","84","SOS","Secrets of Strixhaven","uncommon","Forum Necroscribe","5B","Creature — Troll Warlock","Ward—Discard a card.
Repartee — Whenever you cast an instant or sorcery spell that targets a creature, return target creature card from your graveyard to the battlefield.","normal","5","4","B","legal","blocked","shared_capability_required","Engine","cast_targets_creature_trigger","","Ward is expressible, but Repartee requires one cast event filtered by whether that spell targets a creature.","tricerules/tricerules-cards/src/card_def.rs;tricerules/tricerules-cards/src/primitives;tricerules/tricerules-core/src/engine","https://magic.wizards.com/en/news/feature/secrets-of-strixhaven-release-notes"
"66","SOS-uncommon","6","07928cb97d3a87c9ec34bc717e741dca66f52a3d8368f4a3276c12e8f4480dc0","2028792c-fd60-40d4-bff7-3b82dbe1ffb5","2028792c-fd60-40d4-bff7-3b82dbe1ffb5","121","SOS","Secrets of Strixhaven","uncommon","Living History","1R","Enchantment","When this enchantment enters, create a 2/2 red and white Spirit creature token.
Whenever you attack, if a card left your graveyard this turn, target attacking creature gets +2/+0 until end of turn.","normal","","","R","legal","partial_now","ron_after_omission","Engine","cards_left_graveyard_turn_condition","","The ETB Spirit is composable; the attack trigger needs a committed cards-left-graveyard turn fact.","tricerules/tricerules-cards/src/card_def.rs;tricerules/tricerules-cards/src/primitives;tricerules/tricerules-core/src/engine","https://magic.wizards.com/en/news/feature/secrets-of-strixhaven-release-notes"
"67","SOS-uncommon","7","0ab288536fa5412450778f111121627ed6506167e561d86e49ea2407188d4da7","6e4a1f82-b0b1-4608-91f8-130bee731435","6e4a1f82-b0b1-4608-91f8-130bee731435","53","SOS","Secrets of Strixhaven","uncommon","Homesickness","4UU","Instant","Target player draws two cards. Tap up to two target creatures. Put a stun counter on each of them. (If a permanent with a stun counter would become untapped, remove one from it instead.)","normal","","","U","legal","full_now","composable_ron","Data","","","All sampled rules text is expressible through current card data and shared primitives; no new Rust or wire contract is required.","tricerules/tricerules-cards/src/card_def.rs;tricerules/tricerules-cards/src/primitives;tricerules/tricerules-core/src/engine","https://magic.wizards.com/en/news/feature/secrets-of-strixhaven-release-notes"
"68","SOS-uncommon","8","0b37d102bb85dab13dbeff9f1507d75ba6c22137597b1b7f4504ddbebfa49e38","b127d543-0a90-4af6-9410-94d5cd30389e","b127d543-0a90-4af6-9410-94d5cd30389e","213","SOS","Secrets of Strixhaven","uncommon","Proctor's Gaze","2GU","Instant","Return up to one target nonland permanent to its owner's hand. Search your library for a basic land card, put it onto the battlefield tapped, then shuffle.","normal","","","UG","legal","full_now","composable_ron","Data","","","All sampled rules text is expressible through current card data and shared primitives; no new Rust or wire contract is required.","tricerules/tricerules-cards/src/card_def.rs;tricerules/tricerules-cards/src/primitives;tricerules/tricerules-core/src/engine","https://magic.wizards.com/en/news/feature/secrets-of-strixhaven-release-notes"
"69","SOS-uncommon","9","0f808096303a40f5e9bd254467fe5f3e7f12e02e723e9996a1ff50ac23c9ec63","d7cb1af2-0302-46ff-8303-ae9d07541a01","d7cb1af2-0302-46ff-8303-ae9d07541a01","208","SOS","Secrets of Strixhaven","uncommon","Paradox Surveyor","G{G/U}U","Creature — Elf Druid","Reach
When this creature enters, look at the top five cards of your library. You may reveal a land card or a card with {X} in its mana cost from among them and put it into your hand. Put the rest on the bottom of your library in a random order.","normal","3","3","UG","legal","blocked","shared_capability_required","Engine","zone_filter_mana_cost_x","","The top-five selection cannot filter for a land or a printed mana cost containing X.","tricerules/tricerules-cards/src/card_def.rs;tricerules/tricerules-cards/src/primitives;tricerules/tricerules-core/src/engine","https://magic.wizards.com/en/news/feature/secrets-of-strixhaven-release-notes"
"70","SOS-uncommon","10","125bab6e96f97d2ad3c94c5982151f5356449b05c804be5191db95e8e8ba7d7b","911442e3-3003-4683-a766-e791e9553667","911442e3-3003-4683-a766-e791e9553667","152","SOS","Secrets of Strixhaven","uncommon","Infirmary Healer // Stream of Life","1G // XG","Creature — Cat Cleric // Sorcery","This creature enters prepared. (While it's prepared, you may cast a copy of its spell. Doing so unprepares it.)

---

Target player gains X life.","prepare","2","3","G","legal","blocked","shared_capability_required","Engine","prepared","","Preparation state and casting the X-life spell copy are not modeled.","tricerules/tricerules-cards/src/card_def.rs;tricerules/tricerules-cards/src/primitives;tricerules/tricerules-core/src/engine","https://magic.wizards.com/en/news/feature/secrets-of-strixhaven-release-notes"
"71","SOS-uncommon","11","128ff717efe99222bf7d009da5c5582aea546644a036bc63dcfb7c37e8fddb87","1675a445-86ae-413b-b95a-a1c254a7f252","1675a445-86ae-413b-b95a-a1c254a7f252","193","SOS","Secrets of Strixhaven","uncommon","Growth Curve","GU","Sorcery","Put a +1/+1 counter on target creature you control, then double the number of +1/+1 counters on that creature.","normal","","","UG","legal","partial_now","ron_after_omission","Engine","double_counters","","The initial +1/+1 counter is composable; doubling the current +1/+1 counters on the target is not.","tricerules/tricerules-cards/src/card_def.rs;tricerules/tricerules-cards/src/primitives;tricerules/tricerules-core/src/engine","https://magic.wizards.com/en/news/feature/secrets-of-strixhaven-release-notes"
"72","SOS-uncommon","12","13ac25c4d005bcf39989a325f2f796f6c695e51a150ed386139be02419edae14","47d6093b-b1b6-4956-8bfd-02cce899f832","47d6093b-b1b6-4956-8bfd-02cce899f832","49","SOS","Secrets of Strixhaven","uncommon","Flow State","1U","Sorcery","Look at the top three cards of your library. Put one of them into your hand and the rest on the bottom of your library in any order. If there is an instant card and a sorcery card in your graveyard, instead put two of them into your hand and the rest on the bottom of your library in any order.","normal","","","U","legal","blocked","shared_capability_required","Engine","look_choose_multiple","","The engine lacks a private top-three choose-one-or-two-to-hand operation with the instant-and-sorcery graveyard condition.","tricerules/tricerules-cards/src/card_def.rs;tricerules/tricerules-cards/src/primitives;tricerules/tricerules-core/src/engine","https://magic.wizards.com/en/news/feature/secrets-of-strixhaven-release-notes"
"73","SOS-uncommon","13","1d296e54ca2300d821d32b944c0cb1f227570eb3d2501ad5579e2e80653d1083","8f6c2a5e-fe13-407c-aadd-c9caf2884ff1","8f6c2a5e-fe13-407c-aadd-c9caf2884ff1","211","SOS","Secrets of Strixhaven","uncommon","Prismari Charm","UR","Instant","Choose one —
• Surveil 2, then draw a card.
• Prismari Charm deals 1 damage to each of one or two targets.
• Return target nonland permanent to its owner's hand.","normal","","","UR","legal","partial_now","ron_after_omission","Engine","damage_each_multiple_targets","","The surveil/draw and bounce modes are composable; dealing one to each of one or two targets is not a divided-damage instruction.","tricerules/tricerules-cards/src/card_def.rs;tricerules/tricerules-cards/src/primitives;tricerules/tricerules-core/src/engine","https://magic.wizards.com/en/news/feature/secrets-of-strixhaven-release-notes"
"74","SOS-uncommon","14","1d6bd4ddf5dd64a3395092913b25be7b596f375fd6b5929bad9174e07ee8b668","ddbf1242-6832-475e-9a77-65dd9b4bb32a","ddbf1242-6832-475e-9a77-65dd9b4bb32a","79","SOS","Secrets of Strixhaven","uncommon","Dissection Practice","B","Instant","Target opponent loses 1 life and you gain 1 life.
Up to one target creature gets +1/+1 until end of turn.
Up to one target creature gets -1/-1 until end of turn.","normal","","","B","legal","full_now","composable_ron","Data","","","All sampled rules text is expressible through current card data and shared primitives; no new Rust or wire contract is required.","tricerules/tricerules-cards/src/card_def.rs;tricerules/tricerules-cards/src/primitives;tricerules/tricerules-core/src/engine","https://magic.wizards.com/en/news/feature/secrets-of-strixhaven-release-notes"
"75","SOS-uncommon","15","1e47ec866a5c5be6fdedc13baa9ac18d7caf92981daf3460b54c3f2cba87a9a6","318486e0-f255-40f5-8150-dc272eec9d7d","318486e0-f255-40f5-8150-dc272eec9d7d","217","SOS","Secrets of Strixhaven","uncommon","Quandrix Charm","GU","Instant","Choose one —
• Counter target spell unless its controller pays {2}.
• Destroy target enchantment.
• Target creature has base power and toughness 5/5 until end of turn.","normal","","","UG","legal","partial_now","ron_after_omission","Engine","animation","","The counter and enchantment-destruction modes are composable; one-shot base 5/5 setting is absent.","tricerules/tricerules-cards/src/card_def.rs;tricerules/tricerules-cards/src/primitives;tricerules/tricerules-core/src/engine","https://magic.wizards.com/en/news/feature/secrets-of-strixhaven-release-notes"
"76","SOS-uncommon","16","1ee2f2391d875f85144942eac8150d1accf9ceb898fdb9c7ddab6300aef5c569","bbd708ec-eef4-4f45-99dd-60e1cec4b991","bbd708ec-eef4-4f45-99dd-60e1cec4b991","69","SOS","Secrets of Strixhaven","uncommon","Tester of the Tangential","1U","Creature — Djinn Wizard","Increment (Whenever you cast a spell, if the amount of mana you spent is greater than this creature's power or toughness, put a +1/+1 counter on this creature.)
At the beginning of combat on your turn, you may pay {X}. When you do, move X +1/+1 counters from this creature onto another target creature.","normal","1","1","U","legal","blocked","shared_capability_required","Engine","spell_mana_spent_event_context","counter_transfer","Increment needs cast spending context, and the activated ability needs an X-sized live counter transfer.","tricerules/tricerules-cards/src/card_def.rs;tricerules/tricerules-cards/src/primitives;tricerules/tricerules-core/src/engine","https://magic.wizards.com/en/news/feature/secrets-of-strixhaven-release-notes"
"77","SOS-uncommon","17","211f8840a5167fb3b0ce8f0284cc53a27e9301ae21e776f85bca96d2680b9e2b","6168b472-0930-4db5-9920-407340b99050","6168b472-0930-4db5-9920-407340b99050","74","SOS","Secrets of Strixhaven","uncommon","Arnyn, Deathbloom Botanist","2B","Legendary Creature — Vampire Druid","Deathtouch
Whenever a creature you control with power or toughness 1 or less dies, target opponent loses 2 life and you gain 2 life.","normal","2","2","B","legal","blocked","shared_capability_required","Engine","death_filter_toughness_or","","The death observer cannot express power 1 or less OR toughness 1 or less; deathtouch alone is insufficient.","tricerules/tricerules-cards/src/card_def.rs;tricerules/tricerules-cards/src/primitives;tricerules/tricerules-core/src/engine","https://magic.wizards.com/en/news/feature/secrets-of-strixhaven-release-notes"
"78","SOS-uncommon","18","243ffbefeb812375079018d568c88475b3e9f7a04f44c49f3d52044bafd35838","151eab82-d20f-433b-b3bb-1d44e2871d5c","151eab82-d20f-433b-b3bb-1d44e2871d5c","39","SOS","Secrets of Strixhaven","uncommon","Brush Off","2UU","Instant","This spell costs {1}{U} less to cast if it targets an instant or sorcery spell.
Counter target spell.","normal","","","U","legal","partial_now","ron_after_omission","Engine","stack_target_cost_modifier","","Countering the spell is composable; cost reduction based on the targeted stack spell being instant or sorcery is not.","tricerules/tricerules-cards/src/card_def.rs;tricerules/tricerules-cards/src/primitives;tricerules/tricerules-core/src/engine","https://magic.wizards.com/en/news/feature/secrets-of-strixhaven-release-notes"
"79","SOS-uncommon","19","2af40eefa7e5cac8bbaa396cdc5a598f0c8d8167ca3e80b0d628124014dab636","db1cea01-123e-4b23-8b98-f94cabce3912","db1cea01-123e-4b23-8b98-f94cabce3912","16","SOS","Secrets of Strixhaven","uncommon","Graduation Day","W","Enchantment","Repartee — Whenever you cast an instant or sorcery spell that targets a creature, put a +1/+1 counter on target creature you control.","normal","","","W","legal","blocked","shared_capability_required","Engine","cast_targets_creature_trigger","","Repartee requires one cast event filtered by whether the spell targets a creature.","tricerules/tricerules-cards/src/card_def.rs;tricerules/tricerules-cards/src/primitives;tricerules/tricerules-core/src/engine","https://magic.wizards.com/en/news/feature/secrets-of-strixhaven-release-notes"
"80","SOS-uncommon","20","2d6f158d0eef198f61894ded042bc8a26488e4ed620629bc24f5791d6b65b41c","c2faf4cf-c4b6-4721-ac06-0e045dd9704a","c2faf4cf-c4b6-4721-ac06-0e045dd9704a","126","SOS","Secrets of Strixhaven","uncommon","Pigment Wrangler // Striking Palette","4R // R","Creature — Orc Sorcerer // Sorcery","Flying
This creature enters prepared. (While it's prepared, you may cast a copy of its spell. Doing so unprepares it.)

---

When you next cast an instant or sorcery spell this turn, copy that spell. You may choose new targets for the copy.","prepare","4","4","R","legal","blocked","shared_capability_required","Engine","prepared","copy_next_spell","Preparation state is absent, as is a delayed permission to copy the next instant or sorcery cast this turn.","tricerules/tricerules-cards/src/card_def.rs;tricerules/tricerules-cards/src/primitives;tricerules/tricerules-core/src/engine","https://magic.wizards.com/en/news/feature/secrets-of-strixhaven-release-notes"
"81","MSH-common","1","011d85dc4e0e9534e70d9fe7c315f9a71d1ea8f9fbe77b139b0bce517a642bd2","50a6aa80-79a3-46f3-9cc1-5bf663b64976","50a6aa80-79a3-46f3-9cc1-5bf663b64976","134","MSH","Marvel Super Heroes","common","Hire a Crew","2R","Instant","Create a 2/1 black Villain creature token with menace, then creatures you control get +1/+0 until end of turn. (A creature with menace can't be blocked except by two or more creatures.)","normal","","","R","legal","full_now","composable_ron","Data","","","All sampled rules text is expressible through current card data and shared primitives; no new Rust or wire contract is required.","tricerules/tricerules-cards/src/card_def.rs;tricerules/tricerules-cards/src/primitives;tricerules/tricerules-core/src/engine","https://magic.wizards.com/en/news/feature/marvel-super-heroes-release-notes"
"82","MSH-common","2","0146eeaf9c34cb9206dc116ad3e1ce16bf9dbd04578eb550e6dc432f2624cab6","5c21a120-4ec7-46ec-974a-2204edb92abb","5c21a120-4ec7-46ec-974a-2204edb92abb","109","MSH","Marvel Super Heroes","common","Project Deathlok Soldier","B","Artifact Creature — Zombie Soldier","{2}{B}: Return this card from your graveyard to your hand.","normal","1","2","B","legal","full_now","composable_ron","Data","","","All sampled rules text is expressible through current card data and shared primitives; no new Rust or wire contract is required.","tricerules/tricerules-cards/src/card_def.rs;tricerules/tricerules-cards/src/primitives;tricerules/tricerules-core/src/engine","https://magic.wizards.com/en/news/feature/marvel-super-heroes-release-notes"
"83","MSH-common","3","04e13c0983de85b41f25a95f6e0fb7d7efef78f89a309b780fe9e29af8ed631e","4b12dc1f-2218-4c71-aafa-ea6a26eeb0aa","4b12dc1f-2218-4c71-aafa-ea6a26eeb0aa","40","MSH","Marvel Super Heroes","common","Wakandan Drone Flock","3W","Artifact Creature — Robot","Flying
When this creature enters, scry 2. (Look at the top two cards of your library, then put any number of them on the bottom and the rest on top in any order.)","normal","3","3","W","legal","full_now","composable_ron","Data","","","All sampled rules text is expressible through current card data and shared primitives; no new Rust or wire contract is required.","tricerules/tricerules-cards/src/card_def.rs;tricerules/tricerules-cards/src/primitives;tricerules/tricerules-core/src/engine","https://magic.wizards.com/en/news/feature/marvel-super-heroes-release-notes"
"84","MSH-common","4","05846e563ccda74c49cc3ba1127d8f4dab1184c362bdac687b96ee98d5435e43","98df64ca-39c3-47e6-8143-4106c8e9cf59","98df64ca-39c3-47e6-8143-4106c8e9cf59","24","MSH","Marvel Super Heroes","common","Murdock's Crusade","1W","Sorcery","Teamwork 4 (As an additional cost to cast this spell, you may tap any number of creatures you control with total power 4 or more.)
Choose one. If this spell was cast using teamwork, choose both instead.
• Street Justice — Exile target creature with toughness 4 or greater.
• Legal Justice — Exile target enchantment with mana value 4 or greater.","normal","","","W","legal","partial_now","ron_after_omission","Engine","teamwork","","The ordinary choose-one spell is composable; the optional aggregate Teamwork payment and choose-both receipt are absent.","tricerules/tricerules-cards/src/card_def.rs;tricerules/tricerules-cards/src/primitives;tricerules/tricerules-core/src/engine","https://magic.wizards.com/en/news/feature/marvel-super-heroes-release-notes"
"85","MSH-common","5","071dfe6d964c503b8b05eee558838cca08f2f62b7302fbbe718dafc38befebf4","06d8a2a0-775b-4813-973f-8b15612b38d1","06d8a2a0-775b-4813-973f-8b15612b38d1","57","MSH","Marvel Super Heroes","common","Hydraulic Helper","1U","Artifact Creature — Robot","Defender
{T}: Add {U}. This mana can't be spent to cast a nonartifact spell.","normal","2","3","U","legal","partial_now","ron_after_omission","Engine","restricted_mana_ability_any","","Artifact-spell spending is expressible, but the mana must also remain available to activate any ability.","tricerules/tricerules-cards/src/card_def.rs;tricerules/tricerules-cards/src/primitives;tricerules/tricerules-core/src/engine","https://magic.wizards.com/en/news/feature/marvel-super-heroes-release-notes"
"86","MSH-common","6","07aadd0237b2b530a5c197cef93490c79d3ae5227d3032138d3cf79ec05b4f9a","c4bc077c-f220-47a5-aaf4-5324ca23d0c5","c4bc077c-f220-47a5-aaf4-5324ca23d0c5","126","MSH","Marvel Super Heroes","common","Crimson Operative","3R","Artifact Creature — Human Villain","Prowess (Whenever you cast a noncreature spell, this creature gets +1/+1 until end of turn.)
When this creature enters, exile the top card of your library. Until the end of your next turn, you may play that card.","normal","3","2","R","legal","full_now","composable_ron","Data","","","All sampled rules text is expressible through current card data and shared primitives; no new Rust or wire contract is required.","tricerules/tricerules-cards/src/card_def.rs;tricerules/tricerules-cards/src/primitives;tricerules/tricerules-core/src/engine","https://magic.wizards.com/en/news/feature/marvel-super-heroes-release-notes"
"87","MSH-common","7","0922b96f3bc279730f294200a67123b8276a0425fc48a2e69c3ec7ab0539b1b1","da529bb3-725b-41aa-ac34-b4117ff5d95b","da529bb3-725b-41aa-ac34-b4117ff5d95b","56","MSH","Marvel Super Heroes","common","Giant-Sized Flying Ant","3U","Creature — Insect","Flash
Flying
When this creature enters, choose one —
• Tap target nonland permanent.
• Untap target nonland permanent.","normal","3","2","U","legal","full_now","composable_ron","Data","","","All sampled rules text is expressible through current card data and shared primitives; no new Rust or wire contract is required.","tricerules/tricerules-cards/src/card_def.rs;tricerules/tricerules-cards/src/primitives;tricerules/tricerules-core/src/engine","https://magic.wizards.com/en/news/feature/marvel-super-heroes-release-notes"
"88","MSH-common","8","0f2d813dee51a6d869c6bb7e0944c4eed0db21dc9928fbbdbe97454dca8b54eb","bb753ac8-67e1-44b0-b404-37f04c2b7438","bb753ac8-67e1-44b0-b404-37f04c2b7438","7","MSH","Marvel Super Heroes","common","Borough Backup","4W","Sorcery","Create two 3/2 white Hero creature tokens with vigilance.
Basic landcycling {2} ({2}, Discard this card: Search your library for a basic land card, reveal it, put it into your hand, then shuffle.)","normal","","","W","legal","full_now","composable_ron","Data","","","All sampled rules text is expressible through current card data and shared primitives; no new Rust or wire contract is required.","tricerules/tricerules-cards/src/card_def.rs;tricerules/tricerules-cards/src/primitives;tricerules/tricerules-core/src/engine","https://magic.wizards.com/en/news/feature/marvel-super-heroes-release-notes"
"89","MSH-common","9","1180992051d4c7c980f556b4fd06cd32e70a1a3fd099cecd870df8b55d4aaf98","ba5e441d-d036-4080-9571-6cf76df7b452","ba5e441d-d036-4080-9571-6cf76df7b452","141","MSH","Marvel Super Heroes","common","Kree Sentinel","4R","Artifact Creature — Kree Robot Villain","Reach
Basic landcycling {2} ({2}, Discard this card: Search your library for a basic land card, reveal it, put it into your hand, then shuffle.)","normal","5","5","R","legal","full_now","composable_ron","Data","","","All sampled rules text is expressible through current card data and shared primitives; no new Rust or wire contract is required.","tricerules/tricerules-cards/src/card_def.rs;tricerules/tricerules-cards/src/primitives;tricerules/tricerules-core/src/engine","https://magic.wizards.com/en/news/feature/marvel-super-heroes-release-notes"
"90","MSH-common","10","128ea78111b00f300f67b72d430f65cfb64f59311daf163b016d211b037a9369","ab96b656-100e-491a-a8c9-94dbb9482c4d","ab96b656-100e-491a-a8c9-94dbb9482c4d","44","MSH","Marvel Super Heroes","common","A.I.M. Scientists","3U","Creature — Human Scientist Villain","When this creature enters, it connives. (Draw a card, then discard a card. If you discarded a nonland card, put a +1/+1 counter on this creature.)
Basic landcycling {2} ({2}, Discard this card: Search your library for a basic land card, reveal it, put it into your hand, then shuffle.)","normal","3","3","U","legal","full_now","composable_ron","Data","","","All sampled rules text is expressible through current card data and shared primitives; no new Rust or wire contract is required.","tricerules/tricerules-cards/src/card_def.rs;tricerules/tricerules-cards/src/primitives;tricerules/tricerules-core/src/engine","https://magic.wizards.com/en/news/feature/marvel-super-heroes-release-notes"
"91","MSH-common","11","12ab0bab64c092c42e1eaad8fc4a27dec677302815fff99fb64aa5f1f449b387","e3b23fff-7d3b-4341-b556-82136f8c113b","e3b23fff-7d3b-4341-b556-82136f8c113b","137","MSH","Marvel Super Heroes","common","HYDRA Assault Robot","1R","Artifact Creature — Robot Villain","Whenever another Villain and/or artifact you control enters, this creature deals 1 damage to target opponent.","normal","1","3","R","legal","full_now","composable_ron","Data","","","All sampled rules text is expressible through current card data and shared primitives; no new Rust or wire contract is required.","tricerules/tricerules-cards/src/card_def.rs;tricerules/tricerules-cards/src/primitives;tricerules/tricerules-core/src/engine","https://magic.wizards.com/en/news/feature/marvel-super-heroes-release-notes"
"92","MSH-common","12","1a5f7ec2d822be563f49e41a0bd3e9fa37173b58b98e0784f082765075c22984","d7ebfe43-1772-4557-bad5-e170e8270d21","d7ebfe43-1772-4557-bad5-e170e8270d21","348","MSH","Marvel Super Heroes","common","Take Up the Shield","1W","Instant","Put a +1/+1 counter on target creature. It gains lifelink and indestructible until end of turn. (Damage and effects that say ""destroy"" don't destroy it.)","normal","","","W","legal","full_now","composable_ron","Data","","","All sampled rules text is expressible through current card data and shared primitives; no new Rust or wire contract is required.","tricerules/tricerules-cards/src/card_def.rs;tricerules/tricerules-cards/src/primitives;tricerules/tricerules-core/src/engine","https://magic.wizards.com/en/news/feature/marvel-super-heroes-release-notes"
"93","MSH-common","13","1af0300505c5ce2dcaff3fbce8872976cb4c2607a1cdd37b663b6a6fa2e54c32","6b8116d8-2cc6-449b-a8b4-8a5166553497","6b8116d8-2cc6-449b-a8b4-8a5166553497","108","MSH","Marvel Super Heroes","common","Ninja of the Hand","2B","Creature — Human Ninja Villain","Deathtouch
Power-up — {4}{B}: Each opponent discards a card. Put a +1/+1 counter on this creature. (Activate each power-up ability only once. Reduce the cost by its mana cost if it entered this turn.)","normal","2","2","B","legal","partial_now","ron_after_omission","Engine","power_up","","The activation effect and per-object cap are available; entered-this-turn mana-value cost reduction is absent.","tricerules/tricerules-cards/src/card_def.rs;tricerules/tricerules-cards/src/primitives;tricerules/tricerules-core/src/engine","https://magic.wizards.com/en/news/feature/marvel-super-heroes-release-notes"
"94","MSH-common","14","1bf0b8aef11920d278ecd5f8b9f72fd944d64a3f3c390b69eb37f5a9dab0a273","de1ed886-c33b-4cfd-8442-944cec654a8b","de1ed886-c33b-4cfd-8442-944cec654a8b","162","MSH","Marvel Super Heroes","common","Call Damage Control","1G","Sorcery","Choose up to two. Return those cards from your graveyard to your hand.
• Target artifact card.
• Target creature card.
• Target enchantment card.
• Target land card.","normal","","","G","legal","partial_now","ron_after_omission","Engine","optional_modal_zero","","Returning one or two distinct card-type choices is composable; the modal schema cannot publish the rules-legal zero-mode choice.","tricerules/tricerules-cards/src/card_def.rs;tricerules/tricerules-cards/src/primitives;tricerules/tricerules-core/src/engine","https://magic.wizards.com/en/news/feature/marvel-super-heroes-release-notes"
"95","MSH-common","15","1c5dd0a24da57f7a3a0f00f0ec18e2a461bd536fe5d26c98643d6afaeb1b16a6","1de583ce-e805-45f1-907f-198bc82fd3b5","1de583ce-e805-45f1-907f-198bc82fd3b5","271","MSH","Marvel Super Heroes","common","Pym Technologies","","Land","This land enters tapped.
When this land enters, you gain 1 life.
{T}: Add {G} or {U}.","normal","","","","legal","full_now","composable_ron","Data","","","All sampled rules text is expressible through current card data and shared primitives; no new Rust or wire contract is required.","tricerules/tricerules-cards/src/card_def.rs;tricerules/tricerules-cards/src/primitives;tricerules/tricerules-core/src/engine","https://magic.wizards.com/en/news/feature/marvel-super-heroes-release-notes"
"96","MSH-common","16","219d45eb4cef7af158b494f6965e49c8448672bd761f4002359762a096b840ac","5604cee1-a2ea-48ed-88f4-6878bd053fc8","5604cee1-a2ea-48ed-88f4-6878bd053fc8","158","MSH","Marvel Super Heroes","common","Vision of Love","1R","Instant","You may sacrifice an artifact or discard a card. If you do, draw two cards.","normal","","","R","legal","full_now","composable_ron","Data","","","All sampled rules text is expressible through current card data and shared primitives; no new Rust or wire contract is required.","tricerules/tricerules-cards/src/card_def.rs;tricerules/tricerules-cards/src/primitives;tricerules/tricerules-core/src/engine","https://magic.wizards.com/en/news/feature/marvel-super-heroes-release-notes"
"97","MSH-common","17","31bc9a745428d70bc1cec1eed54317e5f8502d90b1ca670f7d5247f0ac93fa46","d895d5a1-d382-438b-8551-e142bb5142af","d895d5a1-d382-438b-8551-e142bb5142af","92","MSH","Marvel Super Heroes","common","Cruel Alliance","2B","Sorcery","Teamwork 2 (As an additional cost to cast this spell, you may tap any number of creatures you control with total power 2 or more.)
Exile target creature with mana value 3 or less. If this spell was cast using teamwork, instead exile target creature and you gain 3 life.","normal","","","B","legal","partial_now","ron_after_omission","Engine","teamwork","","The base exile spell is composable; the optional aggregate Teamwork payment and upgraded receipt are absent.","tricerules/tricerules-cards/src/card_def.rs;tricerules/tricerules-cards/src/primitives;tricerules/tricerules-core/src/engine","https://magic.wizards.com/en/news/feature/marvel-super-heroes-release-notes"
"98","MSH-common","18","39512e74bd5d550ccc88e113c0878f215cc13a75c78f8b1116573bf1f918d935","f9b9f9d6-b50c-4b29-80be-284ba773c70b","f9b9f9d6-b50c-4b29-80be-284ba773c70b","33","MSH","Marvel Super Heroes","common","Raft Security Officer","1W","Creature — Human Soldier","{2}, {T}: Tap target creature. This ability costs {1} less to activate if it targets a creature with power 3 or less.","normal","1","3","W","legal","full_now","composable_ron","Data","","","All sampled rules text is expressible through current card data and shared primitives; no new Rust or wire contract is required.","tricerules/tricerules-cards/src/card_def.rs;tricerules/tricerules-cards/src/primitives;tricerules/tricerules-core/src/engine","https://magic.wizards.com/en/news/feature/marvel-super-heroes-release-notes"
"99","MSH-common","19","3a13ecea18ff064764972624f7064551a7d315c59aa32bff49ee4a630cdfe979","149a0a3b-c470-414c-a7de-d773b8b4cc82","149a0a3b-c470-414c-a7de-d773b8b4cc82","253","MSH","Marvel Super Heroes","common","Ultron Drone","3","Artifact Creature — Robot Villain","Power-up — {6}: Put two +1/+1 counters on this creature and create a 2/2 colorless Robot Villain artifact creature token. (Activate each power-up ability only once. Reduce the cost by its mana cost if it entered this turn.)","normal","2","3","","legal","partial_now","ron_after_omission","Engine","power_up","","The activation effect and per-object cap are available; entered-this-turn mana-value cost reduction is absent.","tricerules/tricerules-cards/src/card_def.rs;tricerules/tricerules-cards/src/primitives;tricerules/tricerules-core/src/engine","https://magic.wizards.com/en/news/feature/marvel-super-heroes-release-notes"
"100","MSH-common","20","3bb051f6f376fdfdc7834f81d878f1f1f1aa36ce3fee024896daa1ba6290585a","485be72b-d784-4886-bb3a-48cff8f781c6","485be72b-d784-4886-bb3a-48cff8f781c6","132","MSH","Marvel Super Heroes","common","Hawkeye's Bow","R","Artifact — Equipment","Equipped creature gets +1/+0 and has reach.
Whenever equipped creature becomes tapped, it deals 1 damage to each opponent.
Equip {1} ({1}: Attach to target creature you control. Equip only as a sorcery.)","normal","","","R","legal","full_now","composable_ron","Data","","","All sampled rules text is expressible through current card data and shared primitives; no new Rust or wire contract is required.","tricerules/tricerules-cards/src/card_def.rs;tricerules/tricerules-cards/src/primitives;tricerules/tricerules-core/src/engine","https://magic.wizards.com/en/news/feature/marvel-super-heroes-release-notes"
"101","MSH-uncommon","1","0271f8fbfb540eb30a42e54d8a39a8c10a8694bd9cb1187d450404f82d90b09b","d610d9fe-f8ae-473f-9325-e2f28f7e8a69","d610d9fe-f8ae-473f-9325-e2f28f7e8a69","171","MSH","Marvel Super Heroes","uncommon","Hercules, Prince of Power","2G","Legendary Creature — Demigod Warrior Hero","Power-up — {4}{G}: Put a +1/+1 counter on Hercules. He gains vigilance, indestructible, and haste until end of turn. (Activate each power-up ability only once. Reduce the cost by his mana cost if he entered this turn.)","normal","3","3","G","legal","partial_now","ron_after_omission","Engine","power_up","","The activation effect and per-object cap are available; entered-this-turn mana-value cost reduction is absent.","tricerules/tricerules-cards/src/card_def.rs;tricerules/tricerules-cards/src/primitives;tricerules/tricerules-core/src/engine","https://magic.wizards.com/en/news/feature/marvel-super-heroes-release-notes"
"102","MSH-uncommon","2","0499b2e3526dfa48e5b373f4a8823bd7e08bba87737c64ba1daeb57fd204554d","310e30cd-b8c3-40ea-9d61-57c5c5fc2a0b","310e30cd-b8c3-40ea-9d61-57c5c5fc2a0b","128","MSH","Marvel Super Heroes","uncommon","Evil's Thrall","2R","Sorcery","Gain control of target creature until end of turn. If you control a Villain with greater mana value than that creature, gain control of that creature until the end of your next turn instead. Untap that creature. It gains haste until end of turn.","normal","","","R","legal","partial_now","ron_after_omission","Engine","control_until_next_turn","","The ordinary until-end-of-turn control change is composable; the conditional extension through the next turn is not.","tricerules/tricerules-cards/src/card_def.rs;tricerules/tricerules-cards/src/primitives;tricerules/tricerules-core/src/engine","https://magic.wizards.com/en/news/feature/marvel-super-heroes-release-notes"
"103","MSH-uncommon","3","08a1638954b2afe47a4f7c48383f72cf154f4fc493e60221a7eae13fedfed09b","9e327c67-1cf1-4d82-903c-b41c8e7cf747","9e327c67-1cf1-4d82-903c-b41c8e7cf747","2","MSH","Marvel Super Heroes","uncommon","Agent Maria Hill","W","Legendary Creature — Human Spy Hero","Whenever Agent Maria Hill becomes tapped to pay a teamwork cost, put a +1/+1 counter on her and draw a card.","normal","2","1","W","legal","blocked","shared_capability_required","Engine","teamwork","","The card specifically observes being tapped to pay Teamwork, an event that does not yet exist.","tricerules/tricerules-cards/src/card_def.rs;tricerules/tricerules-cards/src/primitives;tricerules/tricerules-core/src/engine","https://magic.wizards.com/en/news/feature/marvel-super-heroes-release-notes"
"104","MSH-uncommon","4","0b2ef9781ba46ba6b4a094307b1164ccf2d9dd551c9091296433d4dd8d4acaa5","2c89acf5-20f0-4441-b96f-2c5cacd685fb","2c89acf5-20f0-4441-b96f-2c5cacd685fb","27","MSH","Marvel Super Heroes","uncommon","Okoye, Dora Milaje Leader","3W","Legendary Creature — Human Warrior Hero","When Okoye enters, create two 1/1 white Soldier creature tokens.
Attacking creature tokens you control have first strike.","normal","3","2","W","legal","full_now","composable_ron","Data","","","All sampled rules text is expressible through current card data and shared primitives; no new Rust or wire contract is required.","tricerules/tricerules-cards/src/card_def.rs;tricerules/tricerules-cards/src/primitives;tricerules/tricerules-core/src/engine","https://magic.wizards.com/en/news/feature/marvel-super-heroes-release-notes"
"105","MSH-uncommon","5","0c66e0fe484498b4349ba6f92abd0da7c84d24a4e737f6e499677f474e406935","c1589e2e-32a8-48b8-93eb-a9af344e7084","c1589e2e-32a8-48b8-93eb-a9af344e7084","196","MSH","Marvel Super Heroes","uncommon","White Tiger, Ava Ayala","1G","Legendary Creature — Human Hero","Power-up — {5}{G}: Put a +1/+1 counter on White Tiger and create The Tiger God, a legendary 4/4 green Cat God creature token with ""The Tiger God can't be blocked by more than one creature."" (Activate each power-up ability only once. Reduce the cost by her mana cost if she entered this turn.)","normal","2","2","G","legal","partial_now","ron_after_omission","Engine","power_up","","The activation effect and per-object cap are available; entered-this-turn mana-value cost reduction is absent.","tricerules/tricerules-cards/src/card_def.rs;tricerules/tricerules-cards/src/primitives;tricerules/tricerules-core/src/engine","https://magic.wizards.com/en/news/feature/marvel-super-heroes-release-notes"
"106","MSH-uncommon","6","0cfd7ce710b7d3b3aa22b6494db0d8175d9280d1ff004c8c97da31e137be36e3","1a1b2bd0-e17d-4b34-a8ee-7c913a6bc945","1a1b2bd0-e17d-4b34-a8ee-7c913a6bc945","107","MSH","Marvel Super Heroes","uncommon","Moonstone, Harsh Mistress","3B","Legendary Creature — Human Doctor Villain","Flying
Whenever you discard a card, you may exile that card from your graveyard. If you do, until the end of your next turn, you may play that card.","normal","2","4","B","legal","blocked","shared_capability_required","Engine","discard_event_card_permission","","The trigger must retain the exact discarded card generation and grant a timed play permission.","tricerules/tricerules-cards/src/card_def.rs;tricerules/tricerules-cards/src/primitives;tricerules/tricerules-core/src/engine","https://magic.wizards.com/en/news/feature/marvel-super-heroes-release-notes"
"107","MSH-uncommon","7","0d1409cf342175f97ad64dca696579843fa6ddeeb2233e5449b1594463938e53","1467d7c9-00d8-43f1-b4e7-a279d2b10503","1467d7c9-00d8-43f1-b4e7-a279d2b10503","30","MSH","Marvel Super Heroes","uncommon","Patriot, Shield Wielder","1W","Legendary Creature — Human Hero","{2}, {T}: Another target creature you control gets +2/+0 and gains hexproof until end of turn. (It can't be the target of spells or abilities your opponents control.)","normal","2","2","W","legal","full_now","composable_ron","Data","","","All sampled rules text is expressible through current card data and shared primitives; no new Rust or wire contract is required.","tricerules/tricerules-cards/src/card_def.rs;tricerules/tricerules-cards/src/primitives;tricerules/tricerules-core/src/engine","https://magic.wizards.com/en/news/feature/marvel-super-heroes-release-notes"
"108","MSH-uncommon","8","11dd4d7a864c82271d5b96b36ac65fe8690b44fb4381dcf5affb43455d872e3d","57da765f-7d87-42ac-9eb0-a49c296fbbf8","57da765f-7d87-42ac-9eb0-a49c296fbbf8","42","MSH","Marvel Super Heroes","uncommon","White Widow, Free Agent","3W","Legendary Creature — Human Hero Villain","When White Widow enters, choose one —
• Put a +1/+1 counter on each of up to two target creatures.
• Return target artifact or enchantment card from your graveyard to your hand.","normal","2","3","W","legal","full_now","composable_ron","Data","","","All sampled rules text is expressible through current card data and shared primitives; no new Rust or wire contract is required.","tricerules/tricerules-cards/src/card_def.rs;tricerules/tricerules-cards/src/primitives;tricerules/tricerules-core/src/engine","https://magic.wizards.com/en/news/feature/marvel-super-heroes-release-notes"
"109","MSH-uncommon","9","16581ae4489a61ac6ddd5074836301b0b04a072320041cb84dff1c849b0951bd","53b795a7-11f8-423a-b021-f811007fc82f","53b795a7-11f8-423a-b021-f811007fc82f","143","MSH","Marvel Super Heroes","uncommon","Loki Laufeyson","1R","Legendary Creature — God Sorcerer Villain","{1}, {T}: When you next cast an instant or sorcery spell with mana value less than or equal to Loki's power this turn, copy that spell. You may choose new targets for the copy.
Power-up — {4}{R}: Put two +1/+1 counters on Loki. (Activate each power-up ability only once. Reduce the cost by his mana cost if he entered this turn.)","normal","2","1","R","legal","partial_now","ron_after_omission","Engine","power_up","copy_next_spell","The Power-up counter ability is usable at its printed full cost; its reduction and the delayed copy-next-spell ability are absent.","tricerules/tricerules-cards/src/card_def.rs;tricerules/tricerules-cards/src/primitives;tricerules/tricerules-core/src/engine","https://magic.wizards.com/en/news/feature/marvel-super-heroes-release-notes"
"110","MSH-uncommon","10","16c589c4a21bafc11b237433d1ca7602a4e9d7615a0c82ea92c69c330c5851cb","65005522-555e-4479-939c-be16e0262f6f","65005522-555e-4479-939c-be16e0262f6f","75","MSH","Marvel Super Heroes","uncommon","Shuri, Wakandan Inventor","1U","Legendary Creature — Human Artificer Hero","Artifact spells you cast cost {1} less to cast.
{1}, {T}: Target artifact you control becomes a copy of a second target artifact you control until end of turn, except it isn't legendary. Activate only as a sorcery.","normal","2","1","U","legal","partial_now","ron_after_omission","Engine","artifact_copy","","The artifact spell reduction is composable; temporarily copying one selected artifact from another is not.","tricerules/tricerules-cards/src/card_def.rs;tricerules/tricerules-cards/src/primitives;tricerules/tricerules-core/src/engine","https://magic.wizards.com/en/news/feature/marvel-super-heroes-release-notes"
"111","MSH-uncommon","11","17805afe53e3a67330938262f62377bcbafae3119593821f532c0fc9e8613661","355e7197-2f20-43b6-9305-73c4e1fd4a3c","355e7197-2f20-43b6-9305-73c4e1fd4a3c","59","MSH","Marvel Super Heroes","uncommon","Iron Lad, Diverging Destiny","2U","Legendary Artifact Creature — Human Hero","Flying, vigilance
You may look at the top card of your library any time.
{T}: Reveal the top card of your library. If it's an artifact card, draw a card.","normal","2","2","U","legal","blocked","shared_capability_required","Engine","top_library_visibility","","Persistent private top-card visibility and the reveal/type-check draw ability require an engine-authored visibility contract.","tricerules/tricerules-cards/src/card_def.rs;tricerules/tricerules-cards/src/primitives;tricerules/tricerules-core/src/engine","https://magic.wizards.com/en/news/feature/marvel-super-heroes-release-notes"
"112","MSH-uncommon","12","188ef97d947bb29304e40a45f2348ead70980d9401a1b4b30bd53b4fcf7babd2","85cc170a-ecd2-4870-b675-7ece88813995","85cc170a-ecd2-4870-b675-7ece88813995","256","MSH","Marvel Super Heroes","uncommon","Viv Vision, Teen Synthezoid","3","Legendary Artifact Creature — Robot Hero","Flying
Cybernetic Senses — Whenever Viv Vision attacks, draw a card if her power is 4 or greater.
Power-up — {7}: Put two +1/+1 counters on Viv Vision. (Activate each power-up ability only once. Reduce the cost by her mana cost if she entered this turn.)","normal","2","2","","legal","partial_now","ron_after_omission","Engine","power_up","","The attack condition is composable; entered-this-turn mana-value cost reduction for Power-up is absent.","tricerules/tricerules-cards/src/card_def.rs;tricerules/tricerules-cards/src/primitives;tricerules/tricerules-core/src/engine","https://magic.wizards.com/en/news/feature/marvel-super-heroes-release-notes"
"113","MSH-uncommon","13","191e6c54504958aee91be084cd2154c48c289a162420f99ad424b8e31af05271","73c11aea-4fa4-438d-b886-2fafa60c82f9","73c11aea-4fa4-438d-b886-2fafa60c82f9","191","MSH","Marvel Super Heroes","uncommon","Tigra, Feline Fury","1G","Legendary Creature — Cat Human Hero","Flash
Trample
Whenever you gain life, put a +1/+1 counter on Tigra.","normal","2","1","G","legal","full_now","composable_ron","Data","","","All sampled rules text is expressible through current card data and shared primitives; no new Rust or wire contract is required.","tricerules/tricerules-cards/src/card_def.rs;tricerules/tricerules-cards/src/primitives;tricerules/tricerules-core/src/engine","https://magic.wizards.com/en/news/feature/marvel-super-heroes-release-notes"
"114","MSH-uncommon","14","19d1224ddf99fd61b8b2d20eb87e3b1aaa041f94180252d93182a400600999a0","5d27ddec-716d-47e5-ac48-365e91b88ff1","5d27ddec-716d-47e5-ac48-365e91b88ff1","83","MSH","Marvel Super Heroes","uncommon","Wiccan, Rising Magician","4U","Legendary Creature — Mutant Warlock Hero","Flying
Whenever you cast a noncreature spell, exile another target nonland, nontoken permanent. Return that card to the battlefield under its owner's control at the beginning of the next end step.","normal","4","4","U","legal","blocked","shared_capability_required","Engine","blink","","The cast-trigger exile-and-next-end-step return must preserve exact physical identity; flying alone is insufficient.","tricerules/tricerules-cards/src/card_def.rs;tricerules/tricerules-cards/src/primitives;tricerules/tricerules-core/src/engine","https://magic.wizards.com/en/news/feature/marvel-super-heroes-release-notes"
"115","MSH-uncommon","15","1b2c84629a295b7c031ac474ae712f9d2c9c3373a14991fcf2872a3247a78fee","6572aafe-18ed-4182-92e9-25f003f5fe3d","6572aafe-18ed-4182-92e9-25f003f5fe3d","116","MSH","Marvel Super Heroes","uncommon","Swordsman, Sharp Scoundrel","1B","Legendary Creature — Human Hero Villain","Whenever another Villain you control enters, attach up to one target Equipment you control to target creature you control.
Whenever an equipped creature you control attacks, it connives. (Draw a card, then discard a card. If you discarded a nonland card, put a +1/+1 counter on that creature.)","normal","2","2","B","legal","blocked","shared_capability_required","Engine","attachment_action","filtered_combat_damage_observer","Attaching a chosen Equipment to a chosen creature and observing attacks by equipped creatures are both absent.","tricerules/tricerules-cards/src/card_def.rs;tricerules/tricerules-cards/src/primitives;tricerules/tricerules-core/src/engine","https://magic.wizards.com/en/news/feature/marvel-super-heroes-release-notes"
"116","MSH-uncommon","16","1db438bf2796e2d31c8f3c8a7e53a8a1ed80000bd66c2d5df3dd78521c5d43a3","3199907b-9f24-4554-942a-8ab5a7701717","3199907b-9f24-4554-942a-8ab5a7701717","26","MSH","Marvel Super Heroes","uncommon","Night Nurse, Healer of Heroes","1W","Legendary Creature — Human Doctor Hero","Flash
Lifelink
When Night Nurse enters, choose target permanent card in your graveyard that was put there from anywhere this turn. Return it to your hand.","normal","2","1","W","legal","blocked","shared_capability_required","Engine","graveyard_entry_turn_target","","Target legality needs exact cards that entered the graveyard this turn from any zone; keywords alone are insufficient.","tricerules/tricerules-cards/src/card_def.rs;tricerules/tricerules-cards/src/primitives;tricerules/tricerules-core/src/engine","https://magic.wizards.com/en/news/feature/marvel-super-heroes-release-notes"
"117","MSH-uncommon","17","217a49a544f8d629220da83708d6a69bbeb5549afd8efcc8947b5c17b62e84c2","b48278fd-1d95-4ad6-9a51-f1c5a2ab9f4b","b48278fd-1d95-4ad6-9a51-f1c5a2ab9f4b","139","MSH","Marvel Super Heroes","uncommon","Jessica Jones, Private Eye","2R","Legendary Creature — Human Detective Hero","{T}, Put a stun counter on Jessica Jones: Exile the top X cards of your library, where X is Jessica Jones's power. You may play those cards this turn. (If a permanent with a stun counter would become untapped, remove one from it instead.)","normal","2","3","R","legal","blocked","shared_capability_required","Engine","self_stun_cost","","Putting a stun counter on the source as an activation cost is absent, so the X-sized play-permission effect cannot be paid faithfully.","tricerules/tricerules-cards/src/card_def.rs;tricerules/tricerules-cards/src/primitives;tricerules/tricerules-core/src/engine","https://magic.wizards.com/en/news/feature/marvel-super-heroes-release-notes"
"118","MSH-uncommon","18","235a71ecea47dfcf7a22f8fe67642445d3eaa719a04d76f1dae551fc922f20c7","d8f91212-2ff5-4024-8f14-86bb5c4a9754","d8f91212-2ff5-4024-8f14-86bb5c4a9754","123","MSH","Marvel Super Heroes","uncommon","Yellowjacket, Heartless Marauder","1B","Legendary Creature — Human Rogue Villain","Flying
Whenever another Villain you control enters, Yellowjacket gets +1/+0 and gains lifelink until end of turn.","normal","1","2","B","legal","full_now","composable_ron","Data","","","All sampled rules text is expressible through current card data and shared primitives; no new Rust or wire contract is required.","tricerules/tricerules-cards/src/card_def.rs;tricerules/tricerules-cards/src/primitives;tricerules/tricerules-core/src/engine","https://magic.wizards.com/en/news/feature/marvel-super-heroes-release-notes"
"119","MSH-uncommon","19","24c52948660ae31e1347a30e08f96718f985336878d8d08393d15d339efd77aa","a33a4cb4-1b57-47ca-8e5e-58ff46a6e0ce","a33a4cb4-1b57-47ca-8e5e-58ff46a6e0ce","180","MSH","Marvel Super Heroes","uncommon","Punishing Punch","2G","Instant","This spell costs {2} less to cast if there are two or more creature cards in your graveyard.
Target creature you control deals damage equal to twice its power to target creature an opponent controls.","normal","","","G","legal","blocked","shared_capability_required","Engine","source_power_multiplier","","The cost reduction is composable, but the bite effect supports source power only once, not twice.","tricerules/tricerules-cards/src/card_def.rs;tricerules/tricerules-cards/src/primitives;tricerules/tricerules-core/src/engine","https://magic.wizards.com/en/news/feature/marvel-super-heroes-release-notes"
"120","MSH-uncommon","20","27ce92f0d011cd0c7a32ec8489ab027b9920cb75593fb1dbc040d48c6859a09d","8dc209ed-0d4c-4d0c-90e8-04cadc3d4c3d","8dc209ed-0d4c-4d0c-90e8-04cadc3d4c3d","52","MSH","Marvel Super Heroes","uncommon","Falcon, Winged Wonder","4U","Legendary Creature — Human Hero","Flying
Avian Telepathy — When Falcon enters, create Redwing, a legendary 1/1 blue Bird Scout creature token with flying and ""Whenever Redwing attacks, surveil 1."" (Look at the top card of your library. You may put it into your graveyard.)","normal","3","4","U","legal","full_now","composable_ron","Data","","","All sampled rules text is expressible through current card data and shared primitives; no new Rust or wire contract is required.","tricerules/tricerules-cards/src/card_def.rs;tricerules/tricerules-cards/src/primitives;tricerules/tricerules-core/src/engine","https://magic.wizards.com/en/news/feature/marvel-super-heroes-release-notes"
"121","HOB-common","1","03837460e7580282def34dcae1e3d1cd1f169d31157c3b68fce0b0e2d4a79d0e","07bfc803-e11b-47ab-9f25-0ace7e174200","07bfc803-e11b-47ab-9f25-0ace7e174200","67","HOB","The Hobbit","common","Front Porch Sentries","1B","Creature — Goblin Soldier","When this creature dies, target creature an opponent controls gets -1/-1 until end of turn.","normal","2","2","B","legal","full_now","composable_ron","Data","","","All sampled rules text is expressible through current card data and shared primitives; no new Rust or wire contract is required.","tricerules/tricerules-cards/src/card_def.rs;tricerules/tricerules-cards/src/primitives;tricerules/tricerules-core/src/engine","https://magic.wizards.com/en/news/feature/the-hobbit-release-notes"
"122","HOB-common","2","05bffc5d9b2d7f9b449c31530ac8cdcdc68db0057a304db99ffa2079a02e0e6f","1ccbf823-846f-4f09-9c67-1deebb5d1d92","1ccbf823-846f-4f09-9c67-1deebb5d1d92","140","HOB","The Hobbit","common","Wargling","1G","Creature — Wolf","Ferocious — Whenever this creature attacks while you control a creature with power 4 or greater, until end of turn, this creature gets +1/+0 and creatures you control gain trample.","normal","2","2","G","legal","full_now","composable_ron","Data","","","All sampled rules text is expressible through current card data and shared primitives; no new Rust or wire contract is required.","tricerules/tricerules-cards/src/card_def.rs;tricerules/tricerules-cards/src/primitives;tricerules/tricerules-core/src/engine","https://magic.wizards.com/en/news/feature/the-hobbit-release-notes"
"123","HOB-common","3","060bd7f3f70142fc1928c91c03bd398d0769c4e101c6f6c5b9d65f2d9c8bb43e","81263d5d-e402-4813-9458-161112da27ab","81263d5d-e402-4813-9458-161112da27ab","116","HOB","The Hobbit","common","Attercop","1G","Creature — Spider","Reach, deathtouch
Landfall — Whenever a land you control enters, this creature gets +1/+1 until end of turn.","normal","2","1","G","legal","full_now","composable_ron","Data","","","All sampled rules text is expressible through current card data and shared primitives; no new Rust or wire contract is required.","tricerules/tricerules-cards/src/card_def.rs;tricerules/tricerules-cards/src/primitives;tricerules/tricerules-core/src/engine","https://magic.wizards.com/en/news/feature/the-hobbit-release-notes"
"124","HOB-common","4","093721add64e22b67f5d3b54f7290359f0b766233ede3c8928183a31dd801278","d2f60ad0-c887-4585-85f8-afcf72fb80d0","d2f60ad0-c887-4585-85f8-afcf72fb80d0","94","HOB","The Hobbit","common","Dori, Bearer of Friends","2R","Legendary Creature — Dwarf Warrior","Trample
When Dori enters, create a Treasure token. (It's an artifact with ""{T}, Sacrifice this token: Add one mana of any color."")","normal","3","2","R","legal","full_now","composable_ron","Data","","","All sampled rules text is expressible through current card data and shared primitives; no new Rust or wire contract is required.","tricerules/tricerules-cards/src/card_def.rs;tricerules/tricerules-cards/src/primitives;tricerules/tricerules-core/src/engine","https://magic.wizards.com/en/news/feature/the-hobbit-release-notes"
"125","HOB-common","5","0bfe08714a9b6c10673dd55eb0df90d7f04597bd2756b6e67f99676ce24da98f","419ca9e5-8413-4378-a4ef-eda5a1024218","419ca9e5-8413-4378-a4ef-eda5a1024218","109","HOB","The Hobbit","common","Smaug, the Great Calamity // Spew Flame","5RR // 4R","Legendary Creature — Dragon // Sorcery — Adventure","Flying

---

Spew Flame deals 5 damage to target creature. (Then exile this card. You may cast the creature later from exile.)","adventure","5","5","R","legal","full_now","composable_ron","Data","","","All sampled rules text is expressible through current card data and shared primitives; no new Rust or wire contract is required.","tricerules/tricerules-cards/src/card_def.rs;tricerules/tricerules-cards/src/primitives;tricerules/tricerules-core/src/engine","https://magic.wizards.com/en/news/feature/the-hobbit-release-notes"
"126","HOB-common","6","0ca7e10d4ebabd3dc3f7d1fcd1795490648b3d80e820cea355235afe6f93530f","fd145e3a-c889-4390-accb-863dbcc845ce","fd145e3a-c889-4390-accb-863dbcc845ce","84","HOB","The Hobbit","common","Stir Up Trouble","B","Sorcery","As an additional cost to cast this spell, sacrifice an artifact or creature or pay {4}.
Destroy target creature.","normal","","","B","legal","partial_now","ron_after_omission","Engine","optional_object_cast_cost","","Destroying the target is composable; the mandatory sacrifice-or-pay-four cost choice is not.","tricerules/tricerules-cards/src/card_def.rs;tricerules/tricerules-cards/src/primitives;tricerules/tricerules-core/src/engine","https://magic.wizards.com/en/news/feature/the-hobbit-release-notes"
"127","HOB-common","7","0f2ce5c40cc08e921333138c5933d493ddd37fcda77c0945c261d2f806fb8479","9984b9ef-e81c-48f4-aa33-0504171a2d3c","9984b9ef-e81c-48f4-aa33-0504171a2d3c","106","HOB","The Hobbit","common","Óin the Brave","1R","Legendary Creature — Dwarf Warrior","Storied (If you control three or more artifacts, legendaries, and/or Sagas, you have an enduring story for the rest of the game.)
As long as you have an enduring story, Óin gets +1/+0 and has haste.
{1}, {T}, Discard a card: Draw a card.","normal","1","3","R","legal","partial_now","ron_after_omission","Engine","storied","","The rummage ability is composable; the enduring-story designation and its conditional bonus are absent.","tricerules/tricerules-cards/src/card_def.rs;tricerules/tricerules-cards/src/primitives;tricerules/tricerules-core/src/engine","https://magic.wizards.com/en/news/feature/the-hobbit-release-notes"
"128","HOB-common","8","19536e41aff575c314da0358adf3b8cec71357b3ad9ea6d4ffec13d5777ab6ff","38c16a0a-375e-48cb-9720-dbbc08c603ae","38c16a0a-375e-48cb-9720-dbbc08c603ae","115","HOB","The Hobbit","common","Tidings of War","R","Sorcery","Amass Goblins 1. If this spell was cast from a graveyard, amass Goblins 3 instead. (To amass Goblins X, put X +1/+1 counters on an Army you control. It's also a Goblin. If you don't control an Army, create a 0/0 black Goblin Army creature token first.)
Flashback {3}{R} (You may cast this card from your graveyard for its flashback cost. Then exile it.)","normal","","","R","legal","blocked","shared_capability_required","Engine","amass","","Flashback is available, but the only resolving action is Amass Goblins.","tricerules/tricerules-cards/src/card_def.rs;tricerules/tricerules-cards/src/primitives;tricerules/tricerules-core/src/engine","https://magic.wizards.com/en/news/feature/the-hobbit-release-notes"
"129","HOB-common","9","1b42e5fac7ff78893ba75814065fd3d39127e28fc1cd99b096cf6ae929061593","9c50656d-c74a-4e90-9ef7-afa237682516","9c50656d-c74a-4e90-9ef7-afa237682516","38","HOB","The Hobbit","common","Elvenking's Harper","1U","Creature — Elf Bard","{4}{U}: Target creature can't be blocked this turn.","normal","2","2","U","legal","full_now","composable_ron","Data","","","All sampled rules text is expressible through current card data and shared primitives; no new Rust or wire contract is required.","tricerules/tricerules-cards/src/card_def.rs;tricerules/tricerules-cards/src/primitives;tricerules/tricerules-core/src/engine","https://magic.wizards.com/en/news/feature/the-hobbit-release-notes"
"130","HOB-common","10","1be9e00856b77708e23f73b6c70096404b629ab993197a3db16eff50ad184767","8d4f3eb5-fedf-45d6-8bd8-aacbe0ce33b2","8d4f3eb5-fedf-45d6-8bd8-aacbe0ce33b2","31","HOB","The Hobbit","common","Vow to Erebor","1W","Instant","Untap target creature you control. It gets +2/+2 until end of turn. If it's a Dwarf, you may attach an Equipment you control to it.","normal","","","W","legal","partial_now","ron_after_omission","Engine","attachment_action","","Untap and pump are composable; selecting and attaching an Equipment you control is not.","tricerules/tricerules-cards/src/card_def.rs;tricerules/tricerules-cards/src/primitives;tricerules/tricerules-core/src/engine","https://magic.wizards.com/en/news/feature/the-hobbit-release-notes"
"131","HOB-common","11","1d0e0912b7aea5350f9b1e9d9ebce38a293b27bf23af2a4609e6fe8df60129b1","704b45e4-566e-40f6-a33a-9151018b44e5","704b45e4-566e-40f6-a33a-9151018b44e5","160","HOB","The Hobbit","common","Mirkwood Nurturer","2{G/U}","Creature — Elf Ranger","When this creature enters, return up to one other target permanent you control to its owner's hand. If you do, put a +1/+1 counter on this creature.","normal","3","2","UG","legal","partial_now","ron_after_omission","Engine","conditional_target_result","","The optional bounce is composable; the source counter must occur only if the selected permanent actually moved.","tricerules/tricerules-cards/src/card_def.rs;tricerules/tricerules-cards/src/primitives;tricerules/tricerules-core/src/engine","https://magic.wizards.com/en/news/feature/the-hobbit-release-notes"
"132","HOB-common","12","2052e646523fb68f1308eb43c9e3b00d11a2fd1c2cd6e345ce9bc9a4256fd919","6a109b3e-9f5b-4625-abb7-6b992c10530b","6a109b3e-9f5b-4625-abb7-6b992c10530b","34","HOB","The Hobbit","common","Bilbo Baggins, Burglar // Take a Glance","2U // U","Legendary Creature — Halfling Rogue // Sorcery — Adventure","When Bilbo Baggins enters, draw a card.

---

Scry 2. (Then exile this card. You may cast the creature later from exile.)","adventure","2","1","U","legal","full_now","composable_ron","Data","","","All sampled rules text is expressible through current card data and shared primitives; no new Rust or wire contract is required.","tricerules/tricerules-cards/src/card_def.rs;tricerules/tricerules-cards/src/primitives;tricerules/tricerules-core/src/engine","https://magic.wizards.com/en/news/feature/the-hobbit-release-notes"
"133","HOB-common","13","236eee34cd6b24f78971e87f60093c9ac18088e227aaf55b608d48bec5390964","ccff7382-8609-494c-aeee-cd1436456dd0","ccff7382-8609-494c-aeee-cd1436456dd0","100","HOB","The Hobbit","common","Goblin-town Flunkies","1R","Creature — Goblin Soldier","Haste
When this creature enters, amass Goblins 1. (Put a +1/+1 counter on an Army you control. It's also a Goblin. If you don't control an Army, create a 0/0 black Goblin Army creature token first.)","normal","1","1","R","legal","blocked","shared_capability_required","Engine","amass","","The ETB Amass Goblins action is the substantive behavior.","tricerules/tricerules-cards/src/card_def.rs;tricerules/tricerules-cards/src/primitives;tricerules/tricerules-core/src/engine","https://magic.wizards.com/en/news/feature/the-hobbit-release-notes"
"134","HOB-common","14","23fb8c85d1bc76d013f43c57dbf1788f253ce5d3a6ed5c8d52dd7d0fb77673a0","573f67b0-6ce8-4857-a703-4a5728640736","573f67b0-6ce8-4857-a703-4a5728640736","13","HOB","The Hobbit","common","Esgaroth Garrison","4W","Creature — Human Soldier","Esgaroth Garrison's power is equal to the number of creatures you control.
When this creature enters, recruit. (Draw a card, then discard a card. If you discarded a nonland card, create a 1/1 white Human Soldier creature token.)","normal","*","5","W","legal","full_now","composable_ron","Data","","","All sampled rules text is expressible through current card data and shared primitives; no new Rust or wire contract is required.","tricerules/tricerules-cards/src/card_def.rs;tricerules/tricerules-cards/src/primitives;tricerules/tricerules-core/src/engine","https://magic.wizards.com/en/news/feature/the-hobbit-release-notes"
"135","HOB-common","15","2465ef5d24a1b7710e6365ef0f22015972ccf28c1a1e877c235d7f0cd191c44e","afb73190-b9bd-4744-a011-a37cd9c0148d","afb73190-b9bd-4744-a011-a37cd9c0148d","51","HOB","The Hobbit","common","Plunder the Trollshaws","1U","Instant","Draw a card. If this spell was cast from a graveyard, draw two cards instead.
Flashback {3}{U} (You may cast this card from your graveyard for its flashback cost. Then exile it.)","normal","","","U","legal","full_now","composable_ron","Data","","","All sampled rules text is expressible through current card data and shared primitives; no new Rust or wire contract is required.","tricerules/tricerules-cards/src/card_def.rs;tricerules/tricerules-cards/src/primitives;tricerules/tricerules-core/src/engine","https://magic.wizards.com/en/news/feature/the-hobbit-release-notes"
"136","HOB-common","16","263c9b90dee4acec5fe38af2ff2e1c1f00453ecd728b1848cdbf07c7d381547d","bc4a60b8-a5bb-4dbf-8d48-95caf757eac3","bc4a60b8-a5bb-4dbf-8d48-95caf757eac3","101","HOB","The Hobbit","common","Gundabad Opportunist","3R","Creature — Goblin Rogue","When this creature enters, exile the top card of your library. Until the end of your next turn, you may play that card.","normal","4","2","R","legal","full_now","composable_ron","Data","","","All sampled rules text is expressible through current card data and shared primitives; no new Rust or wire contract is required.","tricerules/tricerules-cards/src/card_def.rs;tricerules/tricerules-cards/src/primitives;tricerules/tricerules-core/src/engine","https://magic.wizards.com/en/news/feature/the-hobbit-release-notes"
"137","HOB-common","17","28a391cef8a88fa2b30614697d5c110b8ef7b1030723a1c2944ac9b038148472","0a6a6ff0-b1cd-4b06-bd31-612690094e0e","0a6a6ff0-b1cd-4b06-bd31-612690094e0e","21","HOB","The Hobbit","common","Moment of Glory","W","Sorcery","Put a +1/+1 counter on target creature you control. If this spell was cast from a graveyard, also put a +1/+1 counter on each other creature you control.
Flashback {4}{W} (You may cast this card from your graveyard for its flashback cost. Then exile it.)","normal","","","W","legal","full_now","composable_ron","Data","","","All sampled rules text is expressible through current card data and shared primitives; no new Rust or wire contract is required.","tricerules/tricerules-cards/src/card_def.rs;tricerules/tricerules-cards/src/primitives;tricerules/tricerules-core/src/engine","https://magic.wizards.com/en/news/feature/the-hobbit-release-notes"
"138","HOB-common","18","2993afa0cc5974a88f5bcad29f7d2dc94d414f06dcdd594361a1572b381e76fe","089e8e4b-c367-4d86-a69a-951f7d779aaf","089e8e4b-c367-4d86-a69a-951f7d779aaf","209","HOB","The Hobbit","common","Thorin's Last Stand","2WW","Instant","Choose one —
• Creatures you control get +2/+1 until end of turn.
• Destroy target artifact or enchantment. You gain 2 life.","normal","","","W","legal","full_now","composable_ron","Data","","","All sampled rules text is expressible through current card data and shared primitives; no new Rust or wire contract is required.","tricerules/tricerules-cards/src/card_def.rs;tricerules/tricerules-cards/src/primitives;tricerules/tricerules-core/src/engine","https://magic.wizards.com/en/news/feature/the-hobbit-release-notes"
"139","HOB-common","19","322ff4a72813a251cd2fded2a17ae8245667f1850d212a340960ccff79b3a789","2476e42b-b209-4207-8ed9-cb668f89b218","2476e42b-b209-4207-8ed9-cb668f89b218","142","HOB","The Hobbit","common","Wood Elves","2G","Creature — Elf Scout","When this creature enters, search your library for a Forest card, put that card onto the battlefield, then shuffle.","normal","1","1","G","legal","full_now","composable_ron","Data","","","All sampled rules text is expressible through current card data and shared primitives; no new Rust or wire contract is required.","tricerules/tricerules-cards/src/card_def.rs;tricerules/tricerules-cards/src/primitives;tricerules/tricerules-core/src/engine","https://magic.wizards.com/en/news/feature/the-hobbit-release-notes"
"140","HOB-common","20","326a22323f11418dc21b59f550ecc111b1e82408dc0442dd94e5d0340c13cb5f","d76df9d0-56cf-4351-a5e8-e6ae6fc791d1","d76df9d0-56cf-4351-a5e8-e6ae6fc791d1","183","HOB","The Hobbit","common","Goblin-town","","Land","This land enters tapped.
{T}: Add {B} or {R}.
{2}{B}{R}, {T}, Sacrifice this land: Put two +1/+1 counters on target Goblin or Orc you control. Activate only as a sorcery.","normal","","","","legal","full_now","composable_ron","Data","","","All sampled rules text is expressible through current card data and shared primitives; no new Rust or wire contract is required.","tricerules/tricerules-cards/src/card_def.rs;tricerules/tricerules-cards/src/primitives;tricerules/tricerules-core/src/engine","https://magic.wizards.com/en/news/feature/the-hobbit-release-notes"
"141","HOB-uncommon","1","070fc59f259b39f0bd52e9a3df37ba62b8ee49dcc0e70fc9394e5c0abb06b6e6","ee88cc80-8fbf-451c-b2b8-09158426c26a","ee88cc80-8fbf-451c-b2b8-09158426c26a","147","HOB","The Hobbit","uncommon","Bifur, Melodic Rider","4{R/W}{R/W}","Legendary Creature — Dwarf Bard","Storied (If you control three or more artifacts, legendaries, and/or Sagas, you have an enduring story for the rest of the game.)
Whenever Bifur enters or attacks, put a +1/+1 counter on target creature.
As long as you have an enduring story, if a triggered ability of a Dwarf you control triggers, that ability triggers an additional time.","normal","4","5","WR","legal","partial_now","ron_after_omission","Engine","storied","trigger_additional_time","The enters-or-attacks counter trigger is composable; enduring story and doubling Dwarf triggers are absent.","tricerules/tricerules-cards/src/card_def.rs;tricerules/tricerules-cards/src/primitives;tricerules/tricerules-core/src/engine","https://magic.wizards.com/en/news/feature/the-hobbit-release-notes"
"142","HOB-uncommon","2","09ffa7be7ba8dbb0bf01d5fb8ad75d4da80f288a580f940c655ade437f937155","68f4893d-e9a5-4f89-ade3-9ab78a834ad5","68f4893d-e9a5-4f89-ade3-9ab78a834ad5","22","HOB","The Hobbit","uncommon","The Mountain-king's Return","2W","Enchantment — Saga","(As this Saga enters and after your draw step, add a lore counter. Sacrifice after III.)
I — Recruit. (Draw a card, then discard a card. If you discarded a nonland card, create a 1/1 white Human Soldier creature token.)
II — Return target creature card with mana value 3 or less from your graveyard to the battlefield.
III — Put a +1/+1 counter on up to one target creature.","saga","","","W","legal","blocked","shared_capability_required","Engine","saga","","Saga chapter progression, chapter triggering, and final sacrifice are absent.","tricerules/tricerules-cards/src/card_def.rs;tricerules/tricerules-cards/src/primitives;tricerules/tricerules-core/src/engine","https://magic.wizards.com/en/news/feature/the-hobbit-release-notes"
"143","HOB-uncommon","3","10c60ce1cd1e6fb547c4fbd2bbe5f9b09f6f9e5032cdeae0e2125a1fbc2cc766","63c317e7-432c-4817-8db4-3670a1d84be3","63c317e7-432c-4817-8db4-3670a1d84be3","88","HOB","The Hobbit","uncommon","Bombur, Gentle Dreamer","2R","Legendary Creature — Dwarf Bard","Storied (If you control three or more artifacts, legendaries, and/or Sagas, you have an enduring story for the rest of the game.)
Bombur doesn't untap during your untap step unless you have an enduring story.","normal","5","3","R","legal","blocked","shared_capability_required","Engine","storied","conditional_untap_story","The enduring-story designation and its conditional untap restriction are the substantive behavior.","tricerules/tricerules-cards/src/card_def.rs;tricerules/tricerules-cards/src/primitives;tricerules/tricerules-core/src/engine","https://magic.wizards.com/en/news/feature/the-hobbit-release-notes"
"144","HOB-uncommon","4","143abe8b339108260f7cfa7dc2828dbb097c8872b919d7f2bd24b2d62f64f76d","7c9bfc6e-648a-482b-9483-9e8538726f53","7c9bfc6e-648a-482b-9483-9e8538726f53","227","HOB","The Hobbit","uncommon","Glóin the Mighty // Easy Pickings","3R // 2R","Legendary Creature — Dwarf Warrior // Sorcery — Adventure","At the beginning of your first main phase, add {R}{R}.

---

Easy Pickings deals 1 damage to each creature your opponents control. (Then exile this card. You may cast the creature later from exile.)","adventure","4","3","R","legal","full_now","composable_ron","Data","","","All sampled rules text is expressible through current card data and shared primitives; no new Rust or wire contract is required.","tricerules/tricerules-cards/src/card_def.rs;tricerules/tricerules-cards/src/primitives;tricerules/tricerules-core/src/engine","https://magic.wizards.com/en/news/feature/the-hobbit-release-notes"
"145","HOB-uncommon","5","1461566d0af78d790fa36cc985aa419fc66980c0c807448ac08dd6e43905e4de","d3cbe830-7e95-4019-89c4-cfb36bcf00f8","d3cbe830-7e95-4019-89c4-cfb36bcf00f8","78","HOB","The Hobbit","uncommon","Nighthowl Pursuer","B","Creature — Wolf","Menace (This creature can't be blocked except by two or more creatures.)
Ferocious — Whenever this creature attacks while you control a creature with power 4 or greater, this creature gets +2/+2 until end of turn.","normal","1","1","B","legal","full_now","composable_ron","Data","","","All sampled rules text is expressible through current card data and shared primitives; no new Rust or wire contract is required.","tricerules/tricerules-cards/src/card_def.rs;tricerules/tricerules-cards/src/primitives;tricerules/tricerules-core/src/engine","https://magic.wizards.com/en/news/feature/the-hobbit-release-notes"
"146","HOB-uncommon","6","177be1c82fd9ae9f8e7a4cbf624ae0e801b669bf779ac35de7f35a551a07a91d","898c14a2-d897-4341-83ed-eee666df9648","898c14a2-d897-4341-83ed-eee666df9648","175","HOB","The Hobbit","uncommon","Key to the Side-Door","1","Artifact","{2}, {T}: Target creature can't be blocked this turn.
{1}, {T}, Discard a legendary card with the same name as a legendary permanent you control: Draw two cards.","normal","","","","legal","partial_now","ron_after_omission","Engine","activation_discard_relation","","The unblockable activation is composable; the draw activation needs a discarded legendary sharing a name with a controlled legendary.","tricerules/tricerules-cards/src/card_def.rs;tricerules/tricerules-cards/src/primitives;tricerules/tricerules-core/src/engine","https://magic.wizards.com/en/news/feature/the-hobbit-release-notes"
"147","HOB-uncommon","7","1f97d043518ac1ca62de828da55be3ffd8364f18ab003b2b073eb4a501060f9a","67304269-c595-4cf0-8dbf-fcb2e9e01fe2","67304269-c595-4cf0-8dbf-fcb2e9e01fe2","19","HOB","The Hobbit","uncommon","Lake-town Toymaker","3W","Creature — Human Artificer","At the beginning of combat on your turn, if you've drawn two or more cards this turn, another target creature you control gets +3/+0 and gains first strike until end of turn.","normal","3","4","W","legal","full_now","composable_ron","Data","","","All sampled rules text is expressible through current card data and shared primitives; no new Rust or wire contract is required.","tricerules/tricerules-cards/src/card_def.rs;tricerules/tricerules-cards/src/primitives;tricerules/tricerules-core/src/engine","https://magic.wizards.com/en/news/feature/the-hobbit-release-notes"
"148","HOB-uncommon","8","23f81d7619610b99f0ded325513204a0145ef2674f1e248f4719bdf78c7f3025","6dff14cd-b60b-48f4-9d9f-c9019b55df4c","6dff14cd-b60b-48f4-9d9f-c9019b55df4c","105","HOB","The Hobbit","uncommon","Misty Mountains Raider","4R","Creature — Goblin Soldier","Whenever you attack, amass Goblins 2. (Put two +1/+1 counters on an Army you control. It's also a Goblin. If you don't control an Army, create a 0/0 black Goblin Army creature token first.)","normal","4","4","R","legal","blocked","shared_capability_required","Engine","amass","","The only action of the attack trigger is Amass Goblins.","tricerules/tricerules-cards/src/card_def.rs;tricerules/tricerules-cards/src/primitives;tricerules/tricerules-core/src/engine","https://magic.wizards.com/en/news/feature/the-hobbit-release-notes"
"149","HOB-uncommon","9","275d7257b13de660e5e4f6f1ae33476533ef7d4f9fd513bf90b3c27ce0e26040","50202288-f433-4b56-8f60-349bda7b4f6b","50202288-f433-4b56-8f60-349bda7b4f6b","159","HOB","The Hobbit","uncommon","Large Bear","3{B/G}{B/G}","Creature — Bear","Reach, trample, haste","normal","5","5","BG","legal","full_now","composable_ron","Data","","","All sampled rules text is expressible through current card data and shared primitives; no new Rust or wire contract is required.","tricerules/tricerules-cards/src/card_def.rs;tricerules/tricerules-cards/src/primitives;tricerules/tricerules-core/src/engine","https://magic.wizards.com/en/news/feature/the-hobbit-release-notes"
"150","HOB-uncommon","10","298364b3d231c318ef498b60d3e2f3febc7fecc3adbbba2f13d2ab9be73137b4","0b84e232-428c-424a-848c-ef95debc6e50","0b84e232-428c-424a-848c-ef95debc6e50","145","HOB","The Hobbit","uncommon","Bard the Bowman","1WU","Legendary Creature — Human Archer","Reach
Whenever you draw your second card each turn, put a +1/+1 counter on target creature. It gains lifelink until end of turn.","normal","1","3","WU","legal","full_now","composable_ron","Data","","","All sampled rules text is expressible through current card data and shared primitives; no new Rust or wire contract is required.","tricerules/tricerules-cards/src/card_def.rs;tricerules/tricerules-cards/src/primitives;tricerules/tricerules-core/src/engine","https://magic.wizards.com/en/news/feature/the-hobbit-release-notes"
"151","HOB-uncommon","11","2fa23373478606de82055a22c98a40d17c20dd65a710cbc38f690824f6a880e2","c141695c-c108-41d5-85cb-1f7485d9d533","c141695c-c108-41d5-85cb-1f7485d9d533","37","HOB","The Hobbit","uncommon","Elven Raft-Steerer","2U","Creature — Elf Pilot","Landfall — Whenever a land you control enters, choose one —
• Tap target creature an opponent controls.
• Untap target creature you control.","normal","3","2","U","legal","full_now","composable_ron","Data","","","All sampled rules text is expressible through current card data and shared primitives; no new Rust or wire contract is required.","tricerules/tricerules-cards/src/card_def.rs;tricerules/tricerules-cards/src/primitives;tricerules/tricerules-core/src/engine","https://magic.wizards.com/en/news/feature/the-hobbit-release-notes"
"152","HOB-uncommon","12","35ad4c1fb90d9c33433d064de26d3601ce592acc9447103b45d5b6f03291e575","c7e18609-d1ed-4829-be11-f2ce2cfcbc49","c7e18609-d1ed-4829-be11-f2ce2cfcbc49","165","HOB","The Hobbit","uncommon","Thorin Oakenshield","RW","Legendary Creature — Dwarf Noble","Trample
Storied (If you control three or more artifacts, legendaries, and/or Sagas, you have an enduring story for the rest of the game.)
As long as you have an enduring story, artifacts and creatures you control have ward {1}.","normal","3","2","WR","legal","blocked","shared_capability_required","Engine","storied","","The enduring-story designation drives the substantive ward-granting behavior; trample alone is insufficient.","tricerules/tricerules-cards/src/card_def.rs;tricerules/tricerules-cards/src/primitives;tricerules/tricerules-core/src/engine","https://magic.wizards.com/en/news/feature/the-hobbit-release-notes"
"153","HOB-uncommon","13","35cbacf16ee888f3eb1d797be1ba2e6620d3e472e5b13ce56f35e6b652663a26","985bd676-58c4-42c7-a570-1b413e9aa94c","985bd676-58c4-42c7-a570-1b413e9aa94c","125","HOB","The Hobbit","uncommon","Galion, Elvenking's Butler","2GG","Legendary Creature — Elf Advisor","Whenever Galion attacks, choose up to one other target creature you control. Its base power and toughness become equal to Galion's power and toughness until end of turn.","normal","4","4","G","legal","blocked","shared_capability_required","Engine","animation","","Setting another target base power and toughness to two live source values is absent.","tricerules/tricerules-cards/src/card_def.rs;tricerules/tricerules-cards/src/primitives;tricerules/tricerules-core/src/engine","https://magic.wizards.com/en/news/feature/the-hobbit-release-notes"
"154","HOB-uncommon","14","37930c61ec39ed67f98ca6fb8f4555d0a7591c377e0fb123453f1b20097c4603","370e09c2-36c5-4662-8350-1db798afad3e","370e09c2-36c5-4662-8350-1db798afad3e","16","HOB","The Hobbit","uncommon","Iron Hills Blacksmith","1W","Creature — Dwarf Artificer","Double strike
When this creature enters, create a colorless Equipment artifact token named Axe with ""Equipped creature gets +1/+0"" and equip {2}.","normal","1","1","W","legal","full_now","composable_ron","Data","","","All sampled rules text is expressible through current card data and shared primitives; no new Rust or wire contract is required.","tricerules/tricerules-cards/src/card_def.rs;tricerules/tricerules-cards/src/primitives;tricerules/tricerules-core/src/engine","https://magic.wizards.com/en/news/feature/the-hobbit-release-notes"
"155","HOB-uncommon","15","396b7dec1c9d826651bfd55a70d26c217bee0b745553da7ad2dbe58197f1702e","ad0dba36-d056-4bc1-987a-391da26ad267","ad0dba36-d056-4bc1-987a-391da26ad267","179","HOB","The Hobbit","uncommon","Thrór's Map","2","Legendary Artifact","When Thrór's Map enters, search your library for a basic land card, reveal it, put it into your hand, then shuffle.
{2}, {T}: Draw a card, then discard a card.","normal","","","","legal","full_now","composable_ron","Data","","","All sampled rules text is expressible through current card data and shared primitives; no new Rust or wire contract is required.","tricerules/tricerules-cards/src/card_def.rs;tricerules/tricerules-cards/src/primitives;tricerules/tricerules-core/src/engine","https://magic.wizards.com/en/news/feature/the-hobbit-release-notes"
"156","HOB-uncommon","16","3b8cc67abb059f07381f1941cbfd22bedaee94c397cab076aac30dd070075b0c","c71b74fb-fb0c-4953-b536-7a3f283c6918","c71b74fb-fb0c-4953-b536-7a3f283c6918","163","HOB","The Hobbit","uncommon","Silvan Reveler","2GU","Creature — Elf Citizen","When this creature enters, draw a card, then discard a card. If you discard a land card this way, put it from your graveyard onto the battlefield tapped.
Landfall — Whenever a land you control enters, you may pay {1}{G}{U}. If you do, return this card from your graveyard to your hand.","normal","3","2","UG","legal","partial_now","ron_after_omission","Engine","graveyard_trigger_source","","The ETB discard and land move are composable; a Landfall trigger functioning from the source graveyard is not.","tricerules/tricerules-cards/src/card_def.rs;tricerules/tricerules-cards/src/primitives;tricerules/tricerules-core/src/engine","https://magic.wizards.com/en/news/feature/the-hobbit-release-notes"
"157","HOB-uncommon","17","444fc8ecc1a3b3fac4dc3a44e0767bf7d7a0498cd9966a8f42031dace76ae12b","bd0f0415-43af-4f5d-8999-853c5d42780d","bd0f0415-43af-4f5d-8999-853c5d42780d","95","HOB","The Hobbit","uncommon","Dwarven Mauler","R","Creature — Dwarf Warrior","Equip abilities you activate that target this creature cost {2} less to activate.","normal","2","1","R","legal","blocked","shared_capability_required","Engine","external_equip_cost_modifier","","The static ability modifies Equip activations targeting this source, a cost-modifier relation not represented.","tricerules/tricerules-cards/src/card_def.rs;tricerules/tricerules-cards/src/primitives;tricerules/tricerules-core/src/engine","https://magic.wizards.com/en/news/feature/the-hobbit-release-notes"
"158","HOB-uncommon","18","453aea77f7e3e5a655e5784f330febd36eb05a33a2a9430a0445cca14a2dfb8b","42fbd61d-e1a6-465d-b1a3-f5ee0869d3af","42fbd61d-e1a6-465d-b1a3-f5ee0869d3af","7","HOB","The Hobbit","uncommon","Celebrate the Mountain-king","3W","Enchantment","When this enchantment enters, for each opponent, exile up to one target nonland permanent that player controls until this enchantment leaves the battlefield.
When this enchantment enters, recruit. (Draw a card, then discard a card. If you discarded a nonland card, create a 1/1 white Human Soldier creature token.)","normal","","","W","legal","blocked","shared_capability_required","Engine","multi_opponent_exile","","The ETB needs one separately chosen nonland permanent per opponent linked to the source; Recruit itself is composable.","tricerules/tricerules-cards/src/card_def.rs;tricerules/tricerules-cards/src/primitives;tricerules/tricerules-core/src/engine","https://magic.wizards.com/en/news/feature/the-hobbit-release-notes"
"159","HOB-uncommon","19","48b0356811cd86be7d638b8fe037af73202ca2ae375a6c192a15c693e85b333c","ca0f7bf4-b8a2-4ec4-ad7e-b639de9fa76a","ca0f7bf4-b8a2-4ec4-ad7e-b639de9fa76a","138","HOB","The Hobbit","uncommon","Troll Negotiations","2GG","Sorcery","Put two +1/+1 counters on target creature you control. Then it fights target creature an opponent controls. (Each deals damage equal to its power to the other.)","normal","","","G","legal","full_now","composable_ron","Data","","","All sampled rules text is expressible through current card data and shared primitives; no new Rust or wire contract is required.","tricerules/tricerules-cards/src/card_def.rs;tricerules/tricerules-cards/src/primitives;tricerules/tricerules-core/src/engine","https://magic.wizards.com/en/news/feature/the-hobbit-release-notes"
"160","HOB-uncommon","20","53d51ad9eaf75fbe070269aeb689c9ab2cbbd3d74537115a6132d96db2738a13","6cbcd606-b864-4b81-9596-e7788befdd1f","6cbcd606-b864-4b81-9596-e7788befdd1f","199","HOB","The Hobbit","uncommon","Troop of Ponies","2","Creature — Horse","{2}, {T}, Sacrifice this creature: Search your library for up to two basic land cards, reveal them, put one onto the battlefield tapped and the other into your hand, then shuffle.","normal","2","1","","legal","partial_now","ron_after_omission","Engine","split_search_destination","","The sacrifice/search ability is composable except for placing two selected basics into different destinations.","tricerules/tricerules-cards/src/card_def.rs;tricerules/tricerules-cards/src/primitives;tricerules/tricerules-core/src/engine","https://magic.wizards.com/en/news/feature/the-hobbit-release-notes"
