"sample_id","stratum","stratum_rank","selection_hash","oracle_id","scryfall_id","name","mana_cost","type_line","oracle_text","keywords","layout","power","toughness","faces_json","classification","implementation_family","recommended_tier","primary_gap","secondary_gaps","rationale","code_evidence","scryfall_uri","rulings_uri"
"1","BRO-common","1","02c6faa0c821a50749d3108183ab91f73c718d4c6ad7e2658ffd06e748d719c9","cd583365-27cc-4170-b138-4b3dd0d842b6","cfa00c0e-163d-4f59-b8b9-3ee9143d27bb","Ambush Paratrooper","{1}{W}","Creature — Human Soldier","Flash
Flying
{5}: Creatures you control get +1/+1 until end of turn.","Flying; Flash","normal","1","2","[]","full_now","composable_ron","Data","","","Flash/flying and fixed mass-pump activation.","tricerules/tricerules-cards/src/card_def.rs;tricerules/tricerules-cards/src/primitives/abilities.rs;tricerules/tricerules-cards/src/primitives/effects.rs;tricerules/tricerules-cards/src/primitives/targeting.rs","https://scryfall.com/card/bro/3/ambush-paratrooper?utm_source=api","https://api.scryfall.com/cards/cfa00c0e-163d-4f59-b8b9-3ee9143d27bb/rulings"
"2","BRO-common","2","0580c020662708a64136a1495179cb43a592876913b1a750a470b31c29bcc464","3808afb9-962f-48ba-94c5-6b3eae7053d0","c8e133a2-631f-43f6-9fdd-e542d4d15e10","Dredging Claw","{2}","Artifact — Equipment","Equipped creature gets +1/+0 and has menace. (It can't be blocked except by two or more creatures.)
Whenever a creature enters from your graveyard, you may attach this Equipment to it.
Equip {1}{B} ({1}{B}: Attach to target creature you control. Equip only as a sorcery.)","Equip","normal","","","[]","partial_now","capability_gap","SharedPrimitiveOrMechanic","attachment_action","zone_observer","Equipment modifiers work; graveyard-origin entry watcher and untargeted attach do not.","tricerules/tricerules-cards/src/primitives/abilities.rs;tricerules/tricerules-cards/src/primitives/effects.rs;tricerules/tricerules-core/src/engine/mod.rs;tricerules/tricerules-core/src/engine/triggers.rs","https://scryfall.com/card/bro/119/dredging-claw?utm_source=api","https://api.scryfall.com/cards/c8e133a2-631f-43f6-9fdd-e542d4d15e10/rulings"
"3","BRO-common","3","0770031684ed6a62f56053facc2ce51cfaba5c5857e94d5d647b499b713cd469","552867ec-5741-4e34-813f-4aaf185661f7","e28de770-7975-4aa9-b656-e7dbe6bff290","Scrapwork Rager","{4}","Artifact Creature — Phyrexian Horror","When this creature enters, you draw a card and you lose 1 life.
Unearth {3}{B} ({3}{B}: Return this card from your graveyard to the battlefield. It gains haste. Exile it at the beginning of the next end step or if it would leave the battlefield. Unearth only as a sorcery.)","Unearth","normal","2","2","[]","partial_now","capability_gap","SharedPrimitiveOrMechanic","unearth","","ETB draw/life loss works; Unearth lifecycle absent.","tricerules/tricerules-cards/src/card_def.rs;tricerules/tricerules-cards/src/primitives/abilities.rs;tricerules/tricerules-cards/src/primitives/effects.rs;tricerules/tricerules-cards/src/primitives/targeting.rs","https://scryfall.com/card/bro/123/scrapwork-rager?utm_source=api","https://api.scryfall.com/cards/e28de770-7975-4aa9-b656-e7dbe6bff290/rulings"
"4","BRO-common","4","07e55987489bf14576d08679844115950eaa591293fda51a4d7e9eab26eee9d1","cb690399-0fb8-4bd8-a73d-5e0e594ff2ae","4dc2da75-160d-47f9-b978-e153262ec1fc","Fallaji Chaindancer","{3}{R}","Creature — Human Soldier","{2}: This creature gains double strike until end of turn.","","normal","2","4","[]","full_now","composable_ron","Data","","","Fixed mana activation grants double strike to source.","tricerules/tricerules-cards/src/card_def.rs;tricerules/tricerules-cards/src/primitives/abilities.rs;tricerules/tricerules-cards/src/primitives/effects.rs;tricerules/tricerules-cards/src/primitives/targeting.rs","https://scryfall.com/card/bro/134/fallaji-chaindancer?utm_source=api","https://api.scryfall.com/cards/4dc2da75-160d-47f9-b978-e153262ec1fc/rulings"
"5","BRO-common","5","0a5a0c87159da4a2e63fa295a9fb2d3512babe0489c6c0fff47843081bde2e2b","e3bad2e2-1024-4261-b3d7-82a6998416fd","fcc65821-e4e7-471c-941c-9d3e25ae8bb9","Aeronaut's Wings","{2}","Artifact — Equipment","Equipped creature gets +1/+0 and has flying.
Equip {2} ({2}: Attach to target creature you control. Equip only as a sorcery.)","Equip","normal","","","[]","full_now","composable_ron","Data","","","AttachedModifier plus ordinary Equip.","tricerules/tricerules-cards/src/card_def.rs;tricerules/tricerules-cards/src/primitives/abilities.rs;tricerules/tricerules-cards/src/primitives/effects.rs;tricerules/tricerules-cards/src/primitives/targeting.rs","https://scryfall.com/card/bro/231/aeronauts-wings?utm_source=api","https://api.scryfall.com/cards/fcc65821-e4e7-471c-941c-9d3e25ae8bb9/rulings"
"6","BRO-common","6","0cd6c58fd9dea5cfb44796c67a124882207b1350ede3ca1b7ad88352903d0644","2625fa9c-638c-46d3-966b-1166f440186f","0ba00d0f-0ea5-417c-a792-06b3b9d1c8f1","Goblin Firebomb","{1}","Artifact","Flash
{7}, {T}, Sacrifice this artifact: Destroy target permanent.","Flash","normal","","","[]","full_now","composable_ron","Data","","","Flash artifact with mana/tap/sacrifice-self cost and permanent destruction.","tricerules/tricerules-cards/src/card_def.rs;tricerules/tricerules-cards/src/primitives/abilities.rs;tricerules/tricerules-cards/src/primitives/effects.rs;tricerules/tricerules-cards/src/primitives/targeting.rs","https://scryfall.com/card/bro/235/goblin-firebomb?utm_source=api","https://api.scryfall.com/cards/0ba00d0f-0ea5-417c-a792-06b3b9d1c8f1/rulings"
"7","BRO-common","7","0da9872b03d195238ea353c89d97e3b989d16946942718c5781b39cd1b8b68d1","ede2354a-64b0-402c-8fbe-9da90f811a9b","87c71fb1-a30b-4e0e-a6d6-4656cfff2da1","Mishra's Domination","{1}{R}","Enchantment — Aura","Enchant creature
As long as you control enchanted creature, it gets +2/+2. Otherwise, it can't block.","Enchant","normal","","","[]","blocked","capability_gap","SharedPrimitiveOrMechanic","object_condition","","Attached modifier lacks source-versus-attached controller comparison.","tricerules/tricerules-cards/src/card_def.rs;tricerules/tricerules-cards/src/primitives/abilities.rs;tricerules/tricerules-cards/src/primitives/effects.rs;tricerules/tricerules-cards/src/primitives/targeting.rs","https://scryfall.com/card/bro/142/mishras-domination?utm_source=api","https://api.scryfall.com/cards/87c71fb1-a30b-4e0e-a6d6-4656cfff2da1/rulings"
"8","BRO-common","8","0f52ebc8b156b3c2d0ad4c1e37aea9d969d6b97b1654889c19d3c4945b763e3b","0d5a1870-6d26-47e7-a86c-f3ff15cb0707","a1e088de-e99f-4706-89e0-a7efdaf9403a","Lat-Nam Adept","{3}{U}","Creature — Human Wizard","Whenever you draw your second card each turn, put a +1/+1 counter on this creature.","","normal","3","3","[]","full_now","composable_ron","Data","","","Draw-second-card trigger and source counter placement.","tricerules/tricerules-cards/src/card_def.rs;tricerules/tricerules-cards/src/primitives/abilities.rs;tricerules/tricerules-cards/src/primitives/effects.rs;tricerules/tricerules-cards/src/primitives/targeting.rs","https://scryfall.com/card/bro/56/lat-nam-adept?utm_source=api","https://api.scryfall.com/cards/a1e088de-e99f-4706-89e0-a7efdaf9403a/rulings"
"9","BRO-common","9","112cffdc2b4e096624bf195a291d929772a92f453c00b21a6c5504bf28e23697","c183186b-d92c-45a2-92d1-42e0df2b441f","fc295bac-5031-46c8-8d9a-368656bcf6d3","Clay Revenant","{1}","Artifact Creature — Golem","This creature enters tapped.
{2}{B}: Return this card from your graveyard to your hand.","","normal","1","2","[]","partial_now","capability_gap","SharedPrimitiveOrMechanic","attachment_action","","Tapped entry works; graveyard-source return-to-hand is missing.","tricerules/tricerules-cards/src/primitives/effects.rs","https://scryfall.com/card/bro/118/clay-revenant?utm_source=api","https://api.scryfall.com/cards/fc295bac-5031-46c8-8d9a-368656bcf6d3/rulings"
"10","BRO-common","10","119ad7ad2a199d4bb74df82854af3cda4058a0e9512362ae5f1968b07604cd71","a7e97fa9-4b72-4548-b854-5be5f18a6f1a","658c5caa-d739-4d30-a512-43ac4de900cb","Disenchant","{1}{W}","Instant","Destroy target artifact or enchantment.","","normal","","","[]","full_now","composable_ron","Data","","","Artifact-or-enchantment target disjunction and Destroy.","tricerules/tricerules-cards/src/card_def.rs;tricerules/tricerules-cards/src/primitives/abilities.rs;tricerules/tricerules-cards/src/primitives/effects.rs;tricerules/tricerules-cards/src/primitives/targeting.rs","https://scryfall.com/card/bro/6/disenchant?utm_source=api","https://api.scryfall.com/cards/658c5caa-d739-4d30-a512-43ac4de900cb/rulings"
"11","BRO-common","11","1239bc6d440adbd76aa16aa07b606b8b0a11811801c985abba56437cd55fb57a","a91f93fd-e428-4a36-b1b3-604b47a34287","23d4b90c-95b1-4828-bc08-7067da0d5364","Tocasia's Dig Site","","Land","{T}: Add {C}.
{3}, {T}: Surveil 1. (Look at the top card of your library. You may put it into your graveyard.)","Surveil","normal","","","[]","full_now","composable_ron","Data","","","Colorless mana and activated LibraryPartition Surveil.","tricerules/tricerules-cards/src/card_def.rs;tricerules/tricerules-cards/src/primitives/abilities.rs;tricerules/tricerules-cards/src/primitives/effects.rs;tricerules/tricerules-cards/src/primitives/targeting.rs","https://scryfall.com/card/bro/266/tocasias-dig-site?utm_source=api","https://api.scryfall.com/cards/23d4b90c-95b1-4828-bc08-7067da0d5364/rulings"
"12","BRO-common","12","1278b2b73a20c363343d3dcf47075420ff8b9b32f8cecc672011655ef15bf0a7","b7618312-6835-4851-9651-b5402001b3b0","d5ae38a2-2f95-4750-9b59-53eb1771e5ab","Swiftgear Drake","{5}","Artifact Creature — Drake","Flying, haste
When this creature enters, put up to one target card from a graveyard on the bottom of its owner's library.","Flying; Haste","normal","2","4","[]","full_now","composable_ron","Data","","","Optional any-graveyard target and owner-library bottom destination.","tricerules/tricerules-cards/src/card_def.rs;tricerules/tricerules-cards/src/primitives/abilities.rs;tricerules/tricerules-cards/src/primitives/effects.rs;tricerules/tricerules-cards/src/primitives/targeting.rs","https://scryfall.com/card/bro/251/swiftgear-drake?utm_source=api","https://api.scryfall.com/cards/d5ae38a2-2f95-4750-9b59-53eb1771e5ab/rulings"
"13","BRO-common","13","16aab43f18d84e08ef23e201a6f937d2614f3e6b7198bd9124298df229b6e7ef","04e5ecda-9646-4bc3-addf-cca471553fbe","6759acb8-82c0-479f-86f3-f22ca7a2006c","Carrion Locust","{2}{B}","Creature — Insect Horror","Flying
When this creature enters, exile target card from an opponent's graveyard. If it was a creature card, that player loses 1 life.","Flying","normal","2","1","[]","partial_now","capability_gap","SharedPrimitiveOrMechanic","target_predicate","result_continuation","Flying works; opponent graveyard filter and exiled-card branch/recipient need expansion.","tricerules/tricerules-cards/src/primitives/effects.rs;tricerules/tricerules-cards/src/primitives/targeting.rs;tricerules/tricerules-core/src/engine/legal_actions.rs;tricerules/tricerules-core/src/engine/targeting.rs","https://scryfall.com/card/bro/87/carrion-locust?utm_source=api","https://api.scryfall.com/cards/6759acb8-82c0-479f-86f3-f22ca7a2006c/rulings"
"14","BRO-common","14","1862f9f4df92e772ed21bb90bb0de41d229b011cb2d62f18ff403a90bed50228","ce291948-125d-493d-8770-8b3aac515f9b","a842a945-21d9-432c-b970-6da65b16f309","Citanul Stalwart","{G}","Creature — Elf Druid Soldier","{T}, Tap an untapped artifact or creature you control: Add one mana of any color.","","normal","1","1","[]","full_now","composable_ron","Data","","","Tap plus TapPermanents union cost and five mana options.","tricerules/tricerules-cards/src/card_def.rs;tricerules/tricerules-cards/src/primitives/abilities.rs;tricerules/tricerules-cards/src/primitives/effects.rs;tricerules/tricerules-cards/src/primitives/targeting.rs","https://scryfall.com/card/bro/175/citanul-stalwart?utm_source=api","https://api.scryfall.com/cards/a842a945-21d9-432c-b970-6da65b16f309/rulings"
"15","BRO-common","15","19b9c8c4af3534e4cb9bfab26021a2d4868974af506d3a843d6031eacee9397f","2497926c-b253-4400-b540-776ee2cd807c","c94a3317-7d1f-4f29-8353-180f1ab48d18","Gixian Infiltrator","{1}{B}","Creature — Phyrexian Human","Whenever you sacrifice another permanent, put a +1/+1 counter on this creature.","","normal","2","1","[]","full_now","composable_ron","Data","","","Sacrifice observer excludes source; source counter effect.","tricerules/tricerules-cards/src/card_def.rs;tricerules/tricerules-cards/src/primitives/abilities.rs;tricerules/tricerules-cards/src/primitives/effects.rs;tricerules/tricerules-cards/src/primitives/targeting.rs","https://scryfall.com/card/bro/98/gixian-infiltrator?utm_source=api","https://api.scryfall.com/cards/c94a3317-7d1f-4f29-8353-180f1ab48d18/rulings"
"16","BRO-common","16","1d3d8c7eb771ed706de6785897dc00e4b3f1e4f538f99c1125bb27076cd95543","cc9d3868-9814-4506-80b3-660bc462ff98","b22586ce-efcc-4b20-83f9-c23b8eeaa88c","Argothian Opportunist","{2}{G}","Creature — Human Scout","When this creature enters, create a tapped Powerstone token. (It's an artifact with ""{T}: Add {C}. This mana can't be spent to cast a nonartifact spell."")","","normal","3","2","[]","blocked","capability_gap","SharedPrimitiveOrMechanic","powerstone_mana","","Tapped tokens exist; exact Powerstone spending permission is not expressible.","tricerules/tricerules-cards/src/card_def.rs;tricerules/tricerules-cards/src/primitives/abilities.rs;tricerules/tricerules-cards/src/primitives/effects.rs;tricerules/tricerules-cards/src/primitives/targeting.rs","https://scryfall.com/card/bro/167/argothian-opportunist?utm_source=api","https://api.scryfall.com/cards/b22586ce-efcc-4b20-83f9-c23b8eeaa88c/rulings"
"17","BRO-common","17","1d8d4b996fd35954315003e321507553ecd2668b9013fcf5ddc926ef68d1f5b8","5fc09704-56cf-4e47-bd96-27ac34434941","6559afec-6bb8-4501-8805-4eb108443048","Hoarding Recluse","{3}{G}","Creature — Spider","Reach, deathtouch
When this creature dies, put up to one other target card from a graveyard on the bottom of its owner's library.","Reach; Deathtouch","normal","2","3","[]","partial_now","capability_gap","SharedPrimitiveOrMechanic","target_predicate","","Reach/deathtouch work; graveyard target cannot exclude the dying source.","tricerules/tricerules-cards/src/primitives/effects.rs;tricerules/tricerules-cards/src/primitives/targeting.rs;tricerules/tricerules-core/src/engine/legal_actions.rs;tricerules/tricerules-core/src/engine/targeting.rs","https://scryfall.com/card/bro/186/hoarding-recluse?utm_source=api","https://api.scryfall.com/cards/6559afec-6bb8-4501-8805-4eb108443048/rulings"
"18","BRO-common","18","225f9d31a08ea1bf285c635cb9df19817d64fa10acce27955f7853db389dba25","37069c66-c17a-40ac-80f4-14ef49d18008","d08eadf5-a86d-4e8d-b65d-79b4f88477b9","Machine Over Matter","{1}{U}","Instant","This spell costs {1} less to cast if you control an artifact creature.
Return target nonland permanent to its owner's hand.","","normal","","","[]","full_now","composable_ron","Data","","","Artifact-creature BattlefieldAggregate condition reduces generic cost; bounce.","tricerules/tricerules-cards/src/card_def.rs;tricerules/tricerules-cards/src/primitives/abilities.rs;tricerules/tricerules-cards/src/primitives/effects.rs;tricerules/tricerules-cards/src/primitives/targeting.rs","https://scryfall.com/card/bro/57/machine-over-matter?utm_source=api","https://api.scryfall.com/cards/d08eadf5-a86d-4e8d-b65d-79b4f88477b9/rulings"
"19","BRO-common","19","2397e89e1378863ca9bb623bf49825adfaa565d956cce6b81dc01adbfbb60b0e","77eafe49-b9c5-461d-89c5-cec217dd2974","aaa9c6f1-3938-448b-bdc3-22420c5984d3","Disfigure","{B}","Instant","Target creature gets -2/-2 until end of turn.","","normal","","","[]","full_now","composable_ron","Data","","","Fixed negative PumpTarget.","tricerules/tricerules-cards/src/card_def.rs;tricerules/tricerules-cards/src/primitives/abilities.rs;tricerules/tricerules-cards/src/primitives/effects.rs;tricerules/tricerules-cards/src/primitives/targeting.rs","https://scryfall.com/card/bro/91/disfigure?utm_source=api","https://api.scryfall.com/cards/aaa9c6f1-3938-448b-bdc3-22420c5984d3/rulings"
"20","BRO-common","20","2a8823dbe9ea3cc92335db88d60a74f7fac177f8f289c80e0f3ee577bbf83d2f","0dbcc5d8-9533-48fd-a69d-bbc6c72aaac5","b5dbc383-7e08-4701-8d4a-6b99b74fe358","Argothian Sprite","{1}{G}","Creature — Faerie","This creature can't be blocked by artifact creatures.
{7}: Put two +1/+1 counters on this creature.","","normal","2","2","[]","partial_now","capability_gap","SharedPrimitiveOrMechanic","combat_predicate","","Source counter activation works; artifact-blocker evasion missing.","tricerules/tricerules-cards/src/primitives/abilities.rs;tricerules/tricerules-cards/src/primitives/keywords.rs;tricerules/tricerules-core/src/engine/combat.rs;tricerules/tricerules-core/src/engine/legal_actions.rs","https://scryfall.com/card/bro/168/argothian-sprite?utm_source=api","https://api.scryfall.com/cards/b5dbc383-7e08-4701-8d4a-6b99b74fe358/rulings"
"21","BRO-common","21","2e998cb7f966b3af6ee50791fcea840fce66a689bb05851c62d4b5c076038309","7fa1430f-cd2e-4071-a161-e32a61e33714","c44b24de-60b4-4855-9111-f1237f71bc4d","Sibling Rivalry","{3}{R}","Sorcery","Gain control of target artifact or creature until end of turn. Untap it. It gains haste until end of turn. Create a tapped Powerstone token. (It's an artifact with ""{T}: Add {C}. This mana can't be spent to cast a nonartifact spell."")","","normal","","","[]","partial_now","capability_gap","SharedPrimitiveOrMechanic","powerstone_mana","","Temporary control/untap/haste works; exact Powerstone mana missing.","tricerules/tricerules-cards/src/card_def.rs;tricerules/tricerules-cards/src/primitives/abilities.rs;tricerules/tricerules-cards/src/primitives/effects.rs;tricerules/tricerules-cards/src/primitives/targeting.rs","https://scryfall.com/card/bro/152/sibling-rivalry?utm_source=api","https://api.scryfall.com/cards/c44b24de-60b4-4855-9111-f1237f71bc4d/rulings"
"22","BRO-common","22","32698e8bf01ac0fb96533c77196ff23f791080b1c6f21bbebd28270eb5e94516","7c3982c5-6af3-4937-8d1f-e006f4e89342","48f97974-bb65-46b0-a710-12fa4b9343ac","Kill-Zone Acrobat","{2}{B}","Creature — Human Soldier","Whenever this creature attacks, you may sacrifice another creature or artifact. If you do, this creature gains flying until end of turn.","","normal","3","2","[]","full_now","composable_ron","Data","","","Attack trigger with optional resolution sacrifice and source flying.","tricerules/tricerules-cards/src/card_def.rs;tricerules/tricerules-cards/src/primitives/abilities.rs;tricerules/tricerules-cards/src/primitives/effects.rs;tricerules/tricerules-cards/src/primitives/targeting.rs","https://scryfall.com/card/bro/106/kill-zone-acrobat?utm_source=api","https://api.scryfall.com/cards/48f97974-bb65-46b0-a710-12fa4b9343ac/rulings"
"23","BRO-common","23","32dd797c3a855a23a26a088b8b17954903c1ec93e1a29be8d17614855a49a8b4","bd101a9b-4c1e-44c8-b9ef-cd79c4d28f36","acbd975d-52f8-4fba-bf97-b8837413edd8","Tawnos's Tinkering","{3}{G}","Instant","Put two +1/+1 counters on target artifact, creature, or land you control. Untap that permanent. If it isn't a creature, it becomes a 0/0 creature in addition to its other types.","","normal","","","[]","partial_now","capability_gap","SharedPrimitiveOrMechanic","animation","result_continuation","Counters/untap work; post-effect conditional noncreature animation missing.","tricerules/tricerules-cards/src/card_def.rs;tricerules/tricerules-cards/src/primitives/abilities.rs;tricerules/tricerules-cards/src/primitives/effects.rs;tricerules/tricerules-cards/src/primitives/targeting.rs","https://scryfall.com/card/bro/191/tawnoss-tinkering?utm_source=api","https://api.scryfall.com/cards/acbd975d-52f8-4fba-bf97-b8837413edd8/rulings"
"24","BRO-common","24","3937b0012e1cdf7f3c03f05bdde9517b0dcc6a3df20d76b5ddae69b67cdd77ed","e43e8c00-f1e7-49d2-bb27-f1c16d85cc22","2a64e330-1257-4ec3-9a75-889cdcac3ade","Recommission","{1}{W}","Sorcery","Return target artifact or creature card with mana value 3 or less from your graveyard to the battlefield. If a creature enters this way, it enters with an additional +1/+1 counter on it.","","normal","","","[]","blocked","capability_gap","SharedPrimitiveOrMechanic","target_predicate","result_continuation","Graveyard MV bound and creature-only entry counters need support.","tricerules/tricerules-cards/src/primitives/effects.rs;tricerules/tricerules-cards/src/primitives/targeting.rs;tricerules/tricerules-core/src/engine/legal_actions.rs;tricerules/tricerules-core/src/engine/targeting.rs","https://scryfall.com/card/bro/22/recommission?utm_source=api","https://api.scryfall.com/cards/2a64e330-1257-4ec3-9a75-889cdcac3ade/rulings"
"25","BRO-common","25","39552a1ea6ddd3c10ca3e8af10164060c461123dd05f5fe189986b38d8d66059","bf037457-82e3-45fd-bc17-5bc25e66c15e","b0eab397-25a6-4377-8e12-e8acef9675cf","Fallaji Archaeologist","{1}{U}","Creature — Human Scout","When this creature enters, mill three cards. You may put a noncreature, nonland card from among the cards milled this way into your hand. If you don't, put a +1/+1 counter on this creature. (To mill a card, put the top card of your library into your graveyard.)","Mill","normal","0","3","[]","partial_now","capability_gap","SharedPrimitiveOrMechanic","result_continuation","","Mill works; selected milled-card recovery and declined-choice branch missing.","tricerules/tricerules-cards/src/primitives/effects.rs","https://scryfall.com/card/bro/48/fallaji-archaeologist?utm_source=api","https://api.scryfall.com/cards/b0eab397-25a6-4377-8e12-e8acef9675cf/rulings"
"26","BRO-common","26","39dd2dd0bd5b2f4090b4162c88dd32f9b81ddc7c4ed3ac8b2449cecd09959807","f13baf38-27fc-4c5d-8fee-459eefdb32da","2323301f-565a-4c0f-bffd-18386ccd1f7a","Powerstone Fracture","{1}{B}","Sorcery","As an additional cost to cast this spell, sacrifice an artifact or creature.
Destroy target creature or planeswalker.","","normal","","","[]","full_now","composable_ron","Data","","","Artifact-or-creature sacrifice additional cost and creature/planeswalker destruction.","tricerules/tricerules-cards/src/card_def.rs;tricerules/tricerules-cards/src/primitives/abilities.rs;tricerules/tricerules-cards/src/primitives/effects.rs;tricerules/tricerules-cards/src/primitives/targeting.rs","https://scryfall.com/card/bro/112/powerstone-fracture?utm_source=api","https://api.scryfall.com/cards/2323301f-565a-4c0f-bffd-18386ccd1f7a/rulings"
"27","BRO-common","27","3cdaa2280f922871e6b13a43ca115f360d14edf88586abfb8afaea382c47a070","82caf3e2-da42-4851-b4db-546e2403c4bf","6e6e5338-9b95-4ac7-a57c-5efaa6423531","Boulderbranch Golem","{7}","Artifact Creature — Golem","Prototype {3}{G} — 3/3 (You may cast this spell with different mana cost, color, and size. It keeps its abilities and types.)
When this creature enters, you gain life equal to its power.","Prototype","prototype","6","5","[]","blocked","capability_gap","SharedPrimitiveOrMechanic","prototype","quantity","Prototype missing; ETB life amount cannot read source power.","tricerules/tricerules-cards/src/card_def.rs;tricerules/tricerules-cards/src/primitives/abilities.rs;tricerules/tricerules-cards/src/primitives/effects.rs;tricerules/tricerules-cards/src/primitives/targeting.rs;tricerules/tricerules-core/src/engine/history.rs","https://scryfall.com/card/bro/197/boulderbranch-golem?utm_source=api","https://api.scryfall.com/cards/6e6e5338-9b95-4ac7-a57c-5efaa6423531/rulings"
"28","BRO-common","28","43269d43b5bc5a2c30d7ebd5f5b582fb2f32c9acce2caab34c8b3ca1d7d8b8ac","4de71245-9d9b-44ca-9c13-37dc3dfbbcd5","5aa63321-aa28-449d-a31f-869a98c5a6be","Mine Worker","{2}","Artifact Creature — Assembly-Worker","{T}: You gain 1 life. If you control creatures named Power Plant Worker and Tower Worker, you gain 3 life instead.","","normal","2","1","[]","full_now","composable_ron","Data","","","Nested FirstApplicable branches over two named battlefield-count conditions.","tricerules/tricerules-cards/src/card_def.rs;tricerules/tricerules-cards/src/primitives/abilities.rs;tricerules/tricerules-cards/src/primitives/effects.rs;tricerules/tricerules-cards/src/primitives/targeting.rs","https://scryfall.com/card/bro/239/mine-worker?utm_source=api","https://api.scryfall.com/cards/5aa63321-aa28-449d-a31f-869a98c5a6be/rulings"
"29","BRO-common","29","45fa0c933aca97b67d26cafeb75eaf004066fb95afa8225a127558bb63def14e","ee2c8714-6e85-4eb5-9bd6-057b6abfb136","1873cc9e-30b6-498e-b008-9d11a8bbf9b9","Warlord's Elite","{2}{W}","Creature — Human Soldier","As an additional cost to cast this spell, tap two untapped artifacts, creatures, and/or lands you control.","","normal","4","4","[]","full_now","composable_ron","Data","","","Mandatory two-object TapPermanents additional cost.","tricerules/tricerules-cards/src/card_def.rs;tricerules/tricerules-cards/src/primitives/abilities.rs;tricerules/tricerules-cards/src/primitives/effects.rs;tricerules/tricerules-cards/src/primitives/targeting.rs","https://scryfall.com/card/bro/32/warlords-elite?utm_source=api","https://api.scryfall.com/cards/1873cc9e-30b6-498e-b008-9d11a8bbf9b9/rulings"
"30","BRO-common","30","467235077d8c58390a7365b84c6de44752ecdaabaa64b42b51d0311d290174d5","0180bed7-892a-4af9-ac4b-96c9cd4beb42","f1140cb9-6c48-4054-966e-5cc02aa7d5a4","Gix's Caress","{2}{B}","Sorcery","Target opponent reveals their hand. You choose a nonland card from it. That player discards that card.
Create a tapped Powerstone token. (It's an artifact with ""{T}: Add {C}. This mana can't be spent to cast a nonartifact spell."")","","normal","","","[]","partial_now","capability_gap","SharedPrimitiveOrMechanic","powerstone_mana","","Public hand discard works; exact Powerstone mana missing.","tricerules/tricerules-cards/src/card_def.rs;tricerules/tricerules-cards/src/primitives/abilities.rs;tricerules/tricerules-cards/src/primitives/effects.rs;tricerules/tricerules-cards/src/primitives/targeting.rs","https://scryfall.com/card/bro/96/gixs-caress?utm_source=api","https://api.scryfall.com/cards/f1140cb9-6c48-4054-966e-5cc02aa7d5a4/rulings"
"31","BRO-uncommon","1","00b5d77c22c60cd2fc930a349fe4595fe27bd60ddeae73daf43d5a693ccd3ae8","cb7e451b-a9d2-4f50-9651-b5df34e34d99","7d356456-865d-4c92-8923-ce7384e29a79","Disciples of Gix","{4}{B}{B}","Creature — Phyrexian Human","When this creature enters, search your library for up to three artifact cards, put them into your graveyard, then shuffle.","","normal","4","4","[]","blocked","capability_gap","SharedPrimitiveOrMechanic","library_algorithm","","SearchLibrary has no graveyard destination.","tricerules/tricerules-cards/src/card_def.rs;tricerules/tricerules-cards/src/primitives/abilities.rs;tricerules/tricerules-cards/src/primitives/effects.rs;tricerules/tricerules-cards/src/primitives/targeting.rs","https://scryfall.com/card/bro/90/disciples-of-gix?utm_source=api","https://api.scryfall.com/cards/7d356456-865d-4c92-8923-ce7384e29a79/rulings"
"32","BRO-uncommon","2","03753a1c76447f7c641663f193d20612bc0a97ecf9902ae5355eaf62d3084c0b","06bea0b2-1d0f-4d64-a13e-723d08042e83","df343bf9-f535-42c7-a2d0-8adfd068b354","Arbalest Engineers","{1}{R}{G}","Creature — Human Artificer","When this creature enters, choose one —
• This creature deals 1 damage to any target.
• Put a +1/+1 counter on target creature. It gains trample and haste until end of turn.
• Create a tapped Powerstone token. (It's an artifact with ""{T}: Add {C}. This mana can't be spent to cast a nonartifact spell."")","","normal","2","2","[]","partial_now","capability_gap","SharedPrimitiveOrMechanic","powerstone_mana","","First two ETB modes work; Powerstone mode incomplete.","tricerules/tricerules-cards/src/card_def.rs;tricerules/tricerules-cards/src/primitives/abilities.rs;tricerules/tricerules-cards/src/primitives/effects.rs;tricerules/tricerules-cards/src/primitives/targeting.rs","https://scryfall.com/card/bro/206/arbalest-engineers?utm_source=api","https://api.scryfall.com/cards/df343bf9-f535-42c7-a2d0-8adfd068b354/rulings"
"33","BRO-uncommon","3","0a12500fa58765203c16d8a89f67954d758e6e18a32440d85f9d5bcedacd4cf5","b13c91be-079a-46f1-8a99-b7dba99bb9c0","ac75c41f-82dc-4b06-a233-9b74ea177a3d","Fallaji Excavation","{3}{G}{G}","Sorcery","Create three tapped Powerstone tokens. You gain 3 life. (The tokens are artifacts with ""{T}: Add {C}. This mana can't be spent to cast a nonartifact spell."")","","normal","","","[]","partial_now","capability_gap","SharedPrimitiveOrMechanic","powerstone_mana","","Life gain works; Powerstone tokens are not exact.","tricerules/tricerules-cards/src/card_def.rs;tricerules/tricerules-cards/src/primitives/abilities.rs;tricerules/tricerules-cards/src/primitives/effects.rs;tricerules/tricerules-cards/src/primitives/targeting.rs","https://scryfall.com/card/bro/178/fallaji-excavation?utm_source=api","https://api.scryfall.com/cards/ac75c41f-82dc-4b06-a233-9b74ea177a3d/rulings"
"34","BRO-uncommon","4","134fb3b233e76b53726037849b0af17de56f592bed689a6dc3a3bdfb491daa4f","c24e34e7-0ac6-451a-b73b-31c7f96d123f","21cd0ece-a267-42ab-b95a-6e7931bd837a","Gruesome Realization","{1}{B}{B}","Sorcery","Choose one —
• You draw two cards and you lose 2 life.
• Creatures your opponents control get -1/-1 until end of turn.","","normal","","","[]","full_now","composable_ron","Data","","","Modal draw/life loss or opposing-creature PumpAll.","tricerules/tricerules-cards/src/card_def.rs;tricerules/tricerules-cards/src/primitives/abilities.rs;tricerules/tricerules-cards/src/primitives/effects.rs;tricerules/tricerules-cards/src/primitives/targeting.rs","https://scryfall.com/card/bro/103/gruesome-realization?utm_source=api","https://api.scryfall.com/cards/21cd0ece-a267-42ab-b95a-6e7931bd837a/rulings"
"35","BRO-uncommon","5","144e0a1ec1f3d145f3ce06f824a8eddfc580e60b01f65f488703b72f27ccb518","b65f20de-52fa-4904-bbfe-7ba53ccd8ae5","5ea316f3-4a68-4cd4-a388-da9d0455d0a9","Flow of Knowledge","{4}{U}","Instant","Draw a card for each Island you control, then discard two cards.","","normal","","","[]","blocked","capability_gap","SharedPrimitiveOrMechanic","quantity","","Draw count cannot count Islands; subsequent discard already exists.","tricerules/tricerules-cards/src/primitives/abilities.rs;tricerules/tricerules-cards/src/primitives/effects.rs;tricerules/tricerules-core/src/engine/history.rs","https://scryfall.com/card/bro/49/flow-of-knowledge?utm_source=api","https://api.scryfall.com/cards/5ea316f3-4a68-4cd4-a388-da9d0455d0a9/rulings"
"36","BRO-uncommon","6","1647a22c9b90090569d018025094716f17cd1713422f779c805940129f9ab890","0c460bdd-460b-4312-9ed2-32f3809a7d36","74dfabfd-e13b-4512-a733-abe514be6404","Combat Thresher","{7}","Artifact Creature — Construct","Prototype {2}{W} — 1/1 (You may cast this spell with different mana cost, color, and size. It keeps its abilities and types.)
Double strike
When this creature enters, draw a card.","Double strike; Prototype","prototype","3","3","[]","partial_now","capability_gap","SharedPrimitiveOrMechanic","prototype","","Double strike and ETB draw work; Prototype missing.","tricerules/tricerules-cards/src/card_def.rs;tricerules/tricerules-cards/src/primitives/abilities.rs;tricerules/tricerules-cards/src/primitives/effects.rs;tricerules/tricerules-cards/src/primitives/targeting.rs","https://scryfall.com/card/bro/35/combat-thresher?utm_source=api","https://api.scryfall.com/cards/74dfabfd-e13b-4512-a733-abe514be6404/rulings"
"37","BRO-uncommon","7","1bfa6c81dab0f617965e3c825c2d673400b39b8f74a66bf7ea40572d06408090","b1870fff-b87e-434e-8d4c-d9e60f7f4284","5db83275-bfd2-42c2-8d0f-e8a9b4f60e78","Mask of the Jadecrafter","{2}","Artifact","{X}, {T}, Sacrifice this artifact: Create an X/X colorless Golem artifact creature token. Activate only as a sorcery.
Unearth {2}{G} ({2}{G}: Return this card from your graveyard to the battlefield. Exile it at the beginning of the next end step or if it would leave the battlefield. Unearth only as a sorcery.)","Unearth","normal","","","[]","blocked","capability_gap","SharedPrimitiveOrMechanic","dynamic_token","unearth","Variable token characteristics and Unearth both absent.","tricerules/tricerules-cards/src/card_def.rs;tricerules/tricerules-cards/src/primitives/abilities.rs;tricerules/tricerules-cards/src/primitives/effects.rs;tricerules/tricerules-cards/src/primitives/targeting.rs","https://scryfall.com/card/bro/201/mask-of-the-jadecrafter?utm_source=api","https://api.scryfall.com/cards/5db83275-bfd2-42c2-8d0f-e8a9b4f60e78/rulings"
"38","BRO-uncommon","8","22b417b0d84921ebf53f02ef2dc1bd8c2f34ed5be216e49c47df2e8bb3870286","68d4d753-5e53-48a6-8ba2-56020893c239","a15b0676-b698-4160-8d2f-a22a1011bac0","Junkyard Genius","{1}{B}{R}","Creature — Human Artificer","When this creature enters, create a tapped Powerstone token. (It's an artifact with ""{T}: Add {C}. This mana can't be spent to cast a nonartifact spell."")
{1}{B}{R}, Sacrifice another creature or artifact: Until end of turn, other creatures you control get +1/+0 and gain menace and haste.","","normal","2","2","[]","partial_now","capability_gap","SharedPrimitiveOrMechanic","powerstone_mana","","Sacrifice activation and other-creature pump/keywords work; Powerstone incomplete.","tricerules/tricerules-cards/src/card_def.rs;tricerules/tricerules-cards/src/primitives/abilities.rs;tricerules/tricerules-cards/src/primitives/effects.rs;tricerules/tricerules-cards/src/primitives/targeting.rs","https://scryfall.com/card/bro/214/junkyard-genius?utm_source=api","https://api.scryfall.com/cards/a15b0676-b698-4160-8d2f-a22a1011bac0/rulings"
"39","BRO-uncommon","9","26e3a18643161cc80c2b38569064d5063b47b68f4efc612d10ecf580f88028a4","b4cf61e5-b2b7-4fb9-addf-db84dec49681","46a2108e-e45e-4b21-a03b-5f644b6043be","Take Flight","{3}{U}","Enchantment — Aura","Enchant creature
Enchanted creature gets +1/+0 and has flying and ""Whenever this creature attacks, draw a card.""","Enchant","normal","","","[]","full_now","composable_ron","Data","","","Attached P/T/flying and granted attack draw trigger.","tricerules/tricerules-cards/src/card_def.rs;tricerules/tricerules-cards/src/primitives/abilities.rs;tricerules/tricerules-cards/src/primitives/effects.rs;tricerules/tricerules-cards/src/primitives/targeting.rs","https://scryfall.com/card/bro/65/take-flight?utm_source=api","https://api.scryfall.com/cards/46a2108e-e45e-4b21-a03b-5f644b6043be/rulings"
"40","BRO-uncommon","10","2a17cb0adb12f2e6a2b7f02b19ae3373ec0c19b01ca35e0c1c41d78ebcafebc7","20150b58-a442-472c-8191-b44581322eeb","640a08b7-dd30-446e-a8a7-2e084bbb9586","Mass Production","{5}{W}","Sorcery","Create four 1/1 colorless Soldier artifact creature tokens.","","normal","","","[]","full_now","composable_ron","Data","","","Four fixed artifact-creature Soldier tokens.","tricerules/tricerules-cards/src/card_def.rs;tricerules/tricerules-cards/src/primitives/abilities.rs;tricerules/tricerules-cards/src/primitives/effects.rs;tricerules/tricerules-cards/src/primitives/targeting.rs","https://scryfall.com/card/bro/15/mass-production?utm_source=api","https://api.scryfall.com/cards/640a08b7-dd30-446e-a8a7-2e084bbb9586/rulings"
"41","BRO-uncommon","11","2d052d692cff534db516f244f4f574026d01eb0659c4a5d45287075c7e091adc","4f42517b-e62e-4b8c-8c56-cb32fb62c478","04ff4a4b-4e86-41d1-a6b6-312aac0d3e1a","Repair and Recharge","{3}{W}{W}","Sorcery","Return target artifact, enchantment, or planeswalker card from your graveyard to the battlefield. Create a tapped Powerstone token. (It's an artifact with ""{T}: Add {C}. This mana can't be spent to cast a nonartifact spell."")","","normal","","","[]","partial_now","capability_gap","SharedPrimitiveOrMechanic","powerstone_mana","","Union-filter graveyard return works; Powerstone incomplete.","tricerules/tricerules-cards/src/card_def.rs;tricerules/tricerules-cards/src/primitives/abilities.rs;tricerules/tricerules-cards/src/primitives/effects.rs;tricerules/tricerules-cards/src/primitives/targeting.rs","https://scryfall.com/card/bro/24/repair-and-recharge?utm_source=api","https://api.scryfall.com/cards/04ff4a4b-4e86-41d1-a6b6-312aac0d3e1a/rulings"
"42","BRO-uncommon","12","2ffe59afda6a8eaa00f145e32403d903d48d2aea2b49b827f2ce0f373e8648ee","3f285781-ee03-4a58-a85e-a33f5efffc9d","5ab5cb30-3ced-4450-a3c4-b519f3762620","Static Net","{3}{W}","Enchantment","When this enchantment enters, exile target nonland permanent an opponent controls until this enchantment leaves the battlefield.
When this enchantment enters, you gain 2 life and create a tapped Powerstone token. (It's an artifact with ""{T}: Add {C}. This mana can't be spent to cast a nonartifact spell."")","","normal","","","[]","partial_now","capability_gap","SharedPrimitiveOrMechanic","powerstone_mana","","Linked exile and life gain work; Powerstone incomplete.","tricerules/tricerules-cards/src/card_def.rs;tricerules/tricerules-cards/src/primitives/abilities.rs;tricerules/tricerules-cards/src/primitives/effects.rs;tricerules/tricerules-cards/src/primitives/targeting.rs","https://scryfall.com/card/bro/27/static-net?utm_source=api","https://api.scryfall.com/cards/5ab5cb30-3ced-4450-a3c4-b519f3762620/rulings"
"43","BRO-uncommon","13","36a1467d34dccacaade8466fa374bd8a84c5283c59961542eb22a3ce35e7d7f8","dcddd143-a7d9-4a38-a2da-dd6bd2e48205","f935adbb-d2e3-48d0-b38c-41f3b583fecb","Zephyr Sentinel","{1}{U}","Creature — Human Soldier","Flash
Flying
When this creature enters, return up to one other target creature you control to its owner's hand. If it was a Soldier, put a +1/+1 counter on this creature.","Flying; Flash","normal","2","1","[]","partial_now","capability_gap","SharedPrimitiveOrMechanic","result_continuation","","Flash/flying and optional bounce work; bounced Soldier receipt missing.","tricerules/tricerules-cards/src/primitives/effects.rs","https://scryfall.com/card/bro/74/zephyr-sentinel?utm_source=api","https://api.scryfall.com/cards/f935adbb-d2e3-48d0-b38c-41f3b583fecb/rulings"
"44","BRO-uncommon","14","371c873de5233db371e394fe6509082d102a7154a5c055f3c8c09dc8deabdf20","afe8fd01-f0c7-46a5-9e9c-e8b9599cd19a","4a7e030c-98d1-452c-8020-cd92a3ef02c3","No One Left Behind","{4}{B}","Sorcery","This spell costs {3} less to cast if it targets a creature card with mana value 3 or less.
Return target creature card from your graveyard to the battlefield.","","normal","","","[]","blocked","capability_gap","SharedPrimitiveOrMechanic","target_predicate","","Target-match reduction cannot inspect graveyard card MV.","tricerules/tricerules-cards/src/primitives/effects.rs;tricerules/tricerules-cards/src/primitives/targeting.rs;tricerules/tricerules-core/src/engine/legal_actions.rs;tricerules/tricerules-core/src/engine/targeting.rs","https://scryfall.com/card/bro/109/no-one-left-behind?utm_source=api","https://api.scryfall.com/cards/4a7e030c-98d1-452c-8020-cd92a3ef02c3/rulings"
"45","BRO-uncommon","15","39be38a0d8fddea1699c6a41a64d04be66fc2ddb81ae4b4507f3fcce7a88d0f8","a7e7be75-646d-4c99-8388-15bb422c8e25","7577b5c7-91ed-4201-bdfd-0919142124eb","Thopter Mechanic","{1}{U}","Creature — Human Artificer","Whenever you draw your second card each turn, put a +1/+1 counter on this creature.
When this creature dies, create a 1/1 colorless Thopter artifact creature token with flying.","","normal","2","1","[]","full_now","composable_ron","Data","","","Draw-second trigger plus ordinary death-token trigger.","tricerules/tricerules-cards/src/card_def.rs;tricerules/tricerules-cards/src/primitives/abilities.rs;tricerules/tricerules-cards/src/primitives/effects.rs;tricerules/tricerules-cards/src/primitives/targeting.rs","https://scryfall.com/card/bro/68/thopter-mechanic?utm_source=api","https://api.scryfall.com/cards/7577b5c7-91ed-4201-bdfd-0919142124eb/rulings"
"46","BRO-uncommon","16","3aa5fe3a25de946174ea7f4c602f76fe97506836063c6c74a6dfb24eeefd998a","dacf7f0d-9ce2-4e28-98a5-e7ec270a4c83","d96761b2-eb9c-4963-a496-ba53a01f4b17","Sarinth Steelseeker","{1}{G}","Creature — Human Artificer Scout","Whenever an artifact you control enters, look at the top card of your library. If it's a land card, you may reveal it and put it into your hand. If you don't put the card into your hand, you may put it into your graveyard.","","normal","1","2","[]","blocked","capability_gap","SharedPrimitiveOrMechanic","library_algorithm","","Optional top-card land recovery with optional graveyard fallback is not an existing partition.","tricerules/tricerules-cards/src/card_def.rs;tricerules/tricerules-cards/src/primitives/abilities.rs;tricerules/tricerules-cards/src/primitives/effects.rs;tricerules/tricerules-cards/src/primitives/targeting.rs","https://scryfall.com/card/bro/189/sarinth-steelseeker?utm_source=api","https://api.scryfall.com/cards/d96761b2-eb9c-4963-a496-ba53a01f4b17/rulings"
"47","BRO-uncommon","17","3ae2a191127d73bcd79ae0cdef7528f0790913d15f9f33d0c807c6ac57f58b69","749d2994-44e7-40d3-8630-7bebed239e9e","847a175e-ead1-4596-baf3-5f7f57859e0b","Haywire Mite","{1}","Artifact Creature — Insect","When this creature dies, you gain 2 life.
{G}, Sacrifice this creature: Exile target noncreature artifact or noncreature enchantment.","","normal","1","1","[]","partial_now","capability_gap","SharedPrimitiveOrMechanic","target_predicate","","Death life gain works; permanent target filter cannot exclude creature type.","tricerules/tricerules-cards/src/primitives/effects.rs;tricerules/tricerules-cards/src/primitives/targeting.rs;tricerules/tricerules-core/src/engine/legal_actions.rs;tricerules/tricerules-core/src/engine/targeting.rs","https://scryfall.com/card/bro/199/haywire-mite?utm_source=api","https://api.scryfall.com/cards/847a175e-ead1-4596-baf3-5f7f57859e0b/rulings"
"48","BRO-uncommon","18","43e0ebec2626b01a7ae407bf49c95b072150b3158194c7855dd20d843c9a2a34","9ea87566-43da-4ebd-a904-ae8b8830c3a2","58baa977-16c1-4983-8343-dbd65e98ddb7","Ashnod's Harvester","{2}","Artifact Creature — Construct","Whenever this creature attacks, exile target card from a graveyard.
Unearth {1}{B} ({1}{B}: Return this card from your graveyard to the battlefield. It gains haste. Exile it at the beginning of the next end step or if it would leave the battlefield. Unearth only as a sorcery.)","Unearth","normal","3","1","[]","partial_now","capability_gap","SharedPrimitiveOrMechanic","unearth","","Attack graveyard exile works; Unearth missing.","tricerules/tricerules-cards/src/card_def.rs;tricerules/tricerules-cards/src/primitives/abilities.rs;tricerules/tricerules-cards/src/primitives/effects.rs;tricerules/tricerules-cards/src/primitives/targeting.rs","https://scryfall.com/card/bro/117/ashnods-harvester?utm_source=api","https://api.scryfall.com/cards/58baa977-16c1-4983-8343-dbd65e98ddb7/rulings"
"49","BRO-uncommon","19","4a065fe5d7caaedd369e6756c4b9e70a4b4550d96b5046f53088857ef4c1de15","28264920-9d14-4661-83b8-56f950fbff39","bb04dad2-4561-4cef-9cee-80d6f1a44bee","Su-Chi Cave Guard","{8}","Artifact Creature — Construct","Vigilance
Ward {4} (Whenever this creature becomes the target of a spell or ability an opponent controls, counter it unless that player pays {4}.)
When this creature dies, add eight {C}. Until end of turn, you don't lose this mana as steps and phases end.","Vigilance; Ward","normal","8","8","[]","partial_now","capability_gap","SharedPrimitiveOrMechanic","mana_retention","","Vigilance/ward and death mana exist; retention until end of turn missing.","tricerules/tricerules-cards/src/card_def.rs;tricerules/tricerules-cards/src/primitives/abilities.rs;tricerules/tricerules-cards/src/primitives/effects.rs;tricerules/tricerules-cards/src/primitives/targeting.rs","https://scryfall.com/card/bro/249/su-chi-cave-guard?utm_source=api","https://api.scryfall.com/cards/bb04dad2-4561-4cef-9cee-80d6f1a44bee/rulings"
"50","BRO-uncommon","20","4a6b71d261590a2cb23473d3006ad1b1fdedd79e03d2d86456671006557545df","dc0bc051-2d5c-4b7f-9902-4f9d5ef8f19d","e8b60003-a987-49b0-a0f8-bb825c97da4d","Evangel of Synthesis","{U}{B}","Creature — Phyrexian Human Cleric","When this creature enters, draw a card, then discard a card.
As long as you've drawn two or more cards this turn, this creature gets +1/+0 and has menace.","","normal","2","3","[]","full_now","composable_ron","Data","","","DrawDiscard ETB and CardsDrawnThisTurn conditional self modifier.","tricerules/tricerules-cards/src/card_def.rs;tricerules/tricerules-cards/src/primitives/abilities.rs;tricerules/tricerules-cards/src/primitives/effects.rs;tricerules/tricerules-cards/src/primitives/targeting.rs","https://scryfall.com/card/bro/209/evangel-of-synthesis?utm_source=api","https://api.scryfall.com/cards/e8b60003-a987-49b0-a0f8-bb825c97da4d/rulings"
"51","BRO-uncommon","21","4c41facc706a67c50d942a2cfbd3f387f7d6671e6f8929f4d4929e2165f87f4f","178828a5-c202-4503-9755-fc6bb2390209","569dab90-a0d8-4c0a-8e32-b2cb3aec39a6","Splitting the Powerstone","{2}{U}","Sorcery","As an additional cost to cast this spell, sacrifice an artifact.
Create two tapped Powerstone tokens. If the sacrificed artifact was legendary, draw a card. (The tokens are artifacts with ""{T}: Add {C}. This mana can't be spent to cast a nonartifact spell."")","","normal","","","[]","blocked","capability_gap","SharedPrimitiveOrMechanic","powerstone_mana","result_continuation","Powerstone permission and legendary payment receipt are missing.","tricerules/tricerules-cards/src/card_def.rs;tricerules/tricerules-cards/src/primitives/abilities.rs;tricerules/tricerules-cards/src/primitives/effects.rs;tricerules/tricerules-cards/src/primitives/targeting.rs","https://scryfall.com/card/bro/63/splitting-the-powerstone?utm_source=api","https://api.scryfall.com/cards/569dab90-a0d8-4c0a-8e32-b2cb3aec39a6/rulings"
"52","BRO-uncommon","22","4fc0c219d3e65e4f72d5ba840148a6563906d170d4cc9608cf655e3cfba22aac","d215cd4a-412c-4632-ab2d-de51103e6a7d","28e3bf5a-0a90-46d3-bcfe-9a47df41b72b","Argivian Avenger","{6}","Artifact Creature — Shapeshifter","{1}: Until end of turn, this creature gets -1/-1 and gains your choice of flying, vigilance, deathtouch, or haste.","","normal","5","5","[]","full_now","composable_ron","Data","","","Resolution branch selects one source keyword plus fixed negative pump.","tricerules/tricerules-cards/src/card_def.rs;tricerules/tricerules-cards/src/primitives/abilities.rs;tricerules/tricerules-cards/src/primitives/effects.rs;tricerules/tricerules-cards/src/primitives/targeting.rs","https://scryfall.com/card/bro/232/argivian-avenger?utm_source=api","https://api.scryfall.com/cards/28e3bf5a-0a90-46d3-bcfe-9a47df41b72b/rulings"
"53","BRO-uncommon","23","52d1e0f742b868caf9b17391095a7e35d23182383f18f0bcac1781da360d9089","b2b09dc3-8239-4f3b-91d2-e7cbbdc062f7","420f0b81-8b87-4854-9dc4-6da84cc38623","Hulking Metamorph","{9}","Artifact Creature — Shapeshifter","Prototype {2}{U}{U} — 3/3 (You may cast this spell with different mana cost, color, and size. It keeps its abilities and types.)
You may have this creature enter as a copy of an artifact or creature you control, except it's an artifact creature in addition to its other types, and its power and toughness are equal to this creature's power and toughness.","Prototype","prototype","7","7","[]","blocked","capability_gap","SharedPrimitiveOrMechanic","prototype","copy_modification","Prototype and copiable-value exceptions missing.","tricerules/tricerules-cards/src/card_def.rs;tricerules/tricerules-cards/src/primitives/abilities.rs;tricerules/tricerules-cards/src/primitives/effects.rs;tricerules/tricerules-cards/src/primitives/targeting.rs","https://scryfall.com/card/bro/79/hulking-metamorph?utm_source=api","https://api.scryfall.com/cards/420f0b81-8b87-4854-9dc4-6da84cc38623/rulings"
"54","BRO-uncommon","24","52f916403d3ba014a5985ff68df480ac5e498b30480fa09909c398be69eadfca","a23c4378-9242-46a0-9f62-ca91f0baa428","d7dbfa72-2025-455c-8cc4-afbf6c8e141a","Slagstone Refinery","{4}","Artifact","Whenever this artifact or another nontoken artifact you control is put into a graveyard from the battlefield or is put into exile from the battlefield, create a tapped Powerstone token. (It's an artifact with ""{T}: Add {C}. This mana can't be spent to cast a nonartifact spell."")","","normal","","","[]","blocked","capability_gap","SharedPrimitiveOrMechanic","zone_observer","powerstone_mana","Needs filtered battlefield-to-graveyard/exile observer and Powerstone mana.","tricerules/tricerules-cards/src/card_def.rs;tricerules/tricerules-cards/src/primitives/abilities.rs;tricerules/tricerules-cards/src/primitives/effects.rs;tricerules/tricerules-cards/src/primitives/targeting.rs;tricerules/tricerules-core/src/engine/mod.rs;tricerules/tricerules-core/src/engine/triggers.rs","https://scryfall.com/card/bro/243/slagstone-refinery?utm_source=api","https://api.scryfall.com/cards/d7dbfa72-2025-455c-8cc4-afbf6c8e141a/rulings"
"55","BRO-uncommon","25","5306d4e8c0a950f94ee59b70f237782f60a9cb269ff78441515047182fc8581c","ccf13531-60bd-4ebd-9a5b-68e2d05ce620","d90175ae-4109-4845-b3ff-1531fb67a0e1","Spotter Thopter","{8}","Artifact Creature — Thopter","Prototype {3}{U} — 2/3 (You may cast this spell with different mana cost, color, and size. It keeps its abilities and types.)
Flying
When this creature enters, scry X, where X is its power.","Prototype; Scry; Flying","prototype","4","5","[]","partial_now","capability_gap","SharedPrimitiveOrMechanic","prototype","quantity","Flying works; Prototype and source-power Scry amount missing.","tricerules/tricerules-cards/src/card_def.rs;tricerules/tricerules-cards/src/primitives/abilities.rs;tricerules/tricerules-cards/src/primitives/effects.rs;tricerules/tricerules-cards/src/primitives/targeting.rs;tricerules/tricerules-core/src/engine/history.rs","https://scryfall.com/card/bro/80/spotter-thopter?utm_source=api","https://api.scryfall.com/cards/d90175ae-4109-4845-b3ff-1531fb67a0e1/rulings"
"56","BRO-uncommon","26","566b8614a71e24fc5264f28a40305d55d9db7cc48544967a56ce2f390f27814e","7c13d0ad-1235-41f7-8f9a-f39d7c544b74","936cbe05-7b36-4569-94f3-671c28c7468a","Spectrum Sentinel","{1}","Artifact Creature — Soldier","Protection from multicolored (This creature can't be blocked, targeted, dealt damage, enchanted, or equipped by anything multicolored.)
Whenever a nonbasic land an opponent controls enters, you gain 1 life.","Protection","normal","1","2","[]","blocked","capability_gap","SharedPrimitiveOrMechanic","protection_quality","zone_observer","Multicolored protection and nonbasic-land event filtering missing.","tricerules/tricerules-cards/src/card_def.rs;tricerules/tricerules-cards/src/primitives/abilities.rs;tricerules/tricerules-cards/src/primitives/effects.rs;tricerules/tricerules-cards/src/primitives/targeting.rs;tricerules/tricerules-core/src/engine/mod.rs;tricerules/tricerules-core/src/engine/triggers.rs","https://scryfall.com/card/bro/244/spectrum-sentinel?utm_source=api","https://api.scryfall.com/cards/936cbe05-7b36-4569-94f3-671c28c7468a/rulings"
"57","BRO-uncommon","27","5d6949c52a5c10aea24886c64c7281ce20ee2b607e653268f5382614ade77d4d","4eba0e29-985b-4763-9a70-0946ba044b43","f5d02416-8578-40a5-bf31-d1ef9b8764f1","Mishra, Excavation Prodigy","{2}{R}","Legendary Creature — Human Artificer","Haste
{1}, {T}, Discard a card: Draw a card.
Whenever you discard one or more artifact cards, add {R}{R}. This ability triggers only once each turn.","Haste","normal","2","1","[]","partial_now","capability_gap","SharedPrimitiveOrMechanic","discard_observer","trigger_budget","Haste and discard/draw activation work; batched artifact-discard trigger and turn cap missing.","tricerules/tricerules-cards/src/card_def.rs;tricerules/tricerules-cards/src/primitives/abilities.rs;tricerules/tricerules-cards/src/primitives/effects.rs;tricerules/tricerules-cards/src/primitives/targeting.rs;tricerules/tricerules-core/src/engine/triggers.rs;tricerules/tricerules-core/src/state.rs","https://scryfall.com/card/bro/140/mishra-excavation-prodigy?utm_source=api","https://api.scryfall.com/cards/f5d02416-8578-40a5-bf31-d1ef9b8764f1/rulings"
"58","BRO-uncommon","28","63666b20e50c8fc7c4ef764e2d74d5241b066bc9e7a21bd989f5da9e84ac2c80","95ac482c-c6ad-49b4-937e-460241ae355f","bb142d99-b210-47c8-897c-be62f90d2192","Mishra's Research Desk","{1}","Artifact","{1}, {T}, Sacrifice this artifact: Exile the top two cards of your library. Choose one of them. Until the end of your next turn, you may play that card.
Unearth {1}{R} ({1}{R}: Return this card from your graveyard to the battlefield. Exile it at the beginning of the next end step or if it would leave the battlefield. Unearth only as a sorcery.)","Unearth","normal","","","[]","blocked","capability_gap","SharedPrimitiveOrMechanic","result_continuation","unearth","Selected impulse cohort and Unearth lifecycle missing.","tricerules/tricerules-cards/src/card_def.rs;tricerules/tricerules-cards/src/primitives/abilities.rs;tricerules/tricerules-cards/src/primitives/effects.rs;tricerules/tricerules-cards/src/primitives/targeting.rs","https://scryfall.com/card/bro/162/mishras-research-desk?utm_source=api","https://api.scryfall.com/cards/bb142d99-b210-47c8-897c-be62f90d2192/rulings"
"59","BRO-uncommon","29","6d333d1bfd4e8b156c33cea2a7b9e1200893b2abc21b361c13cb1fde5360dd64","67158085-4807-4f0e-8599-c55ec7ec252e","87300ac8-8b6f-4c37-8058-beb59eaa66be","Skyfisher Spider","{2}{B}{G}","Creature — Spider","Reach
When this creature enters, you may sacrifice another creature. When you do, destroy target nonland permanent.
When this creature dies, you may gain 1 life for each creature card in your graveyard. If you do, exile this card from your graveyard.","Reach","normal","3","3","[]","partial_now","capability_gap","SharedPrimitiveOrMechanic","quantity","source_zone_move","Reach and sacrifice/reflexive removal work; scaled optional death gain plus graveyard self-exile missing.","tricerules/tricerules-cards/src/card_def.rs;tricerules/tricerules-cards/src/primitives/abilities.rs;tricerules/tricerules-cards/src/primitives/effects.rs;tricerules/tricerules-cards/src/primitives/targeting.rs;tricerules/tricerules-core/src/engine/history.rs","https://scryfall.com/card/bro/221/skyfisher-spider?utm_source=api","https://api.scryfall.com/cards/87300ac8-8b6f-4c37-8058-beb59eaa66be/rulings"
"60","BRO-uncommon","30","6da8e07bf03628d5f2e40f8ba8d7eb82a62201545e4795f4f5eeb5b5d4cefff2","bd0c0e85-ff24-46c9-a547-4f633355c131","1349465f-d29f-4d4b-a653-f4388574c336","Giant Cindermaw","{2}{R}","Creature — Dinosaur Beast","Trample (This creature can deal excess combat damage to the player or planeswalker it's attacking.)
Players can't gain life.","Trample","normal","4","3","[]","partial_now","capability_gap","SharedPrimitiveOrMechanic","life_prohibition","","Trample works; global life-gain prohibition missing.","tricerules/tricerules-cards/src/primitives/abilities.rs;tricerules/tricerules-core/src/engine/characteristics.rs;tricerules/tricerules-core/src/engine/resolution/life.rs","https://scryfall.com/card/bro/136/giant-cindermaw?utm_source=api","https://api.scryfall.com/cards/1349465f-d29f-4d4b-a653-f4388574c336/rulings"
"61","WOE-common","1","02a305054360b5178bc7c6c972b5c369633e6bc0d9116f0458061ff6828387a2","b2b0a5d0-0084-43a4-b6dc-e893ef42cdb7","3dc275f8-f060-4c15-9b8f-63cf3857eaa7","Unruly Catapult","{2}{R}","Artifact Creature — Construct","Defender
{T}: This creature deals 1 damage to each opponent.
Whenever you cast an instant or sorcery spell, untap this creature.","Defender","normal","0","4","[]","full_now","composable_ron","Data","","","Defender, tap damage to each opponent, instant/sorcery cast untap.","tricerules/tricerules-cards/src/card_def.rs;tricerules/tricerules-cards/src/primitives/abilities.rs;tricerules/tricerules-cards/src/primitives/effects.rs;tricerules/tricerules-cards/src/primitives/targeting.rs","https://scryfall.com/card/woe/156/unruly-catapult?utm_source=api","https://api.scryfall.com/cards/3dc275f8-f060-4c15-9b8f-63cf3857eaa7/rulings"
"62","WOE-common","2","02f723ef8a73a9c44940994bf4627fbed980212f3952a47290a7495106de3ed0","38eabfea-5ea5-4baa-8ad6-7a7cb00e1fed","b9fd720b-e9c2-4e82-917e-bab6c544afb0","Spider Food","{2}{G}","Sorcery","Destroy up to one target artifact, enchantment, or creature with flying. Create a Food token. (It's an artifact with ""{2}, {T}, Sacrifice this token: You gain 3 life."")","Food","normal","","","[]","full_now","composable_ron","Data","","","Target union of artifacts/enchantments/flying creatures plus Food token.","tricerules/tricerules-cards/src/card_def.rs;tricerules/tricerules-cards/src/primitives/abilities.rs;tricerules/tricerules-cards/src/primitives/effects.rs;tricerules/tricerules-cards/src/primitives/targeting.rs","https://scryfall.com/card/woe/186/spider-food?utm_source=api","https://api.scryfall.com/cards/b9fd720b-e9c2-4e82-917e-bab6c544afb0/rulings"
"63","WOE-common","3","062aca8d7ec84fb5e81a121da06937deee792ddb1f6561d0eb427eac14cf9996","e055bc6d-d395-4f85-8e15-3bce65b7fcca","cda6bdeb-a0d6-46ca-ba8c-317ee0096416","Redcap Thief","{2}{R}","Creature — Goblin Rogue","When this creature enters, create a Treasure token. (It's an artifact with ""{T}, Sacrifice this token: Add one mana of any color."")","Treasure","normal","2","3","[]","full_now","composable_ron","Data","","","ETB Treasure token.","tricerules/tricerules-cards/src/card_def.rs;tricerules/tricerules-cards/src/primitives/abilities.rs;tricerules/tricerules-cards/src/primitives/effects.rs;tricerules/tricerules-cards/src/primitives/targeting.rs","https://scryfall.com/card/woe/147/redcap-thief?utm_source=api","https://api.scryfall.com/cards/cda6bdeb-a0d6-46ca-ba8c-317ee0096416/rulings"
"64","WOE-common","4","091c16e97f6a29f014cfe8ae21f13a5746114e663485ddaab3508a0f7d56daf1","c7b235e1-746e-4467-be54-4e11e2bf6362","31408397-36f5-479f-b822-fa97411b7872","Johann's Stopgap","{3}{U}","Sorcery","Bargain (You may sacrifice an artifact, enchantment, or token as you cast this spell.)
This spell costs {2} less to cast if it's bargained.
Return target nonland permanent to its owner's hand. Draw a card.","Bargain","normal","","","[]","partial_now","capability_gap","SharedPrimitiveOrMechanic","optional_cast_payment","","Bounce and draw work; Bargain option and receipt-conditioned reduction missing.","tricerules/tricerules-cards/src/card_def.rs;tricerules/tricerules-cards/src/primitives/abilities.rs;tricerules/tricerules-cards/src/primitives/effects.rs;tricerules/tricerules-cards/src/primitives/targeting.rs","https://scryfall.com/card/woe/58/johanns-stopgap?utm_source=api","https://api.scryfall.com/cards/31408397-36f5-479f-b822-fa97411b7872/rulings"
"65","WOE-common","5","0c0a8576c5373da056f23083859864c8983fb0be02dd3e66c33a877b21c210c6","21153db6-552a-4956-a53a-a9dfb6968629","0cfd18a5-e06a-4cb5-b78e-de18ec641321","Feed the Cauldron","{2}{B}","Instant","Destroy target creature with mana value 3 or less. If it's your turn, create a Food token. (It's an artifact with ""{2}, {T}, Sacrifice this token: You gain 3 life."")","Food","normal","","","[]","blocked","capability_gap","SharedPrimitiveOrMechanic","target_predicate","","Creature MV target bound missing; active-turn Food branch otherwise works.","tricerules/tricerules-cards/src/primitives/effects.rs;tricerules/tricerules-cards/src/primitives/targeting.rs;tricerules/tricerules-core/src/engine/legal_actions.rs;tricerules/tricerules-core/src/engine/targeting.rs","https://scryfall.com/card/woe/91/feed-the-cauldron?utm_source=api","https://api.scryfall.com/cards/0cfd18a5-e06a-4cb5-b78e-de18ec641321/rulings"
"66","WOE-common","6","0c8f4b000030791975b0054c0f33cacac91ed1ed8383d3ad65301d5dfa7b5ec1","df555f60-2164-49dc-be67-00aca9eb0d45","5b2a02f3-3921-4f40-9ffa-70bc08b052e1","Minecart Daredevil // Ride the Rails","{2}{R} // {1}{R}","Creature — Dwarf Knight // Instant — Adventure","Minecart Daredevil:
---
Ride the Rails: Target creature gets +2/+1 until end of turn. (Then exile this card. You may cast the creature later from exile.)","","adventure","4","2","[{""name"":""Minecart Daredevil"",""mana_cost"":""{2}{R}"",""type_line"":""Creature — Dwarf Knight"",""oracle_text"":"""",""power"":""4"",""toughness"":""2"",""colors"":null,""color_indicator"":null,""loyalty"":null,""defense"":null},{""name"":""Ride the Rails"",""mana_cost"":""{1}{R}"",""type_line"":""Instant — Adventure"",""oracle_text"":""Target creature gets +2/+1 until end of turn. (Then exile this card. You may cast the creature later from exile.)"",""power"":null,""toughness"":null,""colors"":null,""color_indicator"":null,""loyalty"":null,""defense"":null}]","full_now","composable_ron","Data","","","Adventure layout and fixed combat pump; blank creature face.","tricerules/tricerules-cards/src/card_def.rs;tricerules/tricerules-cards/src/primitives/abilities.rs;tricerules/tricerules-cards/src/primitives/effects.rs;tricerules/tricerules-cards/src/primitives/targeting.rs","https://scryfall.com/card/woe/141/minecart-daredevil-ride-the-rails?utm_source=api","https://api.scryfall.com/cards/5b2a02f3-3921-4f40-9ffa-70bc08b052e1/rulings"
"67","WOE-common","7","0d091d181a47cbd4b03b53ececa85cb3be73b928604774b52c6c5fe1f687a4de","87bedc9b-b4d2-41b6-b9f1-e1aeb8e75ec3","4e87db5a-1a70-42df-83a2-c0f71fe8533a","Rootrider Faun","{1}{G}","Creature — Satyr Scout","{T}: Add {G}.
{1}, {T}: Add one mana of any color.","","normal","1","3","[]","full_now","composable_ron","Data","","","Two independent mana abilities, including paid any-color production.","tricerules/tricerules-cards/src/card_def.rs;tricerules/tricerules-cards/src/primitives/abilities.rs;tricerules/tricerules-cards/src/primitives/effects.rs;tricerules/tricerules-cards/src/primitives/targeting.rs","https://scryfall.com/card/woe/182/rootrider-faun?utm_source=api","https://api.scryfall.com/cards/4e87db5a-1a70-42df-83a2-c0f71fe8533a/rulings"
"68","WOE-common","8","0ed8f556a1c27500b670ea043fe89f5e643c656bef0d94a72b61181665f3dd93","89078485-c438-4035-95dc-dbe37fb13e50","d7f41ae2-ebc6-439f-95af-c34818a3f4e6","Slumbering Keepguard","{W}","Creature — Human Knight","Whenever an enchantment you control enters, scry 1.
{2}{W}: This creature gets +1/+1 until end of turn for each enchantment you control.","Scry","normal","1","1","[]","partial_now","capability_gap","SharedPrimitiveOrMechanic","quantity","","Enchantment entry Scry works; activated enchantment-count pump missing.","tricerules/tricerules-cards/src/primitives/abilities.rs;tricerules/tricerules-cards/src/primitives/effects.rs;tricerules/tricerules-core/src/engine/history.rs","https://scryfall.com/card/woe/29/slumbering-keepguard?utm_source=api","https://api.scryfall.com/cards/d7f41ae2-ebc6-439f-95af-c34818a3f4e6/rulings"
"69","WOE-common","9","15b56628bbeb0153394fb76bed89f33fc0c2e1e9fb004aaccb26add22cbc9d03","57085b8e-a85e-4d50-a7d2-9bddfdaf411c","a638c9ba-45d6-4b50-a8ab-ef580a0a5d8e","Sugar Rush","{1}{B}","Instant","Target creature gets +3/+0 until end of turn.
Draw a card.","","normal","","","[]","full_now","composable_ron","Data","","","Fixed pump followed by Draw.","tricerules/tricerules-cards/src/card_def.rs;tricerules/tricerules-cards/src/primitives/abilities.rs;tricerules/tricerules-cards/src/primitives/effects.rs;tricerules/tricerules-cards/src/primitives/targeting.rs","https://scryfall.com/card/woe/110/sugar-rush?utm_source=api","https://api.scryfall.com/cards/a638c9ba-45d6-4b50-a8ab-ef580a0a5d8e/rulings"
"70","WOE-common","10","190345887fd085ee350758d12dabe7813f69919b48dbe024819840de1b6868fa","27ca3201-a374-4a9d-b0ba-93b391f36844","dfed2acf-9ac8-447b-94f5-7db3a713c991","Eriette's Whisper","{3}{B}","Sorcery","Target opponent discards two cards. Create a Wicked Role token attached to up to one target creature you control. (If you control another Role on it, put that one into the graveyard. Enchanted creature gets +1/+1. When this token is put into a graveyard, each opponent loses 1 life.)","Role token","normal","","","[]","partial_now","capability_gap","SharedPrimitiveOrMechanic","role_token","","Opponent discard works; attached Role creation/SBA missing.","tricerules/tricerules-cards/src/card_def.rs;tricerules/tricerules-cards/src/primitives/abilities.rs;tricerules/tricerules-cards/src/primitives/effects.rs;tricerules/tricerules-cards/src/primitives/targeting.rs","https://scryfall.com/card/woe/88/eriettes-whisper?utm_source=api","https://api.scryfall.com/cards/dfed2acf-9ac8-447b-94f5-7db3a713c991/rulings"
"71","WOE-common","11","19857a50c64be63cbe13f78fb57e9918012fea13a465e977145722e15f32ecb6","64b41b54-ca22-41df-8bd3-dc4f7832fbb7","89148458-1fd6-48ef-a2d9-7b434c9723ec","Curse of the Werefox","{2}{G}","Sorcery","Create a Monster Role token attached to target creature you control. When you do, that creature fights up to one target creature you don't control. (If you control another Role on it, put that one into the graveyard. Enchanted creature gets +1/+1 and has trample. Creatures that fight each deal damage equal to their power to the other.)","Role token; Fight","normal","","","[]","blocked","capability_gap","SharedPrimitiveOrMechanic","role_token","result_continuation","Role creation and reflexive fight bound to created attachment require support.","tricerules/tricerules-cards/src/card_def.rs;tricerules/tricerules-cards/src/primitives/abilities.rs;tricerules/tricerules-cards/src/primitives/effects.rs;tricerules/tricerules-cards/src/primitives/targeting.rs","https://scryfall.com/card/woe/167/curse-of-the-werefox?utm_source=api","https://api.scryfall.com/cards/89148458-1fd6-48ef-a2d9-7b434c9723ec/rulings"
"72","WOE-common","12","1cc51f29d984da2c9c5b1ddb6ccb80c9ebfb8da0d96e3f50d716a538c043437a","a3ae6694-6314-42e2-bc12-d0e32d49b347","55b9b8e5-1ed8-4be0-aad5-041a599c6841","Bestial Bloodline","{1}{G}","Enchantment — Aura","Enchant creature
Enchanted creature gets +2/+2.
{4}{G}: Return this card from your graveyard to your hand.","Enchant","normal","","","[]","partial_now","capability_gap","SharedPrimitiveOrMechanic","attachment_action","","Aura pump works; graveyard-source return-to-hand missing.","tricerules/tricerules-cards/src/primitives/effects.rs","https://scryfall.com/card/woe/162/bestial-bloodline?utm_source=api","https://api.scryfall.com/cards/55b9b8e5-1ed8-4be0-aad5-041a599c6841/rulings"
"73","WOE-common","13","1e071e57f5c85c42b15b2ab399744c76f13904cd16cc2a887e720757cb3a7aaa","37043e1e-4556-45f7-9484-15dd8ed5272b","f2c42755-bf91-4c75-95c6-d2a60ba3492a","Rat Out","{B}","Instant","Up to one target creature gets -1/-1 until end of turn. You create a 1/1 black Rat creature token with ""This token can't block.""","","normal","","","[]","full_now","composable_ron","Data","","","Optional targeted negative pump followed by cannot-block Rat token.","tricerules/tricerules-cards/src/card_def.rs;tricerules/tricerules-cards/src/primitives/abilities.rs;tricerules/tricerules-cards/src/primitives/effects.rs;tricerules/tricerules-cards/src/primitives/targeting.rs","https://scryfall.com/card/woe/103/rat-out?utm_source=api","https://api.scryfall.com/cards/f2c42755-bf91-4c75-95c6-d2a60ba3492a/rulings"
"74","WOE-common","14","218865fe6973f541f118490d56ebcc6527c060ab7806bf8c57fd2d1f7aba4448","8fc049e7-a16d-4b48-b930-5c346f6718b9","c34830e4-823a-40fa-ba41-bb2afbf1e499","Verdant Outrider","{2}{G}","Creature — Human Knight","{1}{G}: This creature can't be blocked by creatures with power 2 or less this turn.","","normal","4","2","[]","blocked","capability_gap","SharedPrimitiveOrMechanic","combat_predicate","","Static blocker-power evasion exists; no effect grants that evasion until end of turn.","tricerules/tricerules-cards/src/primitives/abilities.rs;tricerules/tricerules-cards/src/primitives/keywords.rs;tricerules/tricerules-core/src/engine/combat.rs;tricerules/tricerules-core/src/engine/legal_actions.rs","https://scryfall.com/card/woe/196/verdant-outrider?utm_source=api","https://api.scryfall.com/cards/c34830e4-823a-40fa-ba41-bb2afbf1e499/rulings"
"75","WOE-common","15","2714d8c33379eb24e1b039880a96f783014017d61074c06e33432c59721b1f19","1cf4e16b-2273-41c7-9bcd-0cdc78e12198","a66fbaeb-1624-43b3-83e2-a37ce7588a5a","Unassuming Sage","{1}{W}","Creature — Human Peasant Wizard","When this creature enters, you may pay {2}. If you do, create a Sorcerer Role token attached to it. (Enchanted creature gets +1/+1 and has ""Whenever this creature attacks, scry 1."")","Role token; Scry","normal","2","2","[]","blocked","capability_gap","SharedPrimitiveOrMechanic","role_token","","Optional payment exists but useful ETB result is an unsupported attached Role.","tricerules/tricerules-cards/src/card_def.rs;tricerules/tricerules-cards/src/primitives/abilities.rs;tricerules/tricerules-cards/src/primitives/effects.rs;tricerules/tricerules-cards/src/primitives/targeting.rs","https://scryfall.com/card/woe/37/unassuming-sage?utm_source=api","https://api.scryfall.com/cards/a66fbaeb-1624-43b3-83e2-a37ce7588a5a/rulings"
"76","WOE-common","16","2bb09a7c054fcc2bf1d1511786ef28ce720dd8262f783818ff75c34a32e59c1e","a7736614-cdd3-43bd-ab3e-461e3e24ed40","d500ad81-9659-4a00-8f99-8be7c23587e8","Warehouse Tabby","{B}","Creature — Cat","Whenever an enchantment you control is put into a graveyard from the battlefield, create a 1/1 black Rat creature token with ""This token can't block.""
{1}{B}: This creature gains deathtouch until end of turn.","","normal","1","1","[]","partial_now","capability_gap","SharedPrimitiveOrMechanic","zone_observer","","Deathtouch activation works; enchantment death observer missing.","tricerules/tricerules-cards/src/primitives/abilities.rs;tricerules/tricerules-cards/src/primitives/effects.rs;tricerules/tricerules-core/src/engine/mod.rs;tricerules/tricerules-core/src/engine/triggers.rs","https://scryfall.com/card/woe/117/warehouse-tabby?utm_source=api","https://api.scryfall.com/cards/d500ad81-9659-4a00-8f99-8be7c23587e8/rulings"
"77","WOE-common","17","309604b52426b0147d88da1c32e459c8655f71fdcdba90d20a1a374e950fcaff","77b48b3c-c780-4c5b-90e6-33c5fd940c16","f0a6349a-beff-4abd-b005-86d27c1e2957","Toadstool Admirer","{G}","Creature — Ouphe","Ward {2} (Whenever this creature becomes the target of a spell or ability an opponent controls, counter it unless that player pays {2}.)
{3}{G}: Put a +1/+1 counter on this creature.","Ward","normal","1","1","[]","full_now","composable_ron","Data","","","Ward trigger and activated source counters.","tricerules/tricerules-cards/src/card_def.rs;tricerules/tricerules-cards/src/primitives/abilities.rs;tricerules/tricerules-cards/src/primitives/effects.rs;tricerules/tricerules-cards/src/primitives/targeting.rs","https://scryfall.com/card/woe/192/toadstool-admirer?utm_source=api","https://api.scryfall.com/cards/f0a6349a-beff-4abd-b005-86d27c1e2957/rulings"
"78","WOE-common","18","315a94c6627d2992cd3322c40bfb21895e461b054385341bb8ed65355e10139f","a2192c80-c48f-44e2-807c-2f9ee1aa1152","19f20c0a-22be-4a9c-96ce-4047f7a2d424","Beanstalk Wurm // Plant Beans","{4}{G} // {1}{G}","Creature — Plant Wurm // Sorcery — Adventure","Beanstalk Wurm: Reach
---
Plant Beans: You may play an additional land this turn. (Then exile this card. You may cast the creature later from exile.)","Reach","adventure","5","4","[{""name"":""Beanstalk Wurm"",""mana_cost"":""{4}{G}"",""type_line"":""Creature — Plant Wurm"",""oracle_text"":""Reach"",""power"":""5"",""toughness"":""4"",""colors"":null,""color_indicator"":null,""loyalty"":null,""defense"":null},{""name"":""Plant Beans"",""mana_cost"":""{1}{G}"",""type_line"":""Sorcery — Adventure"",""oracle_text"":""You may play an additional land this turn. (Then exile this card. You may cast the creature later from exile.)"",""power"":null,""toughness"":null,""colors"":null,""color_indicator"":null,""loyalty"":null,""defense"":null}]","full_now","composable_ron","Data","","","Adventure extra-land-play effect and Reach creature face.","tricerules/tricerules-cards/src/card_def.rs;tricerules/tricerules-cards/src/primitives/abilities.rs;tricerules/tricerules-cards/src/primitives/effects.rs;tricerules/tricerules-cards/src/primitives/targeting.rs","https://scryfall.com/card/woe/161/beanstalk-wurm-plant-beans?utm_source=api","https://api.scryfall.com/cards/19f20c0a-22be-4a9c-96ce-4047f7a2d424/rulings"
"79","WOE-common","19","34d651871d8e379af77858984925db042cdc1ea25577199004ce453214dbe6e3","66dc3237-3543-4fc2-96f1-c8d1eff7c04c","60acc0b7-6842-44aa-a7cc-c5d315d90287","Rimefur Reindeer","{3}{W}","Creature — Elk","Whenever an enchantment you control enters, tap target creature an opponent controls.","","normal","3","4","[]","full_now","composable_ron","Data","","","Enchantment entry watcher with opposing creature tap.","tricerules/tricerules-cards/src/card_def.rs;tricerules/tricerules-cards/src/primitives/abilities.rs;tricerules/tricerules-cards/src/primitives/effects.rs;tricerules/tricerules-cards/src/primitives/targeting.rs","https://scryfall.com/card/woe/27/rimefur-reindeer?utm_source=api","https://api.scryfall.com/cards/60acc0b7-6842-44aa-a7cc-c5d315d90287/rulings"
"80","WOE-common","20","3926ca972266c8d971001fa1a1de8208d816de3d9ffecb0dc9fa559aed1cfcf8","89ae3475-9063-4700-a7bd-47d5dcd43a3b","11507fa1-ef9e-41c9-b987-be57a03bd0df","Vantress Transmuter // Croaking Curse","{3}{U} // {1}{U}","Creature — Human Wizard // Sorcery — Adventure","Vantress Transmuter:
---
Croaking Curse: Tap target creature. Create a Cursed Role token attached to it. (Enchanted creature is 1/1.)","Role token","adventure","3","4","[{""name"":""Vantress Transmuter"",""mana_cost"":""{3}{U}"",""type_line"":""Creature — Human Wizard"",""oracle_text"":"""",""power"":""3"",""toughness"":""4"",""colors"":null,""color_indicator"":null,""loyalty"":null,""defense"":null},{""name"":""Croaking Curse"",""mana_cost"":""{1}{U}"",""type_line"":""Sorcery — Adventure"",""oracle_text"":""Tap target creature. Create a Cursed Role token attached to it. (Enchanted creature is 1/1.)"",""power"":null,""toughness"":null,""colors"":null,""color_indicator"":null,""loyalty"":null,""defense"":null}]","partial_now","capability_gap","SharedPrimitiveOrMechanic","role_token","","Adventure tap works; attached Cursed Role missing.","tricerules/tricerules-cards/src/card_def.rs;tricerules/tricerules-cards/src/primitives/abilities.rs;tricerules/tricerules-cards/src/primitives/effects.rs;tricerules/tricerules-cards/src/primitives/targeting.rs","https://scryfall.com/card/woe/75/vantress-transmuter-croaking-curse?utm_source=api","https://api.scryfall.com/cards/11507fa1-ef9e-41c9-b987-be57a03bd0df/rulings"
"81","WOE-common","21","397e6278181c94e56b35fc865c20ed2f7794331be98b1c535fe37291c14ddb6f","2e8433a2-ad71-4d30-84fe-12b709197824","e78e50ca-d27b-45db-91fa-7fef3cad16d0","Skewer Slinger","{1}{R}","Creature — Dwarf Knight","Reach
Whenever this creature blocks or becomes blocked by a creature, this creature deals 1 damage to that creature.","Reach","normal","1","3","[]","full_now","composable_ron","Data","","","Reach plus two combat-pair triggers deal damage to TriggerObject.","tricerules/tricerules-cards/src/card_def.rs;tricerules/tricerules-cards/src/primitives/abilities.rs;tricerules/tricerules-cards/src/primitives/effects.rs;tricerules/tricerules-cards/src/primitives/targeting.rs","https://scryfall.com/card/woe/149/skewer-slinger?utm_source=api","https://api.scryfall.com/cards/e78e50ca-d27b-45db-91fa-7fef3cad16d0/rulings"
"82","WOE-common","22","3e615361092cdaa69ce4c95cbda1494ab70ee5fa863f98d4a61074c709ba3861","c1ed20c0-f75d-4aca-8874-6955bd9fb21b","22a6d05e-e566-4a85-bcf8-9d0fbea3dd14","Kindled Heroism","{R}","Instant","Target creature gets +1/+0 and gains first strike until end of turn. Scry 1.","Scry","normal","","","[]","full_now","composable_ron","Data","","","Fixed pump, first strike, and Scry.","tricerules/tricerules-cards/src/card_def.rs;tricerules/tricerules-cards/src/primitives/abilities.rs;tricerules/tricerules-cards/src/primitives/effects.rs;tricerules/tricerules-cards/src/primitives/targeting.rs","https://scryfall.com/card/woe/138/kindled-heroism?utm_source=api","https://api.scryfall.com/cards/22a6d05e-e566-4a85-bcf8-9d0fbea3dd14/rulings"
"83","WOE-common","23","41239c3e43dfb6474f0fbb1bf94fe17b9a2d9a39d9a899df03ebf076f02991b4","1c751201-24ba-4e5c-bf44-71c3e4693a92","f8a0c0f6-fef9-42c5-934d-a2855c11b440","Conceited Witch // Price of Beauty","{2}{B} // {B}","Creature — Human Warlock // Sorcery — Adventure","Conceited Witch: Menace (This creature can't be blocked except by two or more creatures.)
---
Price of Beauty: Create a Wicked Role token attached to target creature you control. (Then exile this card. You may cast the creature later from exile.)","Role token; Menace","adventure","2","3","[{""name"":""Conceited Witch"",""mana_cost"":""{2}{B}"",""type_line"":""Creature — Human Warlock"",""oracle_text"":""Menace (This creature can't be blocked except by two or more creatures.)"",""power"":""2"",""toughness"":""3"",""colors"":null,""color_indicator"":null,""loyalty"":null,""defense"":null},{""name"":""Price of Beauty"",""mana_cost"":""{B}"",""type_line"":""Sorcery — Adventure"",""oracle_text"":""Create a Wicked Role token attached to target creature you control. (Then exile this card. You may cast the creature later from exile.)"",""power"":null,""toughness"":null,""colors"":null,""color_indicator"":null,""loyalty"":null,""defense"":null}]","partial_now","capability_gap","SharedPrimitiveOrMechanic","role_token","","Menace creature face works; Adventure Role creation missing.","tricerules/tricerules-cards/src/card_def.rs;tricerules/tricerules-cards/src/primitives/abilities.rs;tricerules/tricerules-cards/src/primitives/effects.rs;tricerules/tricerules-cards/src/primitives/targeting.rs","https://scryfall.com/card/woe/84/conceited-witch-price-of-beauty?utm_source=api","https://api.scryfall.com/cards/f8a0c0f6-fef9-42c5-934d-a2855c11b440/rulings"
"84","WOE-common","24","42e1e7b094e188e442198eee61c32dab832ce2e9600c827bc996170eb3534b3a","541adb13-1277-4c9e-ae1e-976f7aac1c72","9597d9ea-d9b2-4009-8e7c-02caa3585bc5","Return from the Wilds","{2}{G}","Sorcery","Choose two —
• Search your library for a basic land card, put it onto the battlefield tapped, then shuffle.
• Create a 1/1 white Human creature token.
• Create a Food token. (It's an artifact with ""{2}, {T}, Sacrifice this token: You gain 3 life."")","Food","normal","","","[]","full_now","composable_ron","Data","","","Choose-two modal spell uses existing land search and fixed Human/Food tokens.","tricerules/tricerules-cards/src/card_def.rs;tricerules/tricerules-cards/src/primitives/abilities.rs;tricerules/tricerules-cards/src/primitives/effects.rs;tricerules/tricerules-cards/src/primitives/targeting.rs","https://scryfall.com/card/woe/181/return-from-the-wilds?utm_source=api","https://api.scryfall.com/cards/9597d9ea-d9b2-4009-8e7c-02caa3585bc5/rulings"
"85","WOE-common","25","443291734988ef6ea97b3b7ed6c76b09afd5ea48a65dba0966570c03da2a19b7","68f7d1bf-48c7-483e-b17f-a60008854b46","4b041949-6fb6-40a6-9329-f209be537219","Armory Mice","{1}{W}","Creature — Mouse","Celebration — This creature gets +0/+2 as long as two or more nonland permanents entered the battlefield under your control this turn.","Celebration","normal","3","1","[]","blocked","capability_gap","SharedPrimitiveOrMechanic","entry_history_filter","","Current entry fact filter cannot exclude lands; exact Celebration count unavailable.","tricerules/tricerules-cards/src/primitives/abilities.rs;tricerules/tricerules-cards/src/primitives/effects.rs;tricerules/tricerules-core/src/engine/mod.rs;tricerules/tricerules-core/src/engine/triggers.rs","https://scryfall.com/card/woe/3/armory-mice?utm_source=api","https://api.scryfall.com/cards/4b041949-6fb6-40a6-9329-f209be537219/rulings"
"86","WOE-common","26","457993c27c5e95ee684d61393b1a1fa56a0336ddf52c7a1eea4a59fe25f828cd","f15fb0cc-8e96-4f03-94d0-b51410415afd","6f6f9d3d-600d-43f3-a915-612e5d53aaa1","Crystal Grotto","","Land","When this land enters, scry 1.
{T}: Add {C}.
{1}, {T}: Add one mana of any color.","Scry","normal","","","[]","full_now","composable_ron","Data","","","ETB Scry and ordinary colorless/paid color-choice mana.","tricerules/tricerules-cards/src/card_def.rs;tricerules/tricerules-cards/src/primitives/abilities.rs;tricerules/tricerules-cards/src/primitives/effects.rs;tricerules/tricerules-cards/src/primitives/targeting.rs","https://scryfall.com/card/woe/254/crystal-grotto?utm_source=api","https://api.scryfall.com/cards/6f6f9d3d-600d-43f3-a915-612e5d53aaa1/rulings"
"87","WOE-common","27","482034e97f336be0dfdfc5ce7d6e1f4a3d2e70e9ef0d08aa744de754801fcdf3","8db0a379-4cf2-43a7-932b-c5646a604578","969b13bb-6411-41f9-b6b4-af4ffca62e17","Into the Fae Court","{3}{U}{U}","Sorcery","Draw three cards. Create a 1/1 blue Faerie creature token with flying and ""This token can block only creatures with flying.""","","normal","","","[]","partial_now","capability_gap","SharedPrimitiveOrMechanic","combat_predicate","","Draw works; token needs flying-only block restriction.","tricerules/tricerules-cards/src/primitives/abilities.rs;tricerules/tricerules-cards/src/primitives/keywords.rs;tricerules/tricerules-core/src/engine/combat.rs;tricerules/tricerules-core/src/engine/legal_actions.rs","https://scryfall.com/card/woe/57/into-the-fae-court?utm_source=api","https://api.scryfall.com/cards/969b13bb-6411-41f9-b6b4-af4ffca62e17/rulings"
"88","WOE-common","28","48272d5f14ba51fd6694860c9955cca31384048b694fbd35b2fd7b9376e784b0","4fad3816-41af-4fa4-85b4-ba37614ec848","0ad345b6-7077-4dd2-b515-c774a3185fe4","Hollow Scavenger // Bakery Raid","{2}{G} // {G}","Creature — Wolf // Sorcery — Adventure","Hollow Scavenger: {1}, Sacrifice a Food: This creature gets +2/+2 until end of turn. Activate only once each turn.
---
Bakery Raid: Create a Food token. (Then exile this card. You may cast the creature later from exile.)","Food","adventure","3","2","[{""name"":""Hollow Scavenger"",""mana_cost"":""{2}{G}"",""type_line"":""Creature — Wolf"",""oracle_text"":""{1}, Sacrifice a Food: This creature gets +2/+2 until end of turn. Activate only once each turn."",""power"":""3"",""toughness"":""2"",""colors"":null,""color_indicator"":null,""loyalty"":null,""defense"":null},{""name"":""Bakery Raid"",""mana_cost"":""{G}"",""type_line"":""Sorcery — Adventure"",""oracle_text"":""Create a Food token. (Then exile this card. You may cast the creature later from exile.)"",""power"":null,""toughness"":null,""colors"":null,""color_indicator"":null,""loyalty"":null,""defense"":null}]","full_now","composable_ron","Data","","","Adventure Food token; Food subtype sacrifice activation capped per turn.","tricerules/tricerules-cards/src/card_def.rs;tricerules/tricerules-cards/src/primitives/abilities.rs;tricerules/tricerules-cards/src/primitives/effects.rs;tricerules/tricerules-cards/src/primitives/targeting.rs","https://scryfall.com/card/woe/174/hollow-scavenger-bakery-raid?utm_source=api","https://api.scryfall.com/cards/0ad345b6-7077-4dd2-b515-c774a3185fe4/rulings"
"89","WOE-common","29","4cc90f1a33c27d884c9bb0efef126931d3bc60a1bd597bbb4dbde8267cc419e3","d9717522-358b-41ac-9183-8a6b3981f921","68cc9653-80ef-4606-a0ec-6d4228fdb118","Protective Parents","{2}{W}","Creature — Human Peasant","When this creature dies, create a Young Hero Role token attached to up to one target creature you control. (If you control another Role on it, put that one into the graveyard. Enchanted creature has ""Whenever this creature attacks, if its toughness is 3 or less, put a +1/+1 counter on it."")","Role token","normal","3","2","[]","blocked","capability_gap","SharedPrimitiveOrMechanic","role_token","object_condition","Attached Young Hero Role and source-toughness intervening condition missing.","tricerules/tricerules-cards/src/card_def.rs;tricerules/tricerules-cards/src/primitives/abilities.rs;tricerules/tricerules-cards/src/primitives/effects.rs;tricerules/tricerules-cards/src/primitives/targeting.rs","https://scryfall.com/card/woe/24/protective-parents?utm_source=api","https://api.scryfall.com/cards/68cc9653-80ef-4606-a0ec-6d4228fdb118/rulings"
"90","WOE-common","30","4ed3d354dac1eb1c9ef0a39b1976e1c7465849c3c1bc68cc63fd6e0e0138213d","061e7fb2-2c04-4845-b60a-0e2512a2dec1","169afcaf-7ebf-4590-9e51-2a1a5eb3ac76","Living Lectern","{1}{U}","Artifact Creature — Construct","{1}, Sacrifice this creature: Draw a card. Create a Sorcerer Role token attached to up to one other target creature you control. Activate only as a sorcery. (If you control another Role on it, put that one into the graveyard. Enchanted creature gets +1/+1 and has ""Whenever this creature attacks, scry 1."")","Role token; Scry","normal","0","4","[]","partial_now","capability_gap","SharedPrimitiveOrMechanic","role_token","","Sorcery-speed sacrifice/draw works; attached Role creation missing.","tricerules/tricerules-cards/src/card_def.rs;tricerules/tricerules-cards/src/primitives/abilities.rs;tricerules/tricerules-cards/src/primitives/effects.rs;tricerules/tricerules-cards/src/primitives/targeting.rs","https://scryfall.com/card/woe/59/living-lectern?utm_source=api","https://api.scryfall.com/cards/169afcaf-7ebf-4590-9e51-2a1a5eb3ac76/rulings"
"91","WOE-uncommon","1","01b210acde7a3f2171d83058ac04484865a9a7ce3cfe03ff4926c8018c3610c4","bbb6867f-7186-41de-9828-21be469178c1","64c432d5-4f5b-44ac-9d61-891e78460d58","Frolicking Familiar // Blow Off Steam","{2}{U} // {R}","Creature — Otter Wizard // Instant — Adventure","Frolicking Familiar: Flying
Whenever you cast an instant or sorcery spell, this creature gets +1/+1 until end of turn.
---
Blow Off Steam: Blow Off Steam deals 1 damage to any target. (Then exile this card. You may cast the creature later from exile.)","Flying","adventure","2","2","[{""name"":""Frolicking Familiar"",""mana_cost"":""{2}{U}"",""type_line"":""Creature — Otter Wizard"",""oracle_text"":""Flying\nWhenever you cast an instant or sorcery spell, this creature gets +1/+1 until end of turn."",""power"":""2"",""toughness"":""2"",""colors"":null,""color_indicator"":null,""loyalty"":null,""defense"":null},{""name"":""Blow Off Steam"",""mana_cost"":""{R}"",""type_line"":""Instant — Adventure"",""oracle_text"":""Blow Off Steam deals 1 damage to any target. (Then exile this card. You may cast the creature later from exile.)"",""power"":null,""toughness"":null,""colors"":null,""color_indicator"":null,""loyalty"":null,""defense"":null}]","full_now","composable_ron","Data","","","Adventure damage; flying creature with instant/sorcery cast pump trigger.","tricerules/tricerules-cards/src/card_def.rs;tricerules/tricerules-cards/src/primitives/abilities.rs;tricerules/tricerules-cards/src/primitives/effects.rs;tricerules/tricerules-cards/src/primitives/targeting.rs","https://scryfall.com/card/woe/226/frolicking-familiar-blow-off-steam?utm_source=api","https://api.scryfall.com/cards/64c432d5-4f5b-44ac-9d61-891e78460d58/rulings"
"92","WOE-uncommon","2","02709d0d84a9af15563d15b17e3915132c132f87527594af6d3c39a43cd2402c","4dfd33e8-7e30-493b-8564-f7df5f0257aa","ec435e54-628a-43bd-8804-cbc37e375bce","Edgewall Inn","","Land","This land enters tapped.
As this land enters, choose a color.
{T}: Add one mana of the chosen color.
{3}, {T}, Sacrifice this land: Return target card that has an Adventure from your graveyard to your hand.","","normal","","","[]","blocked","capability_gap","SharedPrimitiveOrMechanic","chosen_color","target_predicate","Persistent entry color choice and Adventure graveyard filter missing.","tricerules/tricerules-cards/src/card_def.rs;tricerules/tricerules-cards/src/primitives/abilities.rs;tricerules/tricerules-cards/src/primitives/effects.rs;tricerules/tricerules-cards/src/primitives/targeting.rs;tricerules/tricerules-core/src/engine/legal_actions.rs;tricerules/tricerules-core/src/engine/targeting.rs","https://scryfall.com/card/woe/255/edgewall-inn?utm_source=api","https://api.scryfall.com/cards/ec435e54-628a-43bd-8804-cbc37e375bce/rulings"
"93","WOE-uncommon","3","0ca75aaae826cb1dc158c5d2f58bfa5d26dd7567ef8e0c8b3460c1d88fd650db","f46befcb-6a7f-4f5e-8634-393cbf4b3308","649025a7-79d1-4d7c-b1db-d46bcf5a1ae2","Witchstalker Frenzy","{3}{R}","Instant","This spell costs {1} less to cast for each creature that attacked this turn.
Witchstalker Frenzy deals 5 damage to target creature.","","normal","","","[]","blocked","capability_gap","SharedPrimitiveOrMechanic","quantity","","Cost reduction lacks count of this turn's declared attackers.","tricerules/tricerules-cards/src/primitives/abilities.rs;tricerules/tricerules-cards/src/primitives/effects.rs;tricerules/tricerules-core/src/engine/history.rs","https://scryfall.com/card/woe/159/witchstalker-frenzy?utm_source=api","https://api.scryfall.com/cards/649025a7-79d1-4d7c-b1db-d46bcf5a1ae2/rulings"
"94","WOE-uncommon","4","0f3e4fd20f77d6823ab4e9c1eb7e879c7aacda47cdf0d1fd22991bc10e6fc1cb","de52b262-418e-418c-b2aa-8d5a776e3a75","ab03c342-2bf4-41bf-8bb8-472d978d238a","Shrouded Shepherd // Cleave Shadows","{1}{W} // {1}{B}","Creature — Spirit Warrior // Sorcery — Adventure","Shrouded Shepherd: When this creature enters, target creature you control gets +2/+2 until end of turn.
---
Cleave Shadows: Creatures your opponents control get -1/-1 until end of turn. (Then exile this card. You may cast the creature later from exile.)","","adventure","2","2","[{""name"":""Shrouded Shepherd"",""mana_cost"":""{1}{W}"",""type_line"":""Creature — Spirit Warrior"",""oracle_text"":""When this creature enters, target creature you control gets +2/+2 until end of turn."",""power"":""2"",""toughness"":""2"",""colors"":null,""color_indicator"":null,""loyalty"":null,""defense"":null},{""name"":""Cleave Shadows"",""mana_cost"":""{1}{B}"",""type_line"":""Sorcery — Adventure"",""oracle_text"":""Creatures your opponents control get -1/-1 until end of turn. (Then exile this card. You may cast the creature later from exile.)"",""power"":null,""toughness"":null,""colors"":null,""color_indicator"":null,""loyalty"":null,""defense"":null}]","full_now","composable_ron","Data","","","Adventure opposing mass debuff; creature ETB friendly pump.","tricerules/tricerules-cards/src/card_def.rs;tricerules/tricerules-cards/src/primitives/abilities.rs;tricerules/tricerules-cards/src/primitives/effects.rs;tricerules/tricerules-cards/src/primitives/targeting.rs","https://scryfall.com/card/woe/236/shrouded-shepherd-cleave-shadows?utm_source=api","https://api.scryfall.com/cards/ab03c342-2bf4-41bf-8bb8-472d978d238a/rulings"
"95","WOE-uncommon","5","11c0f5d1dbf9e71e5544e0e3bf2e0b1dca8db45091c7fdcce0852119dea915fc","bd575e82-99e7-44c7-ab93-d33f5678e1ad","dd6ed252-c262-4062-97ba-75c50d6b5579","Threadbind Clique // Rip the Seams","{3}{U} // {2}{W}","Creature — Faerie // Instant — Adventure","Threadbind Clique: Flying
---
Rip the Seams: Destroy target tapped creature. (Then exile this card. You may cast the creature later from exile.)","Flying","adventure","3","3","[{""name"":""Threadbind Clique"",""mana_cost"":""{3}{U}"",""type_line"":""Creature — Faerie"",""oracle_text"":""Flying"",""power"":""3"",""toughness"":""3"",""colors"":null,""color_indicator"":null,""loyalty"":null,""defense"":null},{""name"":""Rip the Seams"",""mana_cost"":""{2}{W}"",""type_line"":""Instant — Adventure"",""oracle_text"":""Destroy target tapped creature. (Then exile this card. You may cast the creature later from exile.)"",""power"":null,""toughness"":null,""colors"":null,""color_indicator"":null,""loyalty"":null,""defense"":null}]","full_now","composable_ron","Data","","","Adventure tapped-creature destruction; flying creature face.","tricerules/tricerules-cards/src/card_def.rs;tricerules/tricerules-cards/src/primitives/abilities.rs;tricerules/tricerules-cards/src/primitives/effects.rs;tricerules/tricerules-cards/src/primitives/targeting.rs","https://scryfall.com/card/woe/239/threadbind-clique-rip-the-seams?utm_source=api","https://api.scryfall.com/cards/dd6ed252-c262-4062-97ba-75c50d6b5579/rulings"
"96","WOE-uncommon","6","168b76b20382c4013dc59a64d28121c8a96fc94142b6ab8f166c5c98a5dd873e","d6e68414-80cb-4e08-ae84-b084a3f4b6de","57ca2ec5-442d-4909-be28-93c50fbc5f7a","Faerie Dreamthief","{B}","Creature — Faerie Warlock","Flying
When this creature enters, surveil 1. (Look at the top card of your library. You may put it into your graveyard.)
{2}{B}, Exile this card from your graveyard: You draw a card and you lose 1 life.","Flying; Surveil","normal","1","1","[]","full_now","composable_ron","Data","","","Flying/Surveil and graveyard-zone ExileSelf draw/life-loss activation.","tricerules/tricerules-cards/src/card_def.rs;tricerules/tricerules-cards/src/primitives/abilities.rs;tricerules/tricerules-cards/src/primitives/effects.rs;tricerules/tricerules-cards/src/primitives/targeting.rs","https://scryfall.com/card/woe/89/faerie-dreamthief?utm_source=api","https://api.scryfall.com/cards/57ca2ec5-442d-4909-be28-93c50fbc5f7a/rulings"
"97","WOE-uncommon","7","1ea9f78c40de20a261a727a28d077d2dd68f74b33a4d32d6d0ccd47f2e8ff660","450a9b73-9024-4103-b9f9-216a2f395cff","6bdcaf24-4352-47cf-a043-899be47ab1bb","Faerie Fencing","{X}{B}","Instant","Target creature gets -X/-X until end of turn. That creature gets an additional -3/-3 until end of turn if you controlled a Faerie as you cast this spell.","","normal","","","[]","partial_now","capability_gap","SharedPrimitiveOrMechanic","cast_snapshot","","X pump works; Faerie condition must be frozen as cast, not checked on resolution.","tricerules/tricerules-cards/src/primitives/costs.rs;tricerules/tricerules-cards/src/primitives/effects.rs;tricerules/tricerules-core/src/engine/casting.rs;tricerules/tricerules-core/src/state.rs","https://scryfall.com/card/woe/90/faerie-fencing?utm_source=api","https://api.scryfall.com/cards/6bdcaf24-4352-47cf-a043-899be47ab1bb/rulings"
"98","WOE-uncommon","8","20c24edbf389ad14d12b5ac4691967fc1dd51ba3f7f97823d2fdea8bdcfe9c30","4c0a8eed-f2e2-4821-8011-6e6ad2081936","d155693c-def0-4290-b662-ab9932e07fe5","Solitary Sanctuary","{2}{W}","Enchantment","When this enchantment enters, tap target creature an opponent controls and put a stun counter on it. (If a permanent with a stun counter would become untapped, remove one from it instead.)
Whenever you tap an untapped creature an opponent controls, put a +1/+1 counter on target creature you control.","","normal","","","[]","partial_now","capability_gap","SharedPrimitiveOrMechanic","tap_observer","","ETB tap/stun works; actor-attributed opponent tap watcher missing.","tricerules/tricerules-core/src/engine/mod.rs;tricerules/tricerules-core/src/engine/resolution/misc.rs;tricerules/tricerules-core/src/engine/triggers.rs","https://scryfall.com/card/woe/30/solitary-sanctuary?utm_source=api","https://api.scryfall.com/cards/d155693c-def0-4290-b662-ab9932e07fe5/rulings"
"99","WOE-uncommon","9","21efe672ae3b1aaebe95715b685c1398c09484e63f41112c0f2e2b05e39c54c4","48ab8ba0-0e85-4656-a798-ceb961fb02ce","60976109-30ad-4f12-99eb-c5ef560fcf1b","Galvanic Giant // Storm Reading","{3}{U} // {5}{U}{U}","Creature — Giant Wizard // Instant — Adventure","Galvanic Giant: Whenever you cast a spell with mana value 5 or greater, tap target creature an opponent controls and put a stun counter on it.
---
Storm Reading: Draw four cards, then discard two cards. (Then exile this card. You may cast the creature later from exile.)","","adventure","3","3","[{""name"":""Galvanic Giant"",""mana_cost"":""{3}{U}"",""type_line"":""Creature — Giant Wizard"",""oracle_text"":""Whenever you cast a spell with mana value 5 or greater, tap target creature an opponent controls and put a stun counter on it."",""power"":""3"",""toughness"":""3"",""colors"":null,""color_indicator"":null,""loyalty"":null,""defense"":null},{""name"":""Storm Reading"",""mana_cost"":""{5}{U}{U}"",""type_line"":""Instant — Adventure"",""oracle_text"":""Draw four cards, then discard two cards. (Then exile this card. You may cast the creature later from exile.)"",""power"":null,""toughness"":null,""colors"":null,""color_indicator"":null,""loyalty"":null,""defense"":null}]","full_now","composable_ron","Data","","","MV-bounded spell-cast watcher and Adventure DrawDiscard.","tricerules/tricerules-cards/src/card_def.rs;tricerules/tricerules-cards/src/primitives/abilities.rs;tricerules/tricerules-cards/src/primitives/effects.rs;tricerules/tricerules-cards/src/primitives/targeting.rs","https://scryfall.com/card/woe/52/galvanic-giant-storm-reading?utm_source=api","https://api.scryfall.com/cards/60976109-30ad-4f12-99eb-c5ef560fcf1b/rulings"
"100","WOE-uncommon","10","26333e3e0562454ac48958b8bfbf3ad9f48db8cfc1daab169c049ff84dc8c083","529f259a-df66-4283-bc28-de3933c42e67","f67bd5ef-305b-4bf7-990b-3014778b14a0","Chancellor of Tales","{3}{U}","Creature — Faerie Advisor","Flying
Whenever you cast an Adventure spell, you may copy it. You may choose new targets for the copy.","Flying","normal","2","3","[]","partial_now","capability_gap","SharedPrimitiveOrMechanic","spell_history","spell_copy_retarget","Flying works; Adventure cast filter and untargeted observed-spell copy/new targets missing.","tricerules/tricerules-cards/src/card_def.rs;tricerules/tricerules-cards/src/primitives/abilities.rs;tricerules/tricerules-cards/src/primitives/effects.rs;tricerules/tricerules-cards/src/primitives/targeting.rs;tricerules/tricerules-core/src/engine/casting.rs;tricerules/tricerules-core/src/engine/history.rs","https://scryfall.com/card/woe/45/chancellor-of-tales?utm_source=api","https://api.scryfall.com/cards/f67bd5ef-305b-4bf7-990b-3014778b14a0/rulings"
"101","WOE-uncommon","11","274bf8bf32e4968e00bf3bcda096e7dcdfebd16cc68549c87be458023f08e771","0828d891-f7c3-4e51-b42e-6ce88d48ac8b","859419d3-cd15-4362-98b3-a7ff98e29692","Icewrought Sentry","{2}{U}","Creature — Elemental Soldier","Vigilance
Whenever this creature attacks, you may pay {1}{U}. When you do, tap target creature an opponent controls.
Whenever you tap an untapped creature an opponent controls, this creature gets +2/+1 until end of turn.","Vigilance","normal","2","3","[]","partial_now","capability_gap","SharedPrimitiveOrMechanic","tap_observer","","Vigilance and paid attack/reflexive tap work; actor-attributed tap payoff missing.","tricerules/tricerules-core/src/engine/mod.rs;tricerules/tricerules-core/src/engine/resolution/misc.rs;tricerules/tricerules-core/src/engine/triggers.rs","https://scryfall.com/card/woe/55/icewrought-sentry?utm_source=api","https://api.scryfall.com/cards/859419d3-cd15-4362-98b3-a7ff98e29692/rulings"
"102","WOE-uncommon","12","29f1b758d5f4dd07c9bf99d2da76eddfc739933af485ce4ea15d628a6c33afff","07c3e91c-3593-4797-b7be-ef4fb2913cef","4efd1963-fe71-42c1-8ad7-53fd80145ca6","Dream Spoilers","{3}{B}","Creature — Faerie Warlock","Flying
Whenever you cast a spell during an opponent's turn, up to one target creature an opponent controls gets -1/-1 until end of turn.","Flying","normal","2","2","[]","full_now","composable_ron","Data","","","Conditionally granted cast trigger during opponents' turns; optional negative-pump target.","tricerules/tricerules-cards/src/card_def.rs;tricerules/tricerules-cards/src/primitives/abilities.rs;tricerules/tricerules-cards/src/primitives/effects.rs;tricerules/tricerules-cards/src/primitives/targeting.rs","https://scryfall.com/card/woe/85/dream-spoilers?utm_source=api","https://api.scryfall.com/cards/4efd1963-fe71-42c1-8ad7-53fd80145ca6/rulings"
"103","WOE-uncommon","13","2a2f0c79ecf12af56f10b0e7f14f72699993e1947eadfb0dd269a50769fdfe12","ad2793f3-a36f-4a09-a38f-eb98ce0a2b79","47ca4926-b5ac-405a-8b58-f8db6df400ff","The Witch's Vanity","{1}{B}","Enchantment — Saga","(As this Saga enters and after your draw step, add a lore counter. Sacrifice after III.)
I — Destroy target creature an opponent controls with mana value 2 or less.
II — Create a Food token. (It's an artifact with ""{2}, {T}, Sacrifice this token: You gain 3 life."")
III — Create a Wicked Role token attached to target creature you control.","Role token; Food","saga","","","[]","blocked","capability_gap","SharedPrimitiveOrMechanic","saga","role_token","Saga lifecycle and attached Role chapter missing.","tricerules/tricerules-cards/src/card_def.rs;tricerules/tricerules-cards/src/primitives/abilities.rs;tricerules/tricerules-cards/src/primitives/effects.rs;tricerules/tricerules-cards/src/primitives/targeting.rs","https://scryfall.com/card/woe/119/the-witchs-vanity?utm_source=api","https://api.scryfall.com/cards/47ca4926-b5ac-405a-8b58-f8db6df400ff/rulings"
"104","WOE-uncommon","14","2b9b8c7ae4b6df31e388ffc3494209f65bfa7dee4b9def75cf379131679281b9","8068f80f-88ee-4c0b-a0fb-3a6337f83f22","b88a762d-19ed-451d-a3a9-b3e7eea40f67","Johann, Apprentice Sorcerer","{2}{U}{R}","Legendary Creature — Human Wizard Sorcerer","You may look at the top card of your library any time.
Once each turn, you may cast an instant or sorcery spell from the top of your library. (You still pay its costs. Timing rules still apply.)","","normal","2","5","[]","blocked","capability_gap","SharedPrimitiveOrMechanic","library_casting","","Continuous private top visibility and once-per-turn top-library casting absent.","tricerules/tricerules-cards/src/card_def.rs;tricerules/tricerules-cards/src/primitives/abilities.rs;tricerules/tricerules-cards/src/primitives/effects.rs;tricerules/tricerules-cards/src/primitives/targeting.rs","https://scryfall.com/card/woe/207/johann-apprentice-sorcerer?utm_source=api","https://api.scryfall.com/cards/b88a762d-19ed-451d-a3a9-b3e7eea40f67/rulings"
"105","WOE-uncommon","15","312fc29006b6fbf7bfb427f3da433f7e90853032b6f50b1972a3209dc38c1f60","73992788-8084-459c-8375-9ccc8579c5d7","c14d9fc0-bfbf-4359-93bf-5e53466965d6","Succumb to the Cold","{2}{U}","Instant","Tap one or two target creatures an opponent controls. Put a stun counter on each of them. (If a permanent with a stun counter would become untapped, remove one from it instead.)","","normal","","","[]","full_now","composable_ron","Data","","","One-or-two target group with tap/stun effects.","tricerules/tricerules-cards/src/card_def.rs;tricerules/tricerules-cards/src/primitives/abilities.rs;tricerules/tricerules-cards/src/primitives/effects.rs;tricerules/tricerules-cards/src/primitives/targeting.rs","https://scryfall.com/card/woe/72/succumb-to-the-cold?utm_source=api","https://api.scryfall.com/cards/c14d9fc0-bfbf-4359-93bf-5e53466965d6/rulings"
"106","WOE-uncommon","16","3245a8f95db47eff856a94525d9435989d54a7c450754d326ef1b44c33b1810b","b4fc198f-3595-4880-ad12-96c18fbf9c33","8faf36da-bbad-4d6e-a530-502d47a2dd23","Ego Drain","{B}","Sorcery","Target opponent reveals their hand. You choose a nonland card from it. That player discards that card. If you don't control a Faerie, exile a card from your hand.","","normal","","","[]","partial_now","capability_gap","SharedPrimitiveOrMechanic","result_continuation","","Revealed-hand discard works; subsequent self hand-exile branch needs non-targeting player subject.","tricerules/tricerules-cards/src/primitives/effects.rs","https://scryfall.com/card/woe/86/ego-drain?utm_source=api","https://api.scryfall.com/cards/8faf36da-bbad-4d6e-a530-502d47a2dd23/rulings"
"107","WOE-uncommon","17","3596e512ec546cc36c6f034572e65bf0c13f123045cc569e19747bba8186213c","debdfab7-454f-4fec-9ee8-aa5b570ea7fb","92652c41-1239-4299-a486-11fe1a96e912","Agatha's Champion","{4}{G}","Creature — Human Knight","Bargain (You may sacrifice an artifact, enchantment, or token as you cast this spell.)
Trample
When this creature enters, if it was bargained, it fights up to one target creature you don't control. (Each deals damage equal to its power to the other.)","Trample; Fight; Bargain","normal","4","4","[]","partial_now","capability_gap","SharedPrimitiveOrMechanic","optional_cast_payment","","Trample works; Bargain and linked entry fight receipt missing.","tricerules/tricerules-cards/src/card_def.rs;tricerules/tricerules-cards/src/primitives/abilities.rs;tricerules/tricerules-cards/src/primitives/effects.rs;tricerules/tricerules-cards/src/primitives/targeting.rs","https://scryfall.com/card/woe/160/agathas-champion?utm_source=api","https://api.scryfall.com/cards/92652c41-1239-4299-a486-11fe1a96e912/rulings"
"108","WOE-uncommon","18","37a21a8616f077ef608e1a3a41fe8e0f45be0e931f5e4fd22ad89499f76d83ae","22d82f4c-2896-477e-8d20-8fe43acd4ba2","5ebac73a-1ecf-4e6d-87b1-ea560bfeb064","Picklock Prankster // Free the Fae","{1}{U} // {1}{U}","Creature — Faerie Rogue // Instant — Adventure","Picklock Prankster: Flying, vigilance
---
Free the Fae: Mill four cards. Then put an instant, sorcery, or Faerie card from among the milled cards into your hand.","Flying; Vigilance; Mill","adventure","1","3","[{""name"":""Picklock Prankster"",""mana_cost"":""{1}{U}"",""type_line"":""Creature — Faerie Rogue"",""oracle_text"":""Flying, vigilance"",""power"":""1"",""toughness"":""3"",""colors"":null,""color_indicator"":null,""loyalty"":null,""defense"":null},{""name"":""Free the Fae"",""mana_cost"":""{1}{U}"",""type_line"":""Instant — Adventure"",""oracle_text"":""Mill four cards. Then put an instant, sorcery, or Faerie card from among the milled cards into your hand."",""power"":null,""toughness"":null,""colors"":null,""color_indicator"":null,""loyalty"":null,""defense"":null}]","partial_now","capability_gap","SharedPrimitiveOrMechanic","result_continuation","","Flying/vigilance and Adventure mill work; constrained milled-card selection missing.","tricerules/tricerules-cards/src/primitives/effects.rs","https://scryfall.com/card/woe/64/picklock-prankster-free-the-fae?utm_source=api","https://api.scryfall.com/cards/5ebac73a-1ecf-4e6d-87b1-ea560bfeb064/rulings"
"109","WOE-uncommon","19","3d2af6928b2d9f832f2ef62e96f3fd538b4a75d0cc69f48bf0765cf9bf862a25","fba2fa87-3f2a-4a9f-a19e-a1f9dada4118","e053d330-d0a2-4468-afba-42bf165b8fbf","Gallant Pie-Wielder","{2}{W}","Creature — Dwarf Knight","First strike
Celebration — This creature has double strike as long as two or more nonland permanents entered the battlefield under your control this turn.","Celebration; First strike","normal","2","3","[]","partial_now","capability_gap","SharedPrimitiveOrMechanic","entry_history_filter","","First strike works; exact nonland Celebration count missing.","tricerules/tricerules-cards/src/primitives/abilities.rs;tricerules/tricerules-cards/src/primitives/effects.rs;tricerules/tricerules-core/src/engine/mod.rs;tricerules/tricerules-core/src/engine/triggers.rs","https://scryfall.com/card/woe/15/gallant-pie-wielder?utm_source=api","https://api.scryfall.com/cards/e053d330-d0a2-4468-afba-42bf165b8fbf/rulings"
"110","WOE-uncommon","20","449505b0fb1630e37212516b037b3a846b087b15f00f2b33d1fd102b96ec2128","bcae7f20-b601-4669-b3a7-c32ed0c6b9d3","a811b2cb-ffc7-4100-ac3e-bc4125842bb2","Korvold and the Noble Thief","{3}{R}","Enchantment — Saga","(As this Saga enters and after your draw step, add a lore counter. Sacrifice after III.)
I, II — Create a Treasure token. (It's an artifact with ""{T}, Sacrifice this token: Add one mana of any color."")
III — Exile the top three cards of target opponent's library. You may play those cards this turn.","Treasure","saga","","","[]","blocked","capability_gap","SharedPrimitiveOrMechanic","saga","result_continuation","Saga lifecycle and opponent multi-card impulse cohort missing.","tricerules/tricerules-cards/src/card_def.rs;tricerules/tricerules-cards/src/primitives/abilities.rs;tricerules/tricerules-cards/src/primitives/effects.rs;tricerules/tricerules-cards/src/primitives/targeting.rs","https://scryfall.com/card/woe/139/korvold-and-the-noble-thief?utm_source=api","https://api.scryfall.com/cards/a811b2cb-ffc7-4100-ac3e-bc4125842bb2/rulings"
"111","WOE-uncommon","21","48664f6f759c2b5be1e0d8a5f3a990a176d904517ed55f003364cb85e0247a65","17916cf9-1e6c-41bd-96ce-2b050d828838","3d2d5a71-d6e1-4c96-9a53-0e370047a56e","Cursed Courtier","{2}{W}","Creature — Human Noble","Lifelink
When this creature enters, create a Cursed Role token attached to it. (Enchanted creature is 1/1.)","Lifelink; Role token","normal","3","3","[]","partial_now","capability_gap","SharedPrimitiveOrMechanic","role_token","","Lifelink works; attached Cursed Role ETB missing.","tricerules/tricerules-cards/src/card_def.rs;tricerules/tricerules-cards/src/primitives/abilities.rs;tricerules/tricerules-cards/src/primitives/effects.rs;tricerules/tricerules-cards/src/primitives/targeting.rs","https://scryfall.com/card/woe/9/cursed-courtier?utm_source=api","https://api.scryfall.com/cards/3d2d5a71-d6e1-4c96-9a53-0e370047a56e/rulings"
"112","WOE-uncommon","22","4c81a47015eb2129b8fbcfa97f02e02be749ce842f357722db8119acec5a9957","4bcf4f12-470e-4f73-a19a-643a20084e16","27f53bed-7075-4303-aa9e-fcca0a266e19","Night of the Sweets' Revenge","{3}{G}","Enchantment","When this enchantment enters, create a Food token. (It's an artifact with ""{2}, {T}, Sacrifice this token: You gain 3 life."")
Foods you control have ""{T}: Add {G}.""
{5}{G}{G}, Sacrifice this enchantment: Creatures you control get +X/+X until end of turn, where X is the number of Foods you control. Activate only as a sorcery.","Food","normal","","","[]","partial_now","capability_gap","SharedPrimitiveOrMechanic","activated_grant","quantity","Food ETB works; subtype-scoped ability grant and Food-count mass pump missing.","tricerules/tricerules-cards/src/card_def.rs;tricerules/tricerules-cards/src/primitives/abilities.rs;tricerules/tricerules-cards/src/primitives/effects.rs;tricerules/tricerules-cards/src/primitives/targeting.rs;tricerules/tricerules-core/src/engine/history.rs","https://scryfall.com/card/woe/178/night-of-the-sweets-revenge?utm_source=api","https://api.scryfall.com/cards/27f53bed-7075-4303-aa9e-fcca0a266e19/rulings"
"113","WOE-uncommon","23","54bb7feb39458fff5d34c8d2ef1913ed1c7e521cd43daeefe78ab8ba3900aa28","c736935a-e006-4a67-b942-e8ccf1cd9abb","600bc36a-3ef0-459c-9a93-94ec45b8c3d9","Sharae of Numbing Depths","{2}{W}{U}","Legendary Creature — Merfolk Wizard","When Sharae enters, tap target creature an opponent controls and put a stun counter on it. (If a permanent with a stun counter would become untapped, remove one from it instead.)
Whenever you tap one or more untapped creatures your opponents control, draw a card. This ability triggers only once each turn.","","normal","2","3","[]","partial_now","capability_gap","SharedPrimitiveOrMechanic","tap_observer","trigger_budget","ETB tap/stun works; attributed batch tap observer and per-turn cap missing.","tricerules/tricerules-cards/src/primitives/abilities.rs;tricerules/tricerules-core/src/engine/mod.rs;tricerules/tricerules-core/src/engine/resolution/misc.rs;tricerules/tricerules-core/src/engine/triggers.rs;tricerules/tricerules-core/src/state.rs","https://scryfall.com/card/woe/213/sharae-of-numbing-depths?utm_source=api","https://api.scryfall.com/cards/600bc36a-3ef0-459c-9a93-94ec45b8c3d9/rulings"
"114","WOE-uncommon","24","568aee3392b741cb84c625bb188d28f7ee0c8eed55c47a2a7fa4b0f23ed4e2a7","5005df36-a100-492d-89b9-e221793cfb56","559bacc8-facc-4d93-90b5-8ac21d3246f5","Tempest Hart // Scan the Clouds","{3}{G} // {1}{U}","Creature — Elemental Elk // Instant — Adventure","Tempest Hart: Trample
Whenever you cast a spell with mana value 5 or greater, put a +1/+1 counter on this creature.
---
Scan the Clouds: Draw two cards, then discard two cards. (Then exile this card. You may cast the creature later from exile.)","Trample","adventure","3","4","[{""name"":""Tempest Hart"",""mana_cost"":""{3}{G}"",""type_line"":""Creature — Elemental Elk"",""oracle_text"":""Trample\nWhenever you cast a spell with mana value 5 or greater, put a +1/+1 counter on this creature."",""power"":""3"",""toughness"":""4"",""colors"":null,""color_indicator"":null,""loyalty"":null,""defense"":null},{""name"":""Scan the Clouds"",""mana_cost"":""{1}{U}"",""type_line"":""Instant — Adventure"",""oracle_text"":""Draw two cards, then discard two cards. (Then exile this card. You may cast the creature later from exile.)"",""power"":null,""toughness"":null,""colors"":null,""color_indicator"":null,""loyalty"":null,""defense"":null}]","full_now","composable_ron","Data","","","Trample, MV-bounded cast counter trigger, Adventure DrawDiscard.","tricerules/tricerules-cards/src/card_def.rs;tricerules/tricerules-cards/src/primitives/abilities.rs;tricerules/tricerules-cards/src/primitives/effects.rs;tricerules/tricerules-cards/src/primitives/targeting.rs","https://scryfall.com/card/woe/238/tempest-hart-scan-the-clouds?utm_source=api","https://api.scryfall.com/cards/559bacc8-facc-4d93-90b5-8ac21d3246f5/rulings"
"115","WOE-uncommon","25","56c66abf3fdeeedb1b36fe38a265dbc7f4dfedb03d1597818ac581b7796e6dfe","1189b5d5-ca8f-4b4e-a5f1-91122a485cf3","ccdcbb1d-702e-4832-8eed-7ed3deffefe3","Boundary Lands Ranger","{1}{R}","Creature — Human Ranger","At the beginning of combat on your turn, if you control a creature with power 4 or greater, you may discard a card. If you do, draw a card.","","normal","2","2","[]","full_now","composable_ron","Data","","","Combat trigger with power-threshold intervening condition and optional discard payment.","tricerules/tricerules-cards/src/card_def.rs;tricerules/tricerules-cards/src/primitives/abilities.rs;tricerules/tricerules-cards/src/primitives/effects.rs;tricerules/tricerules-cards/src/primitives/targeting.rs","https://scryfall.com/card/woe/123/boundary-lands-ranger?utm_source=api","https://api.scryfall.com/cards/ccdcbb1d-702e-4832-8eed-7ed3deffefe3/rulings"
"116","WOE-uncommon","26","5ece832aa2732b0b96c179a72d72146c8e14dc76fe6be2e14a999e642473ea72","f460ff80-8175-43f7-9810-540cf3817085","967a4f27-8cd6-437d-8c05-8aedbc7ddc4b","Collector's Vault","{2}","Artifact","{2}, {T}: Draw a card, then discard a card. Create a Treasure token. (It's an artifact with ""{T}, Sacrifice this token: Add one mana of any color."")","Treasure","normal","","","[]","full_now","composable_ron","Data","","","Paid tap activation with DrawDiscard and Treasure creation.","tricerules/tricerules-cards/src/card_def.rs;tricerules/tricerules-cards/src/primitives/abilities.rs;tricerules/tricerules-cards/src/primitives/effects.rs;tricerules/tricerules-cards/src/primitives/targeting.rs","https://scryfall.com/card/woe/244/collectors-vault?utm_source=api","https://api.scryfall.com/cards/967a4f27-8cd6-437d-8c05-8aedbc7ddc4b/rulings"
"117","WOE-uncommon","27","63fba8ee9d897f4949ce98a4f9b12828eee9a61cde9ee65ab51030f865ba09da","b07bf08b-d9ec-429f-be6d-a7afa27c60c4","c40be735-0780-459b-8dd2-a298575beaab","Tenacious Tomeseeker","{2}{U}","Creature — Human Knight","Bargain (You may sacrifice an artifact, enchantment, or token as you cast this spell.)
When this creature enters, if it was bargained, return target instant or sorcery card from your graveyard to your hand.","Bargain","normal","3","2","[]","blocked","capability_gap","SharedPrimitiveOrMechanic","optional_cast_payment","","Bargain receipt is necessary for useful ETB recursion.","tricerules/tricerules-cards/src/card_def.rs;tricerules/tricerules-cards/src/primitives/abilities.rs;tricerules/tricerules-cards/src/primitives/effects.rs;tricerules/tricerules-cards/src/primitives/targeting.rs","https://scryfall.com/card/woe/74/tenacious-tomeseeker?utm_source=api","https://api.scryfall.com/cards/c40be735-0780-459b-8dd2-a298575beaab/rulings"
"118","WOE-uncommon","28","676ebc649a31a27a85b6b5ce07634991b9e0435aee889188215e4c78d5f8a954","322e3bc1-2dfa-4d5f-848f-a82d9ce02a67","af07c47f-8b4e-43cb-b469-2efb82aa5590","Gadwick's First Duel","{1}{U}","Enchantment — Saga","(As this Saga enters and after your draw step, add a lore counter. Sacrifice after III.)
I — Create a Cursed Role token attached to up to one target creature. (If you control another Role on it, put that one into the graveyard. Enchanted creature is 1/1.)
II — Scry 2.
III — When you next cast an instant or sorcery spell with mana value 3 or less this turn, copy that spell. You may choose new targets for the copy.","Role token; Scry","saga","","","[]","blocked","capability_gap","SharedPrimitiveOrMechanic","saga","role_token;spell_copy_retarget","Saga/Role lifecycle and delayed cast-copy/new-target flow missing.","tricerules/tricerules-cards/src/card_def.rs;tricerules/tricerules-cards/src/primitives/abilities.rs;tricerules/tricerules-cards/src/primitives/effects.rs;tricerules/tricerules-cards/src/primitives/targeting.rs","https://scryfall.com/card/woe/51/gadwicks-first-duel?utm_source=api","https://api.scryfall.com/cards/af07c47f-8b4e-43cb-b469-2efb82aa5590/rulings"
"119","WOE-uncommon","29","67cd5324808a88b28fe88587b031d77049217917caca1a7c250ee9b6c60dfa3f","ba610f08-61a7-47fe-9a80-32b5ce51b118","b9f10623-4783-4773-b9c8-a5a2bcfdb5d9","Woodland Acolyte // Mend the Wilds","{2}{W} // {G}","Creature — Human Cleric // Instant — Adventure","Woodland Acolyte: When this creature enters, draw a card.
---
Mend the Wilds: Put target permanent card from your graveyard on top of your library. (Then exile this card. You may cast the creature later from exile.)","","adventure","2","2","[{""name"":""Woodland Acolyte"",""mana_cost"":""{2}{W}"",""type_line"":""Creature — Human Cleric"",""oracle_text"":""When this creature enters, draw a card."",""power"":""2"",""toughness"":""2"",""colors"":null,""color_indicator"":null,""loyalty"":null,""defense"":null},{""name"":""Mend the Wilds"",""mana_cost"":""{G}"",""type_line"":""Instant — Adventure"",""oracle_text"":""Put target permanent card from your graveyard on top of your library. (Then exile this card. You may cast the creature later from exile.)"",""power"":null,""toughness"":null,""colors"":null,""color_indicator"":null,""loyalty"":null,""defense"":null}]","full_now","composable_ron","Data","","","Creature ETB draw; Adventure permanent-card graveyard-to-library-top union.","tricerules/tricerules-cards/src/card_def.rs;tricerules/tricerules-cards/src/primitives/abilities.rs;tricerules/tricerules-cards/src/primitives/effects.rs;tricerules/tricerules-cards/src/primitives/targeting.rs","https://scryfall.com/card/woe/241/woodland-acolyte-mend-the-wilds?utm_source=api","https://api.scryfall.com/cards/b9f10623-4783-4773-b9c8-a5a2bcfdb5d9/rulings"
"120","WOE-uncommon","30","688fde268234dee5c5c62120d48ce0ff280e49b8a6c8a09e424307afbaa13334","fd0f8fdc-4065-41f4-b8fb-ecb8f185774d","b6516b8f-ecfb-401e-ba8e-bf561aa2be64","Royal Treatment","{G}","Instant","Target creature you control gains hexproof until end of turn. Create a Royal Role token attached to that creature. (If you control another Role on it, put that one into the graveyard. Enchanted creature gets +1/+1 and has ward {1}.)","Role token","normal","","","[]","partial_now","capability_gap","SharedPrimitiveOrMechanic","role_token","","Hexproof grant works; attached Royal Role missing.","tricerules/tricerules-cards/src/card_def.rs;tricerules/tricerules-cards/src/primitives/abilities.rs;tricerules/tricerules-cards/src/primitives/effects.rs;tricerules/tricerules-cards/src/primitives/targeting.rs","https://scryfall.com/card/woe/183/royal-treatment?utm_source=api","https://api.scryfall.com/cards/b6516b8f-ecfb-401e-ba8e-bf561aa2be64/rulings"
"121","LCI-common","1","00f50068e108b2d93111ce9d5b5a2e83edd2aa4ec3280bfae9b187d10bfdc42d","05da6b06-fb5f-41e8-b0a2-d949646e36d9","adcae196-dbcc-44d5-b700-c57b0b646483","Mephitic Draught","{1}{B}","Artifact","When this artifact enters or is put into a graveyard from the battlefield, you draw a card and you lose 1 life.","","normal","","","[]","full_now","composable_ron","Data","","","Separate self-entry and WhenSelfDies triggers; self graveyard-entry match supports noncreatures.","tricerules/tricerules-cards/src/card_def.rs;tricerules/tricerules-cards/src/primitives/abilities.rs;tricerules/tricerules-cards/src/primitives/effects.rs;tricerules/tricerules-cards/src/primitives/targeting.rs","https://scryfall.com/card/lci/112/mephitic-draught?utm_source=api","https://api.scryfall.com/cards/adcae196-dbcc-44d5-b700-c57b0b646483/rulings"
"122","LCI-common","2","01d73c2951f695983c6534f433c262af97f8ee6b246c119e1c7e0326d98a59b4","d4a9d63a-5a8a-4f51-9e49-43d6dc3234b1","692fe4e8-13b4-4bec-938e-a8073a7fbd71","Greedy Freebooter","{B}","Creature — Human Pirate","When this creature dies, scry 1 and create a Treasure token. (To scry 1, look at the top card of your library. You may put that card on the bottom. A Treasure token is an artifact with ""{T}, Sacrifice this token: Add one mana of any color."")","Treasure; Scry","normal","1","1","[]","full_now","composable_ron","Data","","","Death Scry and Treasure creation.","tricerules/tricerules-cards/src/card_def.rs;tricerules/tricerules-cards/src/primitives/abilities.rs;tricerules/tricerules-cards/src/primitives/effects.rs;tricerules/tricerules-cards/src/primitives/targeting.rs","https://scryfall.com/card/lci/109/greedy-freebooter?utm_source=api","https://api.scryfall.com/cards/692fe4e8-13b4-4bec-938e-a8073a7fbd71/rulings"
"123","LCI-common","3","0bf539e078f73fd3aeff15a2a2be3fdf8da34c6119902a7c17e73120324f4f6d","db65f874-6bf3-4fdb-a977-10b01b7ee2e9","8a7738fb-0a1b-4010-b8c0-e1129739c765","Waterwind Scout","{2}{U}","Creature — Merfolk Scout","Flying
When this creature enters, create a Map token. (It's an artifact with ""{1}, {T}, Sacrifice this token: Target creature you control explores. Activate only as a sorcery."")","Flying; Explore","normal","2","2","[]","partial_now","capability_gap","SharedPrimitiveOrMechanic","explore","","Flying works; Map token requires Explore resolution.","tricerules/tricerules-cards/src/card_def.rs;tricerules/tricerules-cards/src/primitives/abilities.rs;tricerules/tricerules-cards/src/primitives/effects.rs;tricerules/tricerules-cards/src/primitives/targeting.rs","https://scryfall.com/card/lci/84/waterwind-scout?utm_source=api","https://api.scryfall.com/cards/8a7738fb-0a1b-4010-b8c0-e1129739c765/rulings"
"124","LCI-common","4","0bf91d9391f0a21036a31e4cc545640959af9fecded49efb3204c8b30cf59571","861eb7d7-7616-4620-a4fd-4b8c3bf00dd1","e9681a54-6413-4ff4-b6b1-ee4decb25bfa","Promising Vein","","Land — Cave","{T}: Add {C}.
{1}, {T}, Sacrifice this land: Search your library for a basic land card, put it onto the battlefield tapped, then shuffle.","","normal","","","[]","full_now","composable_ron","Data","","","Mana ability and paid tap/sacrifice basic-land search.","tricerules/tricerules-cards/src/card_def.rs;tricerules/tricerules-cards/src/primitives/abilities.rs;tricerules/tricerules-cards/src/primitives/effects.rs;tricerules/tricerules-cards/src/primitives/targeting.rs","https://scryfall.com/card/lci/279/promising-vein?utm_source=api","https://api.scryfall.com/cards/e9681a54-6413-4ff4-b6b1-ee4decb25bfa/rulings"
"125","LCI-common","5","0e06dc8b5320febccee362ccd914c06be988716088299a33fa40a6834a955777","26b441b9-fdfb-43e2-bc02-b358653eadf4","23dddddb-5409-4c28-bf32-e6473f2cc620","Over the Edge","{1}{G}","Sorcery","Choose one —
• Destroy target artifact or enchantment.
• Target creature you control explores, then it explores again. (Reveal the top card of your library. Put that card into your hand if it's a land. Otherwise, put a +1/+1 counter on that creature, then put the card back or put it into your graveyard. Then repeat this process.)","Explore","normal","","","[]","partial_now","capability_gap","SharedPrimitiveOrMechanic","explore","","Destroy mode works; repeated Explore missing.","tricerules/tricerules-cards/src/card_def.rs;tricerules/tricerules-cards/src/primitives/abilities.rs;tricerules/tricerules-cards/src/primitives/effects.rs;tricerules/tricerules-cards/src/primitives/targeting.rs","https://scryfall.com/card/lci/205/over-the-edge?utm_source=api","https://api.scryfall.com/cards/23dddddb-5409-4c28-bf32-e6473f2cc620/rulings"
"126","LCI-common","6","119392f065f70da08eb7e50d9fca00ee711be4985a922e8ac34801597921db61","fab5f694-4a9c-4e72-b164-f236e8212ff7","f70689a0-ac69-4052-84fc-9055e9e1c54b","Ironpaw Aspirant","{1}{W}","Creature — Cat Warrior","When this creature enters, put a +1/+1 counter on target creature.","","normal","1","2","[]","full_now","composable_ron","Data","","","ETB targeted +1/+1 counter.","tricerules/tricerules-cards/src/card_def.rs;tricerules/tricerules-cards/src/primitives/abilities.rs;tricerules/tricerules-cards/src/primitives/effects.rs;tricerules/tricerules-cards/src/primitives/targeting.rs","https://scryfall.com/card/lci/18/ironpaw-aspirant?utm_source=api","https://api.scryfall.com/cards/f70689a0-ac69-4052-84fc-9055e9e1c54b/rulings"
"127","LCI-common","7","17e293294c2b3b0ce3ea12fb3e03e6fd32a7b469ea481e6dc7bdb80d858fb7ea","5d840e49-3ca5-4e4f-9152-a365ad2b1773","e7833724-aec6-41a4-a7ea-2aa722467732","Soaring Sandwing","{4}{W}{W}","Creature — Dinosaur","Flying
When this creature enters, you gain 3 life.
Plainscycling {2} ({2}, Discard this card: Search your library for a Plains card, reveal it, put it into your hand, then shuffle.)","Flying; Plainscycling; Landcycling; Typecycling; Cycling","normal","3","5","[]","full_now","composable_ron","Data","","","Flying, ETB life gain, and hand discard/typecycling search.","tricerules/tricerules-cards/src/card_def.rs;tricerules/tricerules-cards/src/primitives/abilities.rs;tricerules/tricerules-cards/src/primitives/effects.rs;tricerules/tricerules-cards/src/primitives/targeting.rs","https://scryfall.com/card/lci/35/soaring-sandwing?utm_source=api","https://api.scryfall.com/cards/e7833724-aec6-41a4-a7ea-2aa722467732/rulings"
"128","LCI-common","8","184b2525ac5c483b1bed4c56ff520b6ba2dc76c042afcd1b6f3dff6df293bb45","0f85714b-e731-45a3-aa65-8cd59cd48280","ad1a0159-7f00-429c-9318-b028b1e03ba8","Attentive Sunscribe","{1}{W}","Artifact Creature — Gnome","Whenever this creature becomes tapped, scry 1. (Look at the top card of your library. You may put that card on the bottom.)","Scry","normal","2","2","[]","full_now","composable_ron","Data","","","Self tap observer with Scry.","tricerules/tricerules-cards/src/card_def.rs;tricerules/tricerules-cards/src/primitives/abilities.rs;tricerules/tricerules-cards/src/primitives/effects.rs;tricerules/tricerules-cards/src/primitives/targeting.rs","https://scryfall.com/card/lci/4/attentive-sunscribe?utm_source=api","https://api.scryfall.com/cards/ad1a0159-7f00-429c-9318-b028b1e03ba8/rulings"
"129","LCI-common","9","1bc3fa255bbf3eca0406a9237c88bde83a0cad23a31b237e755d2906517f24ed","54452df0-560c-4561-9dd2-3903ae49c91b","9f619075-ca5d-4e09-bd84-31e6b61eaa7e","Pathfinding Axejaw","{3}{G}","Creature — Dinosaur","When this creature enters, it explores. (Reveal the top card of your library. Put that card into your hand if it's a land. Otherwise, put a +1/+1 counter on this creature, then put the card back or put it into your graveyard.)","Explore","normal","4","3","[]","blocked","capability_gap","SharedPrimitiveOrMechanic","explore","","Only functional ETB ability requires Explore.","tricerules/tricerules-cards/src/card_def.rs;tricerules/tricerules-cards/src/primitives/abilities.rs;tricerules/tricerules-cards/src/primitives/effects.rs;tricerules/tricerules-cards/src/primitives/targeting.rs","https://scryfall.com/card/lci/206/pathfinding-axejaw?utm_source=api","https://api.scryfall.com/cards/9f619075-ca5d-4e09-bd84-31e6b61eaa7e/rulings"
"130","LCI-common","10","1c6dc6f9cd25e234fefa92683abc25ef2f10a6baef1fdf0e571ec86c802a06fe","142a960c-4d8e-4b3b-a0db-435c22df8f92","97b1be22-3177-49af-bb06-42497d717c21","In the Presence of Ages","{2}{G}","Instant","Reveal the top four cards of your library. You may put a creature card and/or a land card from among them into your hand. Put the rest into your graveyard.","","normal","","","[]","blocked","capability_gap","SharedPrimitiveOrMechanic","library_algorithm","","Library selection needs separate creature and land quotas in one revealed cohort.","tricerules/tricerules-cards/src/card_def.rs;tricerules/tricerules-cards/src/primitives/abilities.rs;tricerules/tricerules-cards/src/primitives/effects.rs;tricerules/tricerules-cards/src/primitives/targeting.rs","https://scryfall.com/card/lci/192/in-the-presence-of-ages?utm_source=api","https://api.scryfall.com/cards/97b1be22-3177-49af-bb06-42497d717c21/rulings"
"131","LCI-common","11","267d7797cfcb453079a8d2a6b186534d43a82ea859cb37cb1a8b90f21a97d7f4","f780ee53-62b0-4c32-b5b7-047651f48e5f","f67fd04f-05da-4418-97de-abeb7346cc69","Hidden Necropolis","","Land — Cave","This land enters tapped.
{T}: Add {B}.
{4}{B}, {T}, Sacrifice this land: Discover 4. Activate only as a sorcery. (Exile cards from the top of your library until you exile a nonland card with mana value 4 or less. Cast it without paying its mana cost or put it into your hand. Put the rest on the bottom in a random order.)","Discover","normal","","","[]","partial_now","capability_gap","SharedPrimitiveOrMechanic","discover","","Tapped land/mana works; Discover resolution/casting missing.","tricerules/tricerules-cards/src/card_def.rs;tricerules/tricerules-cards/src/primitives/abilities.rs;tricerules/tricerules-cards/src/primitives/effects.rs;tricerules/tricerules-cards/src/primitives/targeting.rs","https://scryfall.com/card/lci/275/hidden-necropolis?utm_source=api","https://api.scryfall.com/cards/f67fd04f-05da-4418-97de-abeb7346cc69/rulings"
"132","LCI-common","12","2a551c000cf15327a3a840c355028fa9b9ba945870636bc75db7aca7ac3bf837","9097243a-39fa-4e18-8316-c0e57699c783","5204c781-f568-4c7f-b3f7-ce4dd678689b","Tectonic Hazard","{R}","Sorcery","Tectonic Hazard deals 1 damage to each opponent and each creature they control.","","normal","","","[]","full_now","composable_ron","Data","","","DamagePlayer EachOpponent plus opponent-filtered DamageAll.","tricerules/tricerules-cards/src/card_def.rs;tricerules/tricerules-cards/src/primitives/abilities.rs;tricerules/tricerules-cards/src/primitives/effects.rs;tricerules/tricerules-cards/src/primitives/targeting.rs","https://scryfall.com/card/lci/169/tectonic-hazard?utm_source=api","https://api.scryfall.com/cards/5204c781-f568-4c7f-b3f7-ce4dd678689b/rulings"
"133","LCI-common","13","2e3263e6894b9190f4d44a51d7743c3b65bac3f10ad04e4a0347e0c074b4f129","ccc2eb6d-21cf-45cf-b4e4-4b2a2517136a","0c7ba382-18c4-4833-b3d2-bd469ae2ad77","Deconstruction Hammer","{W}","Artifact — Equipment","Equipped creature gets +1/+1 and has ""{3}, {T}, Sacrifice Deconstruction Hammer: Destroy target artifact or enchantment.""
Equip {1} ({1}: Attach to target creature you control. Equip only as a sorcery.)","Equip","normal","","","[]","partial_now","capability_gap","SharedPrimitiveOrMechanic","attachment_action","","Equipment pump works; granted activation cannot pay by sacrificing granting Equipment.","tricerules/tricerules-cards/src/primitives/effects.rs","https://scryfall.com/card/lci/9/deconstruction-hammer?utm_source=api","https://api.scryfall.com/cards/0c7ba382-18c4-4833-b3d2-bd469ae2ad77/rulings"
"134","LCI-common","14","2f2e5470a6308136ef7cc8790518b544686835e6541d099a411dbf0724ffee11","f064a39e-ebb3-47b5-bd06-f39b02b95eaf","c1974a8c-3328-4ff5-9a00-cb79ebb8ccf6","Thousand Moons Infantry","{2}{W}","Creature — Human Soldier","Untap this creature during each other player's untap step.","","normal","2","4","[]","full_now","composable_ron","Data","","","UntapsDuringOtherPlayersUntapSteps static ability.","tricerules/tricerules-cards/src/card_def.rs;tricerules/tricerules-cards/src/primitives/abilities.rs;tricerules/tricerules-cards/src/primitives/effects.rs;tricerules/tricerules-cards/src/primitives/targeting.rs","https://scryfall.com/card/lci/38/thousand-moons-infantry?utm_source=api","https://api.scryfall.com/cards/c1974a8c-3328-4ff5-9a00-cb79ebb8ccf6/rulings"
"135","LCI-common","15","32e90e5dafee8782429d068696d1b8cebfb3e4011f0d0e2e70af5254e18f0ba3","f05575f8-4961-4780-83fc-3584d9146a14","814803bc-72cd-46db-b957-4322f2a7b28a","Shipwreck Sentry","{1}{U}","Creature — Human Pirate","Defender
As long as an artifact entered the battlefield under your control this turn, this creature can attack as though it didn't have defender.","Defender","normal","3","3","[]","full_now","composable_ron","Data","","","Artifact entry turn fact condition enables attack-as-though-without-defender.","tricerules/tricerules-cards/src/card_def.rs;tricerules/tricerules-cards/src/primitives/abilities.rs;tricerules/tricerules-cards/src/primitives/effects.rs;tricerules/tricerules-cards/src/primitives/targeting.rs","https://scryfall.com/card/lci/75/shipwreck-sentry?utm_source=api","https://api.scryfall.com/cards/814803bc-72cd-46db-b957-4322f2a7b28a/rulings"
"136","LCI-common","16","3333c870ebc13545cecfbd41b5a0f7320445fc4d7136ee792e5e7f6d742bd7e7","6a381297-ebce-403c-b1dc-b7405fa6902c","4404b8d6-3673-4d82-b9ed-d28e9b54e1f6","Disturbed Slumber","{1}{G}","Instant","Until end of turn, target land you control becomes a 4/4 Dinosaur creature with reach and haste. It's still a land. It must be blocked this turn if able.","","normal","","","[]","blocked","capability_gap","SharedPrimitiveOrMechanic","animation","","One-shot base-P/T animation and duration not authored by current effect vocabulary.","tricerules/tricerules-cards/src/card_def.rs;tricerules/tricerules-cards/src/primitives/abilities.rs;tricerules/tricerules-cards/src/primitives/effects.rs;tricerules/tricerules-cards/src/primitives/targeting.rs","https://scryfall.com/card/lci/182/disturbed-slumber?utm_source=api","https://api.scryfall.com/cards/4404b8d6-3673-4d82-b9ed-d28e9b54e1f6/rulings"
"137","LCI-common","17","3980b36b09947d51b2c541c8e6af8b185685829d03b7ec6360664e92bb7d6f44","19afaf35-b420-49e0-bddf-3180bf1dc30f","d3114f5c-21e9-43c3-abe3-3cf1da20916f","Sunshot Militia","{1}{R}","Creature — Human Soldier","Tap two untapped artifacts and/or creatures you control: This creature deals 1 damage to each opponent. Activate only as a sorcery.","","normal","1","3","[]","full_now","composable_ron","Data","","","Two-object tap payment and sorcery-speed damage to each opponent.","tricerules/tricerules-cards/src/card_def.rs;tricerules/tricerules-cards/src/primitives/abilities.rs;tricerules/tricerules-cards/src/primitives/effects.rs;tricerules/tricerules-cards/src/primitives/targeting.rs","https://scryfall.com/card/lci/168/sunshot-militia?utm_source=api","https://api.scryfall.com/cards/d3114f5c-21e9-43c3-abe3-3cf1da20916f/rulings"
"138","LCI-common","18","3feeba9a8998a5ba7970965a4981b68aca27e6a3087e0f2933cb4082b1943690","7887f060-3024-4dc4-aeb5-fb5546db6b48","35096eb3-ad7b-4b6e-b799-cb4cc447883e","Relic's Roar","{U}","Instant","Until end of turn, target artifact or creature becomes a Dinosaur artifact creature with base power and toughness 4/3 in addition to its other types.","","normal","","","[]","blocked","capability_gap","SharedPrimitiveOrMechanic","animation","","One-shot base-P/T and type-setting effect missing.","tricerules/tricerules-cards/src/card_def.rs;tricerules/tricerules-cards/src/primitives/abilities.rs;tricerules/tricerules-cards/src/primitives/effects.rs;tricerules/tricerules-cards/src/primitives/targeting.rs","https://scryfall.com/card/lci/71/relics-roar?utm_source=api","https://api.scryfall.com/cards/35096eb3-ad7b-4b6e-b799-cb4cc447883e/rulings"
"139","LCI-common","19","402d0d3528bad3fe5401233ae95b1b7354a49a17f9b90b2d7727d3f90cd9d41d","a0292e0b-7bb3-46d3-a29f-b54bce5b20f0","3348abe7-6aa3-47f7-8203-a15f75007e33","Hunter's Blowgun","{1}","Artifact — Equipment","Equipped creature gets +1/+1.
Equipped creature has deathtouch during your turn. Otherwise, it has reach.
Equip {2} ({2}: Attach to target creature you control. Equip only as a sorcery.)","Equip","normal","","","[]","full_now","composable_ron","Data","","","AttachedModifier active-player conditions for deathtouch/reach; pump and Equip.","tricerules/tricerules-cards/src/card_def.rs;tricerules/tricerules-cards/src/primitives/abilities.rs;tricerules/tricerules-cards/src/primitives/effects.rs;tricerules/tricerules-cards/src/primitives/targeting.rs","https://scryfall.com/card/lci/255/hunters-blowgun?utm_source=api","https://api.scryfall.com/cards/3348abe7-6aa3-47f7-8203-a15f75007e33/rulings"
"140","LCI-common","20","419b6438c605daa9fecf16a939e2300ad303a8116b44ea354eaa5566ea065911","324d2aa8-6dea-4b0d-898d-1e52ed187565","99009400-ffa4-40af-8305-78295ae605ac","Acolyte of Aclazotz","{2}{B}","Creature — Vampire Cleric","{T}, Sacrifice another creature or artifact: Each opponent loses 1 life and you gain 1 life.","","normal","1","4","[]","full_now","composable_ron","Data","","","Tap plus other artifact/creature sacrifice and player-set loss/gain.","tricerules/tricerules-cards/src/card_def.rs;tricerules/tricerules-cards/src/primitives/abilities.rs;tricerules/tricerules-cards/src/primitives/effects.rs;tricerules/tricerules-cards/src/primitives/targeting.rs","https://scryfall.com/card/lci/89/acolyte-of-aclazotz?utm_source=api","https://api.scryfall.com/cards/99009400-ffa4-40af-8305-78295ae605ac/rulings"
"141","LCI-common","21","43c4b1b8e116253cd05ea2c1d65f8b699e666534b22507c657893418329e256d","41f6d6d9-3fe5-44b0-904d-1cb90d36f2b6","aad0adcb-80e5-4c6d-bcdd-9e5d18c017b3","Rampaging Spiketail","{4}{B}{B}","Creature — Dinosaur","When this creature enters, target creature you control gets +2/+0 and gains indestructible until end of turn.
Swampcycling {2} ({2}, Discard this card: Search your library for a Swamp card, reveal it, put it into your hand, then shuffle.)","Landcycling; Typecycling; Cycling; Swampcycling","normal","5","6","[]","full_now","composable_ron","Data","","","ETB pump/indestructible and Swampcycling search.","tricerules/tricerules-cards/src/card_def.rs;tricerules/tricerules-cards/src/primitives/abilities.rs;tricerules/tricerules-cards/src/primitives/effects.rs;tricerules/tricerules-cards/src/primitives/targeting.rs","https://scryfall.com/card/lci/116/rampaging-spiketail?utm_source=api","https://api.scryfall.com/cards/aad0adcb-80e5-4c6d-bcdd-9e5d18c017b3/rulings"
"142","LCI-common","22","44bd947fcfca7850eba460f18cff3720c3c1e7941d5bef04f20ccfc78cc47e1e","b7f56bbb-961a-4641-9446-7292ef188b1d","0b24bb7c-6b34-48b6-af94-f312ebdbb759","Deep Goblin Skulltaker","{2}{B}","Creature — Goblin Warrior","Menace
At the beginning of your end step, if you descended this turn, put a +1/+1 counter on this creature. (You descended if a permanent card was put into your graveyard from anywhere.)","Menace","normal","2","2","[]","partial_now","capability_gap","SharedPrimitiveOrMechanic","graveyard_history","","Menace works; Descend-this-turn fact missing.","tricerules/tricerules-cards/src/primitives/effects.rs;tricerules/tricerules-core/src/engine/history.rs;tricerules/tricerules-core/src/engine/mod.rs;tricerules/tricerules-core/src/engine/resolution/mod.rs","https://scryfall.com/card/lci/101/deep-goblin-skulltaker?utm_source=api","https://api.scryfall.com/cards/0b24bb7c-6b34-48b6-af94-f312ebdbb759/rulings"
"143","LCI-common","23","48d7fcaa4a6be8be803a59b164df5a8d1117264b416c352bc7217838301f0313","57f15861-82cf-4faf-827c-9bc7f4844d2a","06d47a3b-dc66-48d8-981b-dde0ccc34ad5","Runaway Boulder","{6}","Artifact","Flash
When this artifact enters, it deals 6 damage to target creature an opponent controls.
Cycling {2} ({2}, Discard this card: Draw a card.)","Flash; Cycling","normal","","","[]","full_now","composable_ron","Data","","","Flash artifact damage ETB and hand-zone discard/draw Cycling.","tricerules/tricerules-cards/src/card_def.rs;tricerules/tricerules-cards/src/primitives/abilities.rs;tricerules/tricerules-cards/src/primitives/effects.rs;tricerules/tricerules-cards/src/primitives/targeting.rs","https://scryfall.com/card/lci/259/runaway-boulder?utm_source=api","https://api.scryfall.com/cards/06d47a3b-dc66-48d8-981b-dde0ccc34ad5/rulings"
"144","LCI-common","24","4c7e2632e59b391bac37ee19d0dd9dcf179084da503803cf7d59ae4f2b54ed75","eb161d0b-e534-463c-b1d1-7210bfba5d28","9048cd9d-df3f-4705-a5f4-e5b09760c631","Miner's Guidewing","{W}","Creature — Bird","Flying, vigilance
When this creature dies, target creature you control explores. (Reveal the top card of your library. Put that card into your hand if it's a land. Otherwise, put a +1/+1 counter on that creature, then put the card back or put it into your graveyard.)","Flying; Vigilance; Explore","normal","1","1","[]","partial_now","capability_gap","SharedPrimitiveOrMechanic","explore","","Flying/vigilance works; death Explore missing.","tricerules/tricerules-cards/src/card_def.rs;tricerules/tricerules-cards/src/primitives/abilities.rs;tricerules/tricerules-cards/src/primitives/effects.rs;tricerules/tricerules-cards/src/primitives/targeting.rs","https://scryfall.com/card/lci/24/miners-guidewing?utm_source=api","https://api.scryfall.com/cards/9048cd9d-df3f-4705-a5f4-e5b09760c631/rulings"
"145","LCI-common","25","4cab54f3c7f939180a2b641147b89503225a9a7012e64cfb99e4373ad74528a8","a1c7cd7a-0795-4135-b787-effeb981d95b","9fa06aed-52c1-48f1-9906-362db12a3cf7","Hidden Volcano","","Land — Cave","This land enters tapped.
{T}: Add {R}.
{4}{R}, {T}, Sacrifice this land: Discover 4. Activate only as a sorcery. (Exile cards from the top of your library until you exile a nonland card with mana value 4 or less. Cast it without paying its mana cost or put it into your hand. Put the rest on the bottom in a random order.)","Discover","normal","","","[]","partial_now","capability_gap","SharedPrimitiveOrMechanic","discover","","Tapped land/mana works; Discover missing.","tricerules/tricerules-cards/src/card_def.rs;tricerules/tricerules-cards/src/primitives/abilities.rs;tricerules/tricerules-cards/src/primitives/effects.rs;tricerules/tricerules-cards/src/primitives/targeting.rs","https://scryfall.com/card/lci/277/hidden-volcano?utm_source=api","https://api.scryfall.com/cards/9fa06aed-52c1-48f1-9906-362db12a3cf7/rulings"
"146","LCI-common","26","4da3d471a271eed94f6f521a53d34f1f0fb1eaa9422d7a370fcdebdeb9f6f139","b9080653-87cb-4443-a4a3-36637d5ad165","9d11e3d4-769d-47aa-8d3a-ce1ac60b68b8","Pirate Hat","{1}{U}","Artifact — Equipment","Equipped creature gets +1/+1 and has ""Whenever this creature attacks, draw a card, then discard a card.""
Equip Pirate {1}
Equip {2} ({2}: Attach to target creature you control. Equip only as a sorcery.)","Equip","normal","","","[]","full_now","composable_ron","Data","","","Attached attack DrawDiscard; two Equip abilities with Pirate target filter.","tricerules/tricerules-cards/src/card_def.rs;tricerules/tricerules-cards/src/primitives/abilities.rs;tricerules/tricerules-cards/src/primitives/effects.rs;tricerules/tricerules-cards/src/primitives/targeting.rs","https://scryfall.com/card/lci/70/pirate-hat?utm_source=api","https://api.scryfall.com/cards/9d11e3d4-769d-47aa-8d3a-ce1ac60b68b8/rulings"
"147","LCI-common","27","4f8e2eb552448d9ccad8bbc7b9621ad3ec0d89494812bf14e43139840b80efa3","d2da26d6-b0f7-4af0-9ce8-fb8d82fe2d85","bb040fc7-f728-4482-92af-9a320c03bb54","Sunfire Torch","{R}","Artifact — Equipment","Equipped creature gets +1/+0 and has ""Whenever this creature attacks, you may sacrifice Sunfire Torch. When you do, this creature deals 2 damage to any target.""
Equip {1} ({1}: Attach to target creature you control. Equip only as a sorcery.)","Equip","normal","","","[]","partial_now","capability_gap","SharedPrimitiveOrMechanic","attachment_action","","Equipment pump works; granted trigger cannot sacrifice granting Equipment.","tricerules/tricerules-cards/src/primitives/effects.rs","https://scryfall.com/card/lci/167/sunfire-torch?utm_source=api","https://api.scryfall.com/cards/bb040fc7-f728-4482-92af-9a320c03bb54/rulings"
"148","LCI-common","28","519f964b24718956583189aeb3a75b903b70574843634d447c23288aaa43e543","a06a35a9-a23e-4a0a-90bc-84e7a52d2cef","d7731ef5-da74-4436-8ee7-01c065cbefae","Oaken Siren","{1}{U}","Artifact Creature — Siren Pirate","Flying, vigilance
{T}: Add {U}. Spend this mana only to cast an artifact spell or activate an ability of an artifact source.","Flying; Vigilance","normal","1","2","[]","full_now","composable_ron","Data","","","Restricted mana has artifact cast and artifact-source activation filters.","tricerules/tricerules-cards/src/card_def.rs;tricerules/tricerules-cards/src/primitives/abilities.rs;tricerules/tricerules-cards/src/primitives/effects.rs;tricerules/tricerules-cards/src/primitives/targeting.rs","https://scryfall.com/card/lci/66/oaken-siren?utm_source=api","https://api.scryfall.com/cards/d7731ef5-da74-4436-8ee7-01c065cbefae/rulings"
"149","LCI-common","29","51b908a83eb2266484bb3a42f0e73123da545b0a951777a6477bb99dd260e53b","dbfa2743-34ff-40e3-81f7-740fc08cd18a","625690d3-7131-45de-adea-9c927241e661","Ancestral Reminiscence","{3}{U}","Sorcery","Draw three cards, then discard a card.","","normal","","","[]","full_now","composable_ron","Data","","","DrawDiscard with three draws then one discard.","tricerules/tricerules-cards/src/card_def.rs;tricerules/tricerules-cards/src/primitives/abilities.rs;tricerules/tricerules-cards/src/primitives/effects.rs;tricerules/tricerules-cards/src/primitives/targeting.rs","https://scryfall.com/card/lci/45/ancestral-reminiscence?utm_source=api","https://api.scryfall.com/cards/625690d3-7131-45de-adea-9c927241e661/rulings"
"150","LCI-common","30","5558bc08dd02faf56e07054f53e967fc23054ef1027b2b55d3031497b2836b0c","656fc672-efa5-484a-b5e8-eac262331439","a6e53495-c76c-4cd4-b93e-b2c491d2c13a","Sage of Days","{2}{U}","Creature — Human Wizard","When this creature enters, look at the top three cards of your library. You may put one of those cards back on top of your library. Put the rest into your graveyard.","","normal","3","2","[]","full_now","composable_ron","Data","","","LibraryPartition Look three with top_min zero/top_max one, without emitting a Surveil event.","tricerules/tricerules-cards/src/card_def.rs;tricerules/tricerules-cards/src/primitives/abilities.rs;tricerules/tricerules-cards/src/primitives/effects.rs;tricerules/tricerules-cards/src/primitives/targeting.rs","https://scryfall.com/card/lci/73/sage-of-days?utm_source=api","https://api.scryfall.com/cards/a6e53495-c76c-4cd4-b93e-b2c491d2c13a/rulings"
"151","LCI-uncommon","1","00d6de35e3b03d9c43e60b8b93dfb357db9196ec40e713b4e2312020e4ba5b8a","18ba355d-a25f-4a5d-b734-11739b0b86af","a86f3cb2-7822-4c19-bd84-cea177e5b6e9","Guardian of the Great Door","{W}{W}","Creature — Angel","As an additional cost to cast this spell, tap four untapped artifacts, creatures, and/or lands you control.
Flying","Flying","normal","4","4","[]","full_now","composable_ron","Data","","","Four-object tap additional cost plus Flying.","tricerules/tricerules-cards/src/card_def.rs;tricerules/tricerules-cards/src/primitives/abilities.rs;tricerules/tricerules-cards/src/primitives/effects.rs;tricerules/tricerules-cards/src/primitives/targeting.rs","https://scryfall.com/card/lci/16/guardian-of-the-great-door?utm_source=api","https://api.scryfall.com/cards/a86f3cb2-7822-4c19-bd84-cea177e5b6e9/rulings"
"152","LCI-uncommon","2","045ce12052c810721834da939a877d34e72523ad17cc80edd6330a53f66e5680","542e7d60-3fc8-46e2-8786-f7c8b3d4c979","4ae30fa7-3d1d-417f-80d7-a668236cb2c1","Diamond Pick-Axe","{R}","Artifact — Equipment","Indestructible (Effects that say ""destroy"" don't destroy this Equipment.)
Equipped creature gets +1/+1 and has ""Whenever this creature attacks, create a Treasure token."" (It's an artifact with ""{T}, Sacrifice this token: Add one mana of any color."")
Equip {2}","Indestructible; Treasure; Equip","normal","","","[]","full_now","composable_ron","Data","","","Indestructible Equipment; attached pump and attack Treasure trigger.","tricerules/tricerules-cards/src/card_def.rs;tricerules/tricerules-cards/src/primitives/abilities.rs;tricerules/tricerules-cards/src/primitives/effects.rs;tricerules/tricerules-cards/src/primitives/targeting.rs","https://scryfall.com/card/lci/143/diamond-pick-axe?utm_source=api","https://api.scryfall.com/cards/4ae30fa7-3d1d-417f-80d7-a668236cb2c1/rulings"
"153","LCI-uncommon","3","06afc9576318ad5c66943cd70cdcdb6a2ff87f001e593b4a5ad9cca05f75d017","e90f298f-c54b-4fe8-82db-5b9153a57712","c06f0ff2-d42f-4854-bbe5-4b022fb26d7d","Zoyowa Lava-Tongue","{B}{R}","Legendary Creature — Goblin Warlock","Deathtouch
At the beginning of your end step, if you descended this turn, each opponent may discard a card or sacrifice a permanent of their choice. Zoyowa deals 3 damage to each opponent who didn't. (You descended if a permanent card was put into your graveyard from anywhere.)","Deathtouch","normal","2","2","[]","partial_now","capability_gap","SharedPrimitiveOrMechanic","graveyard_history","opponent_payment","Deathtouch works; Descend and sequential opponent unless-payment flow missing.","tricerules/tricerules-cards/src/card_def.rs;tricerules/tricerules-cards/src/primitives/abilities.rs;tricerules/tricerules-cards/src/primitives/effects.rs;tricerules/tricerules-cards/src/primitives/targeting.rs;tricerules/tricerules-core/src/engine/history.rs;tricerules/tricerules-core/src/engine/mod.rs;tricerules/tricerules-core/src/engine/resolution/mod.rs","https://scryfall.com/card/lci/245/zoyowa-lava-tongue?utm_source=api","https://api.scryfall.com/cards/c06f0ff2-d42f-4854-bbe5-4b022fb26d7d/rulings"
"154","LCI-uncommon","4","07ce27ed843bf4c15100a6ddcf3f61eae81e426334f58518658faaa96094f980","7cad43df-31c9-47b5-bc05-4a0f6544b396","3d4b61c6-3e88-49f5-9e16-aa8a59653327","Visage of Dread // Dread Osseosaur","{1}{B} // ","Artifact // Creature — Dinosaur Skeleton Horror","Visage of Dread: When this artifact enters, target opponent reveals their hand. You choose an artifact or creature card from it. That player discards that card.
Craft with two creatures {5}{B} ({5}{B}, Exile this artifact, Exile the two from among creatures you control and/or creature cards in your graveyard: Return this card transformed under its owner's control. Craft only as a sorcery.)
---
Dread Osseosaur: Menace
Whenever this creature enters or attacks, you may mill two cards. (You may put the top two cards of your library into your graveyard.)","Craft; Transform; Menace; Mill","transform","","","[{""name"":""Visage of Dread"",""mana_cost"":""{1}{B}"",""type_line"":""Artifact"",""oracle_text"":""When this artifact enters, target opponent reveals their hand. You choose an artifact or creature card from it. That player discards that card.\nCraft with two creatures {5}{B} ({5}{B}, Exile this artifact, Exile the two from among creatures you control and/or creature cards in your graveyard: Return this card transformed under its owner's control. Craft only as a sorcery.)"",""power"":null,""toughness"":null,""colors"":[""B""],""color_indicator"":null,""loyalty"":null,""defense"":null},{""name"":""Dread Osseosaur"",""mana_cost"":"""",""type_line"":""Creature — Dinosaur Skeleton Horror"",""oracle_text"":""Menace\nWhenever this creature enters or attacks, you may mill two cards. (You may put the top two cards of your library into your graveyard.)"",""power"":""5"",""toughness"":""4"",""colors"":[""B""],""color_indicator"":[""B""],""loyalty"":null,""defense"":null}]","partial_now","capability_gap","SharedPrimitiveOrMechanic","craft","hand_filter","Back-face menace/mill is expressible; Craft missing and front hand choice needs artifact-or-creature union.","tricerules/tricerules-cards/src/card_def.rs;tricerules/tricerules-cards/src/primitives/abilities.rs;tricerules/tricerules-cards/src/primitives/effects.rs;tricerules/tricerules-cards/src/primitives/targeting.rs","https://scryfall.com/card/lci/129/visage-of-dread-dread-osseosaur?utm_source=api","https://api.scryfall.com/cards/3d4b61c6-3e88-49f5-9e16-aa8a59653327/rulings"
"155","LCI-uncommon","5","0e0d6794e1cba5f1b1a161d3e9964e57da979bff483080227b7deff4f75efb0e","483a0caa-e912-41e9-aaa3-bcea9369ec06","2259f959-ca97-4df9-8d50-0532090fb967","Malamet Battle Glyph","{G}","Sorcery","Choose target creature you control and target creature you don't control. If the creature you control entered this turn, put a +1/+1 counter on it. Then those creatures fight each other.","Fight","normal","","","[]","partial_now","capability_gap","SharedPrimitiveOrMechanic","object_condition","","Fight works; same chosen object's entry-turn predicate missing.","tricerules/tricerules-cards/src/card_def.rs;tricerules/tricerules-cards/src/primitives/abilities.rs;tricerules/tricerules-cards/src/primitives/effects.rs;tricerules/tricerules-cards/src/primitives/targeting.rs","https://scryfall.com/card/lci/198/malamet-battle-glyph?utm_source=api","https://api.scryfall.com/cards/2259f959-ca97-4df9-8d50-0532090fb967/rulings"
"156","LCI-uncommon","6","1078dc3f923b95a5594e212511e098da8cb2ba10112494bc1dbb6b3930a287f9","63c8f510-eba8-4f00-9f80-fbbc74801a4a","afcb2a90-d4c0-4c83-8ee7-2ac3a23b4402","Scampering Surveyor","{4}","Artifact Creature — Gnome","When this creature enters, search your library for a basic land card or Cave card, put it onto the battlefield tapped, then shuffle.","","normal","3","2","[]","full_now","composable_ron","Data","","","Search filter disjunction for BasicLand or Land subtype Cave.","tricerules/tricerules-cards/src/card_def.rs;tricerules/tricerules-cards/src/primitives/abilities.rs;tricerules/tricerules-cards/src/primitives/effects.rs;tricerules/tricerules-cards/src/primitives/targeting.rs","https://scryfall.com/card/lci/260/scampering-surveyor?utm_source=api","https://api.scryfall.com/cards/afcb2a90-d4c0-4c83-8ee7-2ac3a23b4402/rulings"
"157","LCI-uncommon","7","10ba60c9235932840b73e6e5dbe371995b91d06515f77f4117d2d5a903fdb952","2962fe4c-bf48-454b-8a6b-0f8253352ae8","d3be4257-2316-4a2e-b347-f71c0368a947","Spelunking","{2}{G}","Enchantment","When this enchantment enters, draw a card, then you may put a land card from your hand onto the battlefield. If you put a Cave onto the battlefield this way, you gain 4 life.
Lands you control enter untapped.","","normal","","","[]","partial_now","capability_gap","SharedPrimitiveOrMechanic","entry_replacement","result_continuation","Draw and hand-land entry exist; Cave result receipt and enter-untapped replacement missing.","tricerules/tricerules-cards/src/card_def.rs;tricerules/tricerules-cards/src/primitives/abilities.rs;tricerules/tricerules-cards/src/primitives/effects.rs;tricerules/tricerules-cards/src/primitives/targeting.rs","https://scryfall.com/card/lci/213/spelunking?utm_source=api","https://api.scryfall.com/cards/d3be4257-2316-4a2e-b347-f71c0368a947/rulings"
"158","LCI-uncommon","8","1279bae78c0b09eacd732a8bba4e04a9de06e4bd9f17f86010ae52ce62c221e3","2dfdd358-e3cd-4bf5-871b-37689b7951e9","f7a41343-7cdb-49aa-a9d1-7460195355d8","Master's Guide-Mural // Master's Manufactory","{3}{W}{U} // ","Artifact // Artifact","Master's Guide-Mural: When this artifact enters, create a 4/4 white and blue Golem artifact creature token.
Craft with artifact {4}{W}{W}{U} ({4}{W}{W}{U}, Exile this artifact, Exile another artifact you control or an artifact card from your graveyard: Return this card transformed under its owner's control. Craft only as a sorcery.)
---
Master's Manufactory: {T}: Create a 4/4 white and blue Golem artifact creature token. Activate only if this artifact or another artifact entered the battlefield under your control this turn.","Craft; Transform","transform","","","[{""name"":""Master's Guide-Mural"",""mana_cost"":""{3}{W}{U}"",""type_line"":""Artifact"",""oracle_text"":""When this artifact enters, create a 4/4 white and blue Golem artifact creature token.\nCraft with artifact {4}{W}{W}{U} ({4}{W}{W}{U}, Exile this artifact, Exile another artifact you control or an artifact card from your graveyard: Return this card transformed under its owner's control. Craft only as a sorcery.)"",""power"":null,""toughness"":null,""colors"":[""U"",""W""],""color_indicator"":null,""loyalty"":null,""defense"":null},{""name"":""Master's Manufactory"",""mana_cost"":"""",""type_line"":""Artifact"",""oracle_text"":""{T}: Create a 4/4 white and blue Golem artifact creature token. Activate only if this artifact or another artifact entered the battlefield under your control this turn."",""power"":null,""toughness"":null,""colors"":[""U"",""W""],""color_indicator"":[""U"",""W""],""loyalty"":null,""defense"":null}]","partial_now","capability_gap","SharedPrimitiveOrMechanic","craft","","Both faces' fixed token effects work; Craft transition missing.","tricerules/tricerules-cards/src/card_def.rs;tricerules/tricerules-cards/src/primitives/abilities.rs;tricerules/tricerules-cards/src/primitives/effects.rs;tricerules/tricerules-cards/src/primitives/targeting.rs","https://scryfall.com/card/lci/233/masters-guide-mural-masters-manufactory?utm_source=api","https://api.scryfall.com/cards/f7a41343-7cdb-49aa-a9d1-7460195355d8/rulings"
"159","LCI-uncommon","9","1eca9ead1a6271d5e3d88916a25242cc79fd49622ff1c73455745e9da0713902","044d2788-6daa-4849-a813-1f577eef9295","bc7d3957-b483-4a1f-a244-293c90032f5e","Pit of Offerings","","Land — Cave","This land enters tapped.
When this land enters, exile up to three target cards from graveyards.
{T}: Add {C}.
{T}: Add one mana of any of the exiled cards' colors.","","normal","","","[]","partial_now","capability_gap","SharedPrimitiveOrMechanic","linked_exile","","Tapped entry, graveyard exile, colorless mana work; linked exiled-color mana missing.","tricerules/tricerules-cards/src/card_def.rs;tricerules/tricerules-cards/src/primitives/abilities.rs;tricerules/tricerules-cards/src/primitives/effects.rs;tricerules/tricerules-cards/src/primitives/targeting.rs","https://scryfall.com/card/lci/278/pit-of-offerings?utm_source=api","https://api.scryfall.com/cards/bc7d3957-b483-4a1f-a244-293c90032f5e/rulings"
"160","LCI-uncommon","10","24b4c9960da66996c8675b7b4403480a7aa9d8e89db06b3b1a3696f2d411d7ba","d491995f-e9b2-4187-852c-8a4c2495eaca","384b6892-5dfc-4607-b511-cf83544a9357","Canonized in Blood","{1}{B}","Enchantment","At the beginning of your end step, if you descended this turn, put a +1/+1 counter on target creature you control. (You descended if a permanent card was put into your graveyard from anywhere.)
{5}{B}{B}, Sacrifice this enchantment: Create a 4/3 white and black Vampire Demon creature token with flying.","","normal","","","[]","partial_now","capability_gap","SharedPrimitiveOrMechanic","graveyard_history","","Sacrifice token activation works; Descend end-step condition missing.","tricerules/tricerules-cards/src/primitives/effects.rs;tricerules/tricerules-core/src/engine/history.rs;tricerules/tricerules-core/src/engine/mod.rs;tricerules/tricerules-core/src/engine/resolution/mod.rs","https://scryfall.com/card/lci/96/canonized-in-blood?utm_source=api","https://api.scryfall.com/cards/384b6892-5dfc-4607-b511-cf83544a9357/rulings"
"161","LCI-uncommon","11","27daa950a6e3bc963cc8ee54df6fd1ea10e039bffde7a23ffa78b1ea553013bd","f429ca15-c578-4c1d-a604-fd5509c92dba","dedd7a22-92e2-41fd-aa80-944c69653a5e","Lodestone Needle // Guidestone Compass","{1}{U} // ","Artifact // Artifact","Lodestone Needle: Flash
When this artifact enters, tap up to one target artifact or creature and put two stun counters on it.
Craft with artifact {2}{U} ({2}{U}, Exile this artifact, Exile another artifact you control or an artifact card from your graveyard: Return this card transformed under its owner's control. Craft only as a sorcery.)
---
Guidestone Compass: {1}, {T}: Target creature you control explores. Activate only as a sorcery. (Reveal the top card of your library. Put that card into your hand if it's a land. Otherwise, put a +1/+1 counter on that creature, then put the card back or put it into your graveyard.)","Craft; Transform; Explore; Flash","transform","","","[{""name"":""Lodestone Needle"",""mana_cost"":""{1}{U}"",""type_line"":""Artifact"",""oracle_text"":""Flash\nWhen this artifact enters, tap up to one target artifact or creature and put two stun counters on it.\nCraft with artifact {2}{U} ({2}{U}, Exile this artifact, Exile another artifact you control or an artifact card from your graveyard: Return this card transformed under its owner's control. Craft only as a sorcery.)"",""power"":null,""toughness"":null,""colors"":[""U""],""color_indicator"":null,""loyalty"":null,""defense"":null},{""name"":""Guidestone Compass"",""mana_cost"":"""",""type_line"":""Artifact"",""oracle_text"":""{1}, {T}: Target creature you control explores. Activate only as a sorcery. (Reveal the top card of your library. Put that card into your hand if it's a land. Otherwise, put a +1/+1 counter on that creature, then put the card back or put it into your graveyard.)"",""power"":null,""toughness"":null,""colors"":[""U""],""color_indicator"":[""U""],""loyalty"":null,""defense"":null}]","partial_now","capability_gap","SharedPrimitiveOrMechanic","craft","explore","Front flash/tap/stun works; Craft and back-face Explore missing.","tricerules/tricerules-cards/src/card_def.rs;tricerules/tricerules-cards/src/primitives/abilities.rs;tricerules/tricerules-cards/src/primitives/effects.rs;tricerules/tricerules-cards/src/primitives/targeting.rs","https://scryfall.com/card/lci/62/lodestone-needle-guidestone-compass?utm_source=api","https://api.scryfall.com/cards/dedd7a22-92e2-41fd-aa80-944c69653a5e/rulings"
"162","LCI-uncommon","12","3614cd17cbf53afda3b5ff3519c54a129c1a55c44a6bf5febc9ca500122edb77","3df49c4d-a285-4826-824e-b742b0deed3a","f2ae23db-c391-402c-9568-65447cada66e","Confounding Riddle","{2}{U}","Instant","Choose one —
• Look at the top four cards of your library. Put one of them into your hand and the rest into your graveyard.
• Counter target spell unless its controller pays {4}.","","normal","","","[]","partial_now","capability_gap","SharedPrimitiveOrMechanic","library_algorithm","","Soft-counter mode works; LookChooseToHand only sends the rest to bottom, not graveyard.","tricerules/tricerules-cards/src/card_def.rs;tricerules/tricerules-cards/src/primitives/abilities.rs;tricerules/tricerules-cards/src/primitives/effects.rs;tricerules/tricerules-cards/src/primitives/targeting.rs","https://scryfall.com/card/lci/50/confounding-riddle?utm_source=api","https://api.scryfall.com/cards/f2ae23db-c391-402c-9568-65447cada66e/rulings"
"163","LCI-uncommon","13","3bd6e5a08a47a677be5ef60db982f60812d52da18b5480a4de530e6890e2613d","91d01119-9b3e-4629-8cf0-bbca2c19a7cc","8bab3f8f-cb06-466d-a35d-0b5e1a2b524c","Rampaging Ceratops","{4}{R}","Creature — Dinosaur","This creature can't be blocked except by three or more creatures.","","normal","5","4","[]","blocked","capability_gap","SharedPrimitiveOrMechanic","combat_predicate","","Minimum-three-blockers evasion missing; Menace only supplies two.","tricerules/tricerules-cards/src/primitives/abilities.rs;tricerules/tricerules-cards/src/primitives/keywords.rs;tricerules/tricerules-core/src/engine/combat.rs;tricerules/tricerules-core/src/engine/legal_actions.rs","https://scryfall.com/card/lci/162/rampaging-ceratops?utm_source=api","https://api.scryfall.com/cards/8bab3f8f-cb06-466d-a35d-0b5e1a2b524c/rulings"
"164","LCI-uncommon","14","3cbc89a58e4f2d603341a6c25dbda4397a86b13132173cee51d52b722db759e7","3233af43-7826-4895-b67e-03c6102c2cd5","c9f88a40-a6ed-4c1f-a309-011aca1acddd","Kutzil, Malamet Exemplar","{1}{G}{W}","Legendary Creature — Cat Warrior","Your opponents can't cast spells during your turn.
Whenever one or more creatures you control each with power greater than its base power deals combat damage to a player, draw a card.","","normal","3","3","[]","blocked","capability_gap","SharedPrimitiveOrMechanic","cast_prohibition","damage_observer;object_condition","Opponent-turn cast prohibition and grouped improved-power combat-damage trigger missing.","tricerules/tricerules-cards/src/card_def.rs;tricerules/tricerules-cards/src/primitives/abilities.rs;tricerules/tricerules-cards/src/primitives/effects.rs;tricerules/tricerules-cards/src/primitives/targeting.rs","https://scryfall.com/card/lci/232/kutzil-malamet-exemplar?utm_source=api","https://api.scryfall.com/cards/c9f88a40-a6ed-4c1f-a309-011aca1acddd/rulings"
"165","LCI-uncommon","15","40a78c4ccd90e28e06e4446382bafb7f5404f85e70326650d8108b45a040d34b","558135b3-babc-40b6-9d9d-57ab0965ee3d","8341ddd9-aac1-4773-b8ce-51e35f696263","Calamitous Cave-In","{3}{R}","Sorcery","Calamitous Cave-In deals X damage to each creature and each planeswalker, where X is the number of Caves you control plus the number of Cave cards in your graveyard.","","normal","","","[]","blocked","capability_gap","SharedPrimitiveOrMechanic","quantity","","DamageAll lacks dynamic Amount and cross-zone Cave sum.","tricerules/tricerules-cards/src/primitives/abilities.rs;tricerules/tricerules-cards/src/primitives/effects.rs;tricerules/tricerules-core/src/engine/history.rs","https://scryfall.com/card/lci/139/calamitous-cave-in?utm_source=api","https://api.scryfall.com/cards/8341ddd9-aac1-4773-b8ce-51e35f696263/rulings"
"166","LCI-uncommon","16","416700bcbd3520e993e9f969863b09e382dbf962c294b737eadb1538293a2a41","36bfcc4a-7f66-4649-ab6b-18d360299d46","a062202c-f9fb-4dd6-989a-c3083644f1c0","Uchbenbak, the Great Mistake","{3}{U}{B}","Legendary Creature — Skeleton Horror","Vigilance, menace
Descend 8 — {4}{U}{B}: Return this card from your graveyard to the battlefield with a finality counter on it. Activate only if there are eight or more permanent cards in your graveyard and only as a sorcery. (If a creature with a finality counter on it would die, exile it instead.)","Vigilance; Descend; Menace","normal","6","4","[]","partial_now","capability_gap","SharedPrimitiveOrMechanic","finality","source_zone_move","Vigilance/menace work; graveyard self-return with finality counter missing.","tricerules/tricerules-cards/src/card_def.rs;tricerules/tricerules-cards/src/primitives/abilities.rs;tricerules/tricerules-cards/src/primitives/effects.rs;tricerules/tricerules-cards/src/primitives/targeting.rs","https://scryfall.com/card/lci/242/uchbenbak-the-great-mistake?utm_source=api","https://api.scryfall.com/cards/a062202c-f9fb-4dd6-989a-c3083644f1c0/rulings"
"167","LCI-uncommon","17","41d5f6935383be777110edb1f70f772a383c359142414d8f64d7f4b5221d73e8","f976a244-1240-4430-9182-bb8d6d932ea0","7112c366-b36a-4bc8-aa64-6bad16bebc39","Itzquinth, Firstborn of Gishath","{R}{G}","Legendary Creature — Dinosaur","Haste
When Itzquinth enters, you may pay {2}. When you do, target Dinosaur you control deals damage equal to its power to another target creature.","Haste","normal","2","3","[]","full_now","composable_ron","Data","","","Haste plus paid ETB reflexive two-target Dinosaur bite.","tricerules/tricerules-cards/src/card_def.rs;tricerules/tricerules-cards/src/primitives/abilities.rs;tricerules/tricerules-cards/src/primitives/effects.rs;tricerules/tricerules-cards/src/primitives/targeting.rs","https://scryfall.com/card/lci/230/itzquinth-firstborn-of-gishath?utm_source=api","https://api.scryfall.com/cards/7112c366-b36a-4bc8-aa64-6bad16bebc39/rulings"
"168","LCI-uncommon","18","43b3193ccb91657c980a0029f50bc1f0d5c99d64f2d6083a504114ddd060988e","68c56db4-c97a-4c1b-a6f6-096392488e21","bdd8eed6-91da-4454-a5e3-7bbfac614f47","Chupacabra Echo","{2}{B}{B}","Creature — Beast Horror Spirit","Fathomless descent — When this creature enters, target creature an opponent controls gets -X/-X until end of turn, where X is the number of permanent cards in your graveyard.","Fathomless descent","normal","3","2","[]","blocked","capability_gap","SharedPrimitiveOrMechanic","quantity","","Negative pump requires filtered permanent-card graveyard count Amount.","tricerules/tricerules-cards/src/primitives/abilities.rs;tricerules/tricerules-cards/src/primitives/effects.rs;tricerules/tricerules-core/src/engine/history.rs","https://scryfall.com/card/lci/97/chupacabra-echo?utm_source=api","https://api.scryfall.com/cards/bdd8eed6-91da-4454-a5e3-7bbfac614f47/rulings"
"169","LCI-uncommon","19","4e6cf75d643abf8d7987d144016ed0dc369e7f3141bd3637f46f1ba46b198368","7534d0b3-4211-4add-8e8d-370c033518d3","415904fe-b77f-4c1a-850f-688484d629e6","Goldfury Strider","{4}{R}","Artifact Creature — Golem","Trample
Tap two untapped artifacts and/or creatures you control: Target creature gets +2/+0 until end of turn. Activate only as a sorcery.","Trample","normal","3","5","[]","full_now","composable_ron","Data","","","Trample and two-object tap payment for fixed targeted pump.","tricerules/tricerules-cards/src/card_def.rs;tricerules/tricerules-cards/src/primitives/abilities.rs;tricerules/tricerules-cards/src/primitives/effects.rs;tricerules/tricerules-cards/src/primitives/targeting.rs","https://scryfall.com/card/lci/152/goldfury-strider?utm_source=api","https://api.scryfall.com/cards/415904fe-b77f-4c1a-850f-688484d629e6/rulings"
"170","LCI-uncommon","20","50783e0b658f3ceb864f521d5ed41835500da075a7d23d4cd406fe261f79f874","454cbc6a-b7f0-445e-842c-5db267917a18","cdcbba6f-aa54-44be-a3b0-f712fa8bd5ad","Earthshaker Dreadmaw","{4}{G}{G}","Creature — Dinosaur","Trample
When this creature enters, draw a card for each other Dinosaur you control.","Trample","normal","6","6","[]","full_now","composable_ron","Data","","","Trample and Count BattlefieldCreatures excluding source with Dinosaur subtype.","tricerules/tricerules-cards/src/card_def.rs;tricerules/tricerules-cards/src/primitives/abilities.rs;tricerules/tricerules-cards/src/primitives/effects.rs;tricerules/tricerules-cards/src/primitives/targeting.rs","https://scryfall.com/card/lci/183/earthshaker-dreadmaw?utm_source=api","https://api.scryfall.com/cards/cdcbba6f-aa54-44be-a3b0-f712fa8bd5ad/rulings"
"171","LCI-uncommon","21","519b5f82ac3b8156c1b7255c83e9cd3b9417ecbf89a3ebb85954f7eb7c09be33","6bda307b-1508-4582-952b-c690db85e045","545503f8-a8c6-4518-9ad6-76e4996397fc","Hermitic Nautilus","{1}{U}","Artifact Creature — Nautilus","Vigilance
{1}{U}: This creature gets +3/-3 until end of turn.","Vigilance","normal","1","4","[]","full_now","composable_ron","Data","","","Vigilance and fixed signed source pump activation.","tricerules/tricerules-cards/src/card_def.rs;tricerules/tricerules-cards/src/primitives/abilities.rs;tricerules/tricerules-cards/src/primitives/effects.rs;tricerules/tricerules-cards/src/primitives/targeting.rs","https://scryfall.com/card/lci/58/hermitic-nautilus?utm_source=api","https://api.scryfall.com/cards/545503f8-a8c6-4518-9ad6-76e4996397fc/rulings"
"172","LCI-uncommon","22","5662f370dab91f23acc8f223b68f26ef184ddd532342cf5a182a5d101ccd46db","d2824464-963b-48db-a482-cc08a0a97332","afa464fe-978f-43de-ac35-79be4b12f0d9","Tendril of the Mycotyrant","{1}{G}","Creature — Fungus Wizard","{5}{G}{G}: Put seven +1/+1 counters on target noncreature land you control. It becomes a 0/0 Fungus creature with haste. It's still a land.","","normal","2","2","[]","blocked","capability_gap","SharedPrimitiveOrMechanic","animation","target_predicate","Noncreature-land target and indefinite base-P/T animation missing.","tricerules/tricerules-cards/src/card_def.rs;tricerules/tricerules-cards/src/primitives/abilities.rs;tricerules/tricerules-cards/src/primitives/effects.rs;tricerules/tricerules-cards/src/primitives/targeting.rs;tricerules/tricerules-core/src/engine/legal_actions.rs;tricerules/tricerules-core/src/engine/targeting.rs","https://scryfall.com/card/lci/215/tendril-of-the-mycotyrant?utm_source=api","https://api.scryfall.com/cards/afa464fe-978f-43de-ac35-79be4b12f0d9/rulings"
"173","LCI-uncommon","23","567b77f15c3ec3733cff293dc89f6011404c82eda88abb98065c01a32b835119","776341cb-d2ec-423f-9250-92dc8bd8d503","05bdd22c-3e11-4c29-bdfa-d3dfc0e90a9f","Bitter Triumph","{1}{B}","Instant","As an additional cost to cast this spell, discard a card or pay 3 life.
Destroy target creature or planeswalker.","","normal","","","[]","blocked","capability_gap","SharedPrimitiveOrMechanic","cost_choice","","Alternative mandatory discard-or-life casting cost absent.","tricerules/tricerules-cards/src/card_def.rs;tricerules/tricerules-cards/src/primitives/abilities.rs;tricerules/tricerules-cards/src/primitives/effects.rs;tricerules/tricerules-cards/src/primitives/targeting.rs","https://scryfall.com/card/lci/91/bitter-triumph?utm_source=api","https://api.scryfall.com/cards/05bdd22c-3e11-4c29-bdfa-d3dfc0e90a9f/rulings"
"174","LCI-uncommon","24","5794cd13e3e36a653ecdf95aa530b3919eb733e09a109a47fa166a5a99619a36","90e1bcef-53af-4c08-b713-bf10dfcbd577","8aece300-656b-4e0d-a45f-aa7feaff0a4e","Clay-Fired Bricks // Cosmium Kiln","{1}{W} // ","Artifact // Artifact","Clay-Fired Bricks: When this artifact enters, search your library for a basic Plains card, reveal it, put it into your hand, then shuffle. You gain 2 life.
Craft with artifact {5}{W}{W} ({5}{W}{W}, Exile this artifact, Exile another artifact you control or an artifact card from your graveyard: Return this card transformed under its owner's control. Craft only as a sorcery.)
---
Cosmium Kiln: When this artifact enters, create two 1/1 colorless Gnome artifact creature tokens.
Creatures you control get +1/+1.","Craft; Transform","transform","","","[{""name"":""Clay-Fired Bricks"",""mana_cost"":""{1}{W}"",""type_line"":""Artifact"",""oracle_text"":""When this artifact enters, search your library for a basic Plains card, reveal it, put it into your hand, then shuffle. You gain 2 life.\nCraft with artifact {5}{W}{W} ({5}{W}{W}, Exile this artifact, Exile another artifact you control or an artifact card from your graveyard: Return this card transformed under its owner's control. Craft only as a sorcery.)"",""power"":null,""toughness"":null,""colors"":[""W""],""color_indicator"":null,""loyalty"":null,""defense"":null},{""name"":""Cosmium Kiln"",""mana_cost"":"""",""type_line"":""Artifact"",""oracle_text"":""When this artifact enters, create two 1/1 colorless Gnome artifact creature tokens.\nCreatures you control get +1/+1."",""power"":null,""toughness"":null,""colors"":[""W""],""color_indicator"":[""W""],""loyalty"":null,""defense"":null}]","partial_now","capability_gap","SharedPrimitiveOrMechanic","craft","","Front Plains search/life and back token/anthem data work; Craft missing.","tricerules/tricerules-cards/src/card_def.rs;tricerules/tricerules-cards/src/primitives/abilities.rs;tricerules/tricerules-cards/src/primitives/effects.rs;tricerules/tricerules-cards/src/primitives/targeting.rs","https://scryfall.com/card/lci/6/clay-fired-bricks-cosmium-kiln?utm_source=api","https://api.scryfall.com/cards/8aece300-656b-4e0d-a45f-aa7feaff0a4e/rulings"
"175","LCI-uncommon","25","57af990eeaf67846ca34c367101ebc52a351306a0843b7821e6493f9d15f6925","71393988-ad6f-43fd-9978-c0de15ae8e87","de8c1c02-e533-46b2-a3eb-91dff561854b","Forgotten Monument","","Land — Cave","{T}: Add {C}.
Other Caves you control have ""{T}, Pay 1 life: Add one mana of any color.""","","normal","","","[]","partial_now","capability_gap","SharedPrimitiveOrMechanic","activated_grant","cost_choice","Colorless mana works; other-Cave ability grant and life activation cost missing.","tricerules/tricerules-cards/src/card_def.rs;tricerules/tricerules-cards/src/primitives/abilities.rs;tricerules/tricerules-cards/src/primitives/effects.rs;tricerules/tricerules-cards/src/primitives/targeting.rs","https://scryfall.com/card/lci/272/forgotten-monument?utm_source=api","https://api.scryfall.com/cards/de8c1c02-e533-46b2-a3eb-91dff561854b/rulings"
"176","LCI-uncommon","26","5c3db016e52b943a40519eaf74e8ccaf3ddb4c7a6eecaf600049c21f17947ec9","e75b187d-0e3b-4d94-a940-8b7e4e7ed1ca","7c219861-f808-456f-b551-37512764062d","Mischievous Pup","{2}{W}","Creature — Dog","Flash (You may cast this spell any time you could cast an instant.)
When this creature enters, return up to one other target permanent you control to its owner's hand.","Flash","normal","3","1","[]","full_now","composable_ron","Data","","","Flash and optional other-permanent bounce ETB.","tricerules/tricerules-cards/src/card_def.rs;tricerules/tricerules-cards/src/primitives/abilities.rs;tricerules/tricerules-cards/src/primitives/effects.rs;tricerules/tricerules-cards/src/primitives/targeting.rs","https://scryfall.com/card/lci/25/mischievous-pup?utm_source=api","https://api.scryfall.com/cards/7c219861-f808-456f-b551-37512764062d/rulings"
"177","LCI-uncommon","27","5f753acec35790105773624116f0c20b42e3e9c88d4bd699fbc67c722dfd46eb","7f87a770-af47-4345-8dc1-0a1e8bae75c5","8ea82964-fd9c-48e3-962f-94954476b31f","Caparocti Sunborn","{2}{R}{W}","Legendary Creature — Human Soldier","Whenever Caparocti Sunborn attacks, you may tap two untapped artifacts and/or creatures you control. If you do, discover 3. (Exile cards from the top of your library until you exile a nonland card with mana value 3 or less. Cast it without paying its mana cost or put it into your hand. Put the rest on the bottom in a random order.)","Discover","normal","4","4","[]","blocked","capability_gap","SharedPrimitiveOrMechanic","discover","","Attack tap payment exists; Discover result absent.","tricerules/tricerules-cards/src/card_def.rs;tricerules/tricerules-cards/src/primitives/abilities.rs;tricerules/tricerules-cards/src/primitives/effects.rs;tricerules/tricerules-cards/src/primitives/targeting.rs","https://scryfall.com/card/lci/226/caparocti-sunborn?utm_source=api","https://api.scryfall.com/cards/8ea82964-fd9c-48e3-962f-94954476b31f/rulings"
"178","LCI-uncommon","28","60797be2e9e8b0b7c51103f108f53e9a240c0df687ddfa62365d215597a4a147","c69742bf-f0f5-4216-a602-c21f9c5a6501","e0b6d40a-fded-4625-b03c-765c88d75766","Sunbird Standard // Sunbird Effigy","{3} // ","Artifact // Artifact Creature — Bird Construct","Sunbird Standard: {T}: Add one mana of any color.
Craft with one or more {5} ({5}, Exile this artifact, Exile one or more other permanents you control and/or cards from your graveyard: Return this card transformed under its owner's control. Craft only as a sorcery.)
---
Sunbird Effigy: Flying, vigilance, haste
Sunbird Effigy's power and toughness are each equal to the number of colors among the exiled cards used to craft it.
{T}: For each color among the exiled cards used to craft this creature, add one mana of that color.","Flying; Craft; Vigilance; Transform; Haste","transform","","","[{""name"":""Sunbird Standard"",""mana_cost"":""{3}"",""type_line"":""Artifact"",""oracle_text"":""{T}: Add one mana of any color.\nCraft with one or more {5} ({5}, Exile this artifact, Exile one or more other permanents you control and/or cards from your graveyard: Return this card transformed under its owner's control. Craft only as a sorcery.)"",""power"":null,""toughness"":null,""colors"":[],""color_indicator"":null,""loyalty"":null,""defense"":null},{""name"":""Sunbird Effigy"",""mana_cost"":"""",""type_line"":""Artifact Creature — Bird Construct"",""oracle_text"":""Flying, vigilance, haste\nSunbird Effigy's power and toughness are each equal to the number of colors among the exiled cards used to craft it.\n{T}: For each color among the exiled cards used to craft this creature, add one mana of that color."",""power"":""*"",""toughness"":""*"",""colors"":[],""color_indicator"":null,""loyalty"":null,""defense"":null}]","partial_now","capability_gap","SharedPrimitiveOrMechanic","craft","linked_exile;dynamic_characteristics","Front any-color mana works; Craft, linked color characteristics and output missing.","tricerules/tricerules-cards/src/card_def.rs;tricerules/tricerules-cards/src/primitives/abilities.rs;tricerules/tricerules-cards/src/primitives/effects.rs;tricerules/tricerules-cards/src/primitives/targeting.rs","https://scryfall.com/card/lci/262/sunbird-standard-sunbird-effigy?utm_source=api","https://api.scryfall.com/cards/e0b6d40a-fded-4625-b03c-765c88d75766/rulings"
"179","LCI-uncommon","29","629a70e0ca1b1d1bc7b0c7cf62e80cc738d04d880322d4dd475591fdb377c3dd","535f9bc6-9a07-4850-91eb-c00d06633e7e","d2c70d86-1764-487d-a415-15ae79ba570c","Coati Scavenger","{2}{G}","Creature — Raccoon","Descend 4 — When this creature enters, if there are four or more permanent cards in your graveyard, return target permanent card from your graveyard to your hand.","Descend","normal","3","2","[]","full_now","composable_ron","Data","","","Permanent-card graveyard-count condition and permanent-card return union.","tricerules/tricerules-cards/src/card_def.rs;tricerules/tricerules-cards/src/primitives/abilities.rs;tricerules/tricerules-cards/src/primitives/effects.rs;tricerules/tricerules-cards/src/primitives/targeting.rs","https://scryfall.com/card/lci/179/coati-scavenger?utm_source=api","https://api.scryfall.com/cards/d2c70d86-1764-487d-a415-15ae79ba570c/rulings"
"180","LCI-uncommon","30","63358fb69f66a0e606522a6c334ca9430da8f8b3fe6b4893388f4ba862dcbb3a","97607bf5-ca7b-4b1b-963e-390faf6e413e","44420f52-2ed8-4f81-93e4-5decc77bed01","Enterprising Scallywag","{1}{R}","Creature — Goblin Pirate","At the beginning of your end step, if you descended this turn, create a Treasure token. (You descended if a permanent card was put into your graveyard from anywhere.)","Treasure","normal","2","2","[]","blocked","capability_gap","SharedPrimitiveOrMechanic","graveyard_history","","Useful end-step Treasure ability needs Descend turn fact.","tricerules/tricerules-cards/src/primitives/effects.rs;tricerules/tricerules-core/src/engine/history.rs;tricerules/tricerules-core/src/engine/mod.rs;tricerules/tricerules-core/src/engine/resolution/mod.rs","https://scryfall.com/card/lci/148/enterprising-scallywag?utm_source=api","https://api.scryfall.com/cards/44420f52-2ed8-4f81-93e4-5decc77bed01/rulings"
"181","MKM-common","1","00e54e99858a40b1d91a6bb453188f553ccfdcfbf149dc55ffba3f9e1e929978","c293f1c0-93de-4a73-aaf6-4e9f01e557ec","085f4595-4ae5-428e-a934-e918774df6fd","Innocent Bystander","{1}{R}","Creature — Goblin Citizen","Whenever this creature is dealt 3 or more damage, investigate. (Create a Clue token. It's an artifact with ""{2}, Sacrifice this token: Draw a card."")","Investigate","normal","2","1","[]","blocked","capability_gap","SharedPrimitiveOrMechanic","damage_observer","","Self damage threshold observer missing; Clue token itself works.","tricerules/tricerules-cards/src/card_def.rs;tricerules/tricerules-cards/src/primitives/abilities.rs;tricerules/tricerules-cards/src/primitives/effects.rs;tricerules/tricerules-cards/src/primitives/targeting.rs","https://scryfall.com/card/mkm/133/innocent-bystander?utm_source=api","https://api.scryfall.com/cards/085f4595-4ae5-428e-a934-e918774df6fd/rulings"
"182","MKM-common","2","0290e399b0c8639ec084f7404f8e9805b02148524f5e273891280197a2717743","1f3b0b15-2c38-4aaa-b527-afbb540a6715","0eda1aff-c1f4-4171-a800-605396cc8168","Toxin Analysis","{B}","Instant","Target creature gains deathtouch and lifelink until end of turn. Investigate. (Create a Clue token. It's an artifact with ""{2}, Sacrifice this token: Draw a card."")","Investigate","normal","","","[]","full_now","composable_ron","Data","","","Deathtouch/lifelink grant and Clue token.","tricerules/tricerules-cards/src/card_def.rs;tricerules/tricerules-cards/src/primitives/abilities.rs;tricerules/tricerules-cards/src/primitives/effects.rs;tricerules/tricerules-cards/src/primitives/targeting.rs","https://scryfall.com/card/mkm/107/toxin-analysis?utm_source=api","https://api.scryfall.com/cards/0eda1aff-c1f4-4171-a800-605396cc8168/rulings"
"183","MKM-common","3","04899582d083cc54397492bd82a5ee17e9ffd17a3e7dea56e6c0979492e2d0f3","b759e8a6-8dd0-48ce-8816-e45b35a79895","20267dab-8898-4b44-8ef4-8a239967662c","Faerie Snoop","{1}{U}{B}","Creature — Faerie Detective","Flying
Disguise {1}{U/B}{U/B} (You may cast this card face down for {3} as a 2/2 creature with ward {2}. Turn it face up any time for its disguise cost.)
When this creature is turned face up, look at the top two cards of your library. Put one into your hand and the other into your graveyard.","Flying; Disguise","normal","1","4","[]","partial_now","capability_gap","SharedPrimitiveOrMechanic","disguise","","Flying works; Disguise casting/turn-up trigger missing.","tricerules/tricerules-cards/src/card_def.rs;tricerules/tricerules-cards/src/primitives/abilities.rs;tricerules/tricerules-cards/src/primitives/effects.rs;tricerules/tricerules-cards/src/primitives/targeting.rs","https://scryfall.com/card/mkm/203/faerie-snoop?utm_source=api","https://api.scryfall.com/cards/20267dab-8898-4b44-8ef4-8a239967662c/rulings"
"184","MKM-common","4","0ca6de862997080b0bc31216fcb0554af708b17dbbd9b70a73688a47dc4b4d54","91f7672c-3090-48f4-8586-0426341c3159","6e280482-ed7e-4011-899e-096ff7bd4c41","Suspicious Detonation","{4}{R}","Sorcery","This spell costs {3} less to cast if you've sacrificed an artifact this turn.
This spell can't be countered. (This includes by the ward ability.)
Suspicious Detonation deals 4 damage to target creature.","","normal","","","[]","partial_now","capability_gap","SharedPrimitiveOrMechanic","sacrifice_history","counter_rule","Damage works; artifact-sacrifice cost condition and uncounterable designation missing.","tricerules/tricerules-cards/src/card_def.rs;tricerules/tricerules-cards/src/primitives/abilities.rs;tricerules/tricerules-cards/src/primitives/effects.rs;tricerules/tricerules-cards/src/primitives/targeting.rs;tricerules/tricerules-core/src/engine/history.rs;tricerules/tricerules-core/src/engine/mod.rs;tricerules/tricerules-core/src/engine/resolution/mod.rs","https://scryfall.com/card/mkm/145/suspicious-detonation?utm_source=api","https://api.scryfall.com/cards/6e280482-ed7e-4011-899e-096ff7bd4c41/rulings"
"185","MKM-common","5","0cccc7ffe422a8812a688f093cbd36465ae24f93250b1e4a9ad13a3fdb21af15","0056fc91-4398-471c-b561-7ff99750ac8a","93ddde4f-d35e-4128-8f43-d0eadbd715de","Escape Tunnel","","Land","{T}, Sacrifice this land: Search your library for a basic land card, put it onto the battlefield tapped, then shuffle.
{T}, Sacrifice this land: Target creature with power 2 or less can't be blocked this turn.","","normal","","","[]","full_now","composable_ron","Data","","","Basic-land search or power-bounded unblockable restriction activation.","tricerules/tricerules-cards/src/card_def.rs;tricerules/tricerules-cards/src/primitives/abilities.rs;tricerules/tricerules-cards/src/primitives/effects.rs;tricerules/tricerules-cards/src/primitives/targeting.rs","https://scryfall.com/card/mkm/261/escape-tunnel?utm_source=api","https://api.scryfall.com/cards/93ddde4f-d35e-4128-8f43-d0eadbd715de/rulings"
"186","MKM-common","6","0e684f51f31dc2d333bfce8bea4dcb9321c3cdb0db51160367ec18eb81ed2e03","1ea71ea2-65ca-4907-b857-dbd1ba8efacd","3c3c3d15-b775-44a2-91ea-4abcc3cf2dba","Cerebral Confiscation","{2}{B}","Sorcery","Choose one —
• Target opponent discards two cards.
• Target opponent reveals their hand. You choose a nonland card from it. That player discards that card.","","normal","","","[]","full_now","composable_ron","Data","","","Modal opponent discard or controller-selected public hand discard.","tricerules/tricerules-cards/src/card_def.rs;tricerules/tricerules-cards/src/primitives/abilities.rs;tricerules/tricerules-cards/src/primitives/effects.rs;tricerules/tricerules-cards/src/primitives/targeting.rs","https://scryfall.com/card/mkm/81/cerebral-confiscation?utm_source=api","https://api.scryfall.com/cards/3c3c3d15-b775-44a2-91ea-4abcc3cf2dba/rulings"
"187","MKM-common","7","0fac02935c3cf900e852815cf85c6ba09ef53db8f10b2e273222a10f9b10e9bf","47951720-9584-4ca3-a73d-3d259102b2f8","f4a31d4a-34bc-46b4-b20f-a5460191b35d","They Went This Way","{2}{G}","Sorcery","Search your library for a basic land card, put it onto the battlefield tapped, then shuffle. Investigate. (Create a Clue token. It's an artifact with ""{2}, Sacrifice this token: Draw a card."")","Investigate","normal","","","[]","full_now","composable_ron","Data","","","Basic-land search to tapped battlefield and Clue token.","tricerules/tricerules-cards/src/card_def.rs;tricerules/tricerules-cards/src/primitives/abilities.rs;tricerules/tricerules-cards/src/primitives/effects.rs;tricerules/tricerules-cards/src/primitives/targeting.rs","https://scryfall.com/card/mkm/178/they-went-this-way?utm_source=api","https://api.scryfall.com/cards/f4a31d4a-34bc-46b4-b20f-a5460191b35d/rulings"
"188","MKM-common","8","11169f07c9326a623a6957565b1f9c76d0fb9e02d9ac1a3b525d051a114a51fb","3ba223b7-743f-4f99-836e-869778fb2e99","5bc669c8-6f39-4d52-82d3-a4005d41c8a5","Undercover Crocodelf","{4}{G}{U}","Creature — Elf Crocodile Detective","Whenever this creature deals combat damage to a player, investigate. (Create a Clue token. It's an artifact with ""{2}, Sacrifice this token: Draw a card."")
Disguise {3}{G/U}{G/U} (You may cast this card face down for {3} as a 2/2 creature with ward {2}. Turn it face up any time for its disguise cost.)","Investigate; Disguise","normal","5","5","[]","partial_now","capability_gap","SharedPrimitiveOrMechanic","disguise","","Combat-damage Clue trigger works; Disguise missing.","tricerules/tricerules-cards/src/card_def.rs;tricerules/tricerules-cards/src/primitives/abilities.rs;tricerules/tricerules-cards/src/primitives/effects.rs;tricerules/tricerules-cards/src/primitives/targeting.rs","https://scryfall.com/card/mkm/239/undercover-crocodelf?utm_source=api","https://api.scryfall.com/cards/5bc669c8-6f39-4d52-82d3-a4005d41c8a5/rulings"
"189","MKM-common","9","1cf13488622568877c332e20c5928ae60a4371945d0b08d6c3ef69f2e36e50c9","141a2757-8f20-4e10-9866-bb5d612ed62d","bbbf8c3a-6c74-42fd-bb8d-61e3f0a77848","Loxodon Eavesdropper","{3}{G}","Creature — Elephant Detective","When this creature enters, investigate. (Create a Clue token. It's an artifact with ""{2}, Sacrifice this token: Draw a card."")
Whenever you draw your second card each turn, this creature gets +1/+1 and gains vigilance until end of turn.","Investigate","normal","3","3","[]","full_now","composable_ron","Data","","","ETB Clue plus draw-second trigger with pump/vigilance.","tricerules/tricerules-cards/src/card_def.rs;tricerules/tricerules-cards/src/primitives/abilities.rs;tricerules/tricerules-cards/src/primitives/effects.rs;tricerules/tricerules-cards/src/primitives/targeting.rs","https://scryfall.com/card/mkm/168/loxodon-eavesdropper?utm_source=api","https://api.scryfall.com/cards/bbbf8c3a-6c74-42fd-bb8d-61e3f0a77848/rulings"
"190","MKM-common","10","2010e2f377edff4ae8d76f30c069bbbff848ae448eaddafa354c06e46c9527a0","a54fb3de-0581-461e-be33-dc4f4d16a33e","6d2565e1-dd7b-462b-8270-a17913277793","Thinking Cap","{1}","Artifact — Equipment","Equipped creature gets +1/+2.
Equip Detective {1}
Equip {3} ({3}: Attach to target creature you control. Equip only as a sorcery.)","Equip","normal","","","[]","full_now","composable_ron","Data","","","Attached pump with ordinary and Detective-specific Equip target filters.","tricerules/tricerules-cards/src/card_def.rs;tricerules/tricerules-cards/src/primitives/abilities.rs;tricerules/tricerules-cards/src/primitives/effects.rs;tricerules/tricerules-cards/src/primitives/targeting.rs","https://scryfall.com/card/mkm/257/thinking-cap?utm_source=api","https://api.scryfall.com/cards/6d2565e1-dd7b-462b-8270-a17913277793/rulings"
"191","MKM-common","11","21643d1428de5da0ec7119d852a17d5c43b87520c792d01099110e565765fc9f","efddf972-94c4-49d1-a844-b4aba70c93aa","03d0365e-6dee-4236-a997-6761e3cde90d","Topiary Panther","{4}{G}{G}","Creature — Plant Cat","Trample
Basic landcycling {1}{G} ({1}{G}, Discard this card: Search your library for a basic land card, reveal it, put it into your hand, then shuffle.)","Landcycling; Trample; Basic landcycling; Typecycling; Cycling","normal","6","5","[]","full_now","composable_ron","Data","","","Trample and hand discard/basic-landcycling search.","tricerules/tricerules-cards/src/card_def.rs;tricerules/tricerules-cards/src/primitives/abilities.rs;tricerules/tricerules-cards/src/primitives/effects.rs;tricerules/tricerules-cards/src/primitives/targeting.rs","https://scryfall.com/card/mkm/179/topiary-panther?utm_source=api","https://api.scryfall.com/cards/03d0365e-6dee-4236-a997-6761e3cde90d/rulings"
"192","MKM-common","12","22bb72d723c22ea5342de6fa03249aabc1d349322619e3ab276ffd00dcbe85ca","020503f5-0915-4cd5-a617-1c7bde045e10","270570a3-8637-4e4e-92d9-e985474cd5d2","Reasonable Doubt","{1}{U}","Instant","Counter target spell unless its controller pays {2}.
Suspect up to one target creature. (A suspected creature has menace and can't block.)","Suspect","normal","","","[]","partial_now","capability_gap","SharedPrimitiveOrMechanic","suspect","","Soft counter works; persistent Suspect designation missing.","tricerules/tricerules-cards/src/card_def.rs;tricerules/tricerules-cards/src/primitives/abilities.rs;tricerules/tricerules-cards/src/primitives/effects.rs;tricerules/tricerules-cards/src/primitives/targeting.rs","https://scryfall.com/card/mkm/69/reasonable-doubt?utm_source=api","https://api.scryfall.com/cards/270570a3-8637-4e4e-92d9-e985474cd5d2/rulings"
"193","MKM-common","13","246f57e24899409437f6fe16e2be120f8afbf86da1d37030410710b0179d50eb","57eba48e-87bd-4b54-8635-7348020f2ba4","edf238c9-61de-4f3a-b82f-05af46e5e81b","Alley Assailant","{2}{B}","Creature — Vampire Rogue","This creature enters tapped.
Disguise {4}{B}{B} (You may cast this card face down for {3} as a 2/2 creature with ward {2}. Turn it face up any time for its disguise cost.)
When this creature is turned face up, target opponent loses 3 life and you gain 3 life.","Disguise","normal","3","3","[]","blocked","capability_gap","SharedPrimitiveOrMechanic","disguise","","Tapped vanilla body alone is not useful partial behavior; Disguise/turn-up drain missing.","tricerules/tricerules-cards/src/card_def.rs;tricerules/tricerules-cards/src/primitives/abilities.rs;tricerules/tricerules-cards/src/primitives/effects.rs;tricerules/tricerules-cards/src/primitives/targeting.rs","https://scryfall.com/card/mkm/76/alley-assailant?utm_source=api","https://api.scryfall.com/cards/edf238c9-61de-4f3a-b82f-05af46e5e81b/rulings"
"194","MKM-common","14","24c790ac3911416494fa7f2d64c85983bb511db0419e2d7765d7ab857d4259b9","1f4d3a96-bc30-4362-9c1f-40bf79f78e78","023b0142-663a-47e7-a9f1-0b565a172b60","Rot Farm Mortipede","{3}{B}","Creature — Insect","Whenever one or more creature cards leave your graveyard, this creature gets +1/+0 and gains menace and lifelink until end of turn.","","normal","3","4","[]","blocked","capability_gap","SharedPrimitiveOrMechanic","zone_observer","","One-or-more creature-card graveyard-exit observer missing.","tricerules/tricerules-cards/src/primitives/abilities.rs;tricerules/tricerules-cards/src/primitives/effects.rs;tricerules/tricerules-core/src/engine/mod.rs;tricerules/tricerules-core/src/engine/triggers.rs","https://scryfall.com/card/mkm/102/rot-farm-mortipede?utm_source=api","https://api.scryfall.com/cards/023b0142-663a-47e7-a9f1-0b565a172b60/rulings"
"195","MKM-common","15","2713cf417cd173c6c108e066055acd4375bae80527186be2e03dd752aa1b96b2","e1905321-180b-41d2-b7ef-0974ab90f188","4538d6a8-a24a-40e3-b894-45a30882c92a","Felonious Rage","{R}","Instant","Target creature you control gets +2/+0 and gains haste until end of turn. When that creature dies this turn, create a 2/2 white and blue Detective creature token.","","normal","","","[]","full_now","composable_ron","Data","","","Pump/haste and delayed watched-object death token trigger.","tricerules/tricerules-cards/src/card_def.rs;tricerules/tricerules-cards/src/primitives/abilities.rs;tricerules/tricerules-cards/src/primitives/effects.rs;tricerules/tricerules-cards/src/primitives/targeting.rs","https://scryfall.com/card/mkm/125/felonious-rage?utm_source=api","https://api.scryfall.com/cards/4538d6a8-a24a-40e3-b894-45a30882c92a/rulings"
"196","MKM-common","16","286b0c25bedb16a0550368847b3add6cc50f108b72f0ba8214ad55b0ceca93c6","eeae4161-9f35-45df-8b3c-c55e37f49cd1","7cbb17af-e17e-438a-ad72-0c942e6706b6","Deduce","{1}{U}","Instant","Draw a card. Investigate. (Create a Clue token. It's an artifact with ""{2}, Sacrifice this token: Draw a card."")","Investigate","normal","","","[]","full_now","composable_ron","Data","","","Draw and Clue token.","tricerules/tricerules-cards/src/card_def.rs;tricerules/tricerules-cards/src/primitives/abilities.rs;tricerules/tricerules-cards/src/primitives/effects.rs;tricerules/tricerules-cards/src/primitives/targeting.rs","https://scryfall.com/card/mkm/52/deduce?utm_source=api","https://api.scryfall.com/cards/7cbb17af-e17e-438a-ad72-0c942e6706b6/rulings"
"197","MKM-common","17","2959ad95ea3f273b1ae9b0bafcdb9b2c7eb3425200a3e3012dedcb01f0ad6903","e335485a-80fc-40d4-8be6-7eabf2bab571","fdafea8f-283d-4f19-a74a-669bfbdfed98","Basilica Stalker","{5}{B}","Creature — Vampire Detective","Flying
Whenever this creature deals combat damage to a player, you gain 1 life and surveil 1. (Look at the top card of your library. You may put it into your graveyard.)
Disguise {4}{B} (You may cast this card face down for {3} as a 2/2 creature with ward {2}. Turn it face up any time for its disguise cost.)","Flying; Surveil; Disguise","normal","3","4","[]","partial_now","capability_gap","SharedPrimitiveOrMechanic","disguise","","Flying and combat-damage life/Surveil work; Disguise missing.","tricerules/tricerules-cards/src/card_def.rs;tricerules/tricerules-cards/src/primitives/abilities.rs;tricerules/tricerules-cards/src/primitives/effects.rs;tricerules/tricerules-cards/src/primitives/targeting.rs","https://scryfall.com/card/mkm/78/basilica-stalker?utm_source=api","https://api.scryfall.com/cards/fdafea8f-283d-4f19-a74a-669bfbdfed98/rulings"
"198","MKM-common","18","2f25613d44fdb0703b0c724e02203bd7d25b0e05cafc738a0438532cb865af4b","5539d78c-1acc-46dd-ba6d-cc0cdad6ff44","283b6b5a-acdf-4255-a294-0964d9c62686","Benthic Criminologists","{4}{U}","Creature — Merfolk Wizard","Whenever this creature enters or attacks, you may sacrifice an artifact. If you do, draw a card.","","normal","4","5","[]","full_now","composable_ron","Data","","","Separate ETB and attack triggers with optional artifact sacrifice/draw.","tricerules/tricerules-cards/src/card_def.rs;tricerules/tricerules-cards/src/primitives/abilities.rs;tricerules/tricerules-cards/src/primitives/effects.rs;tricerules/tricerules-cards/src/primitives/targeting.rs","https://scryfall.com/card/mkm/40/benthic-criminologists?utm_source=api","https://api.scryfall.com/cards/283b6b5a-acdf-4255-a294-0964d9c62686/rulings"
"199","MKM-common","19","317f4d8867ae4bae9b142ee6b4fb7c2dedf2ce4f2d0f7a7354b3a707716b7393","b25d5b06-44cf-42bc-90dd-3b238f702361","5180c85c-6add-4066-83c4-27fb1fd4de16","Auspicious Arrival","{1}{W}","Instant","Target creature gets +2/+2 until end of turn. Investigate. (Create a Clue token. It's an artifact with ""{2}, Sacrifice this token: Draw a card."")","Investigate","normal","","","[]","full_now","composable_ron","Data","","","Fixed pump and Clue token.","tricerules/tricerules-cards/src/card_def.rs;tricerules/tricerules-cards/src/primitives/abilities.rs;tricerules/tricerules-cards/src/primitives/effects.rs;tricerules/tricerules-cards/src/primitives/targeting.rs","https://scryfall.com/card/mkm/5/auspicious-arrival?utm_source=api","https://api.scryfall.com/cards/5180c85c-6add-4066-83c4-27fb1fd4de16/rulings"
"200","MKM-common","20","369f8a6747cb961f477ee31a50627c4ff12a295ba0d55d23a51cad6241b9f079","6b0d4192-bc76-4ef1-92b2-b5fca81970bd","daf6a392-3fc4-45d1-b85d-3b1381b3ab7d","Marketwatch Phantom","{1}{W}","Creature — Spirit Detective","Whenever another creature you control with power 2 or less enters, this creature gains flying until end of turn.","","normal","2","2","[]","full_now","composable_ron","Data","","","Creature-entry power-at-most filter with exclude_self and source flying grant.","tricerules/tricerules-cards/src/card_def.rs;tricerules/tricerules-cards/src/primitives/abilities.rs;tricerules/tricerules-cards/src/primitives/effects.rs;tricerules/tricerules-cards/src/primitives/targeting.rs","https://scryfall.com/card/mkm/24/marketwatch-phantom?utm_source=api","https://api.scryfall.com/cards/daf6a392-3fc4-45d1-b85d-3b1381b3ab7d/rulings"
"201","MKM-common","21","42fe266338c3378205be006b3344e270421e3671b607ee03854ad6ed1928c965","3d145811-adb2-46a4-b173-bf8152e5de48","8a458474-d721-46d7-b487-6a47dc063cfd","Unauthorized Exit","{1}{U}","Instant","Return target nonland permanent to its owner's hand. Surveil 1. (Look at the top card of your library. You may put it into your graveyard.)","Surveil","normal","","","[]","full_now","composable_ron","Data","","","Nonland bounce followed by Surveil.","tricerules/tricerules-cards/src/card_def.rs;tricerules/tricerules-cards/src/primitives/abilities.rs;tricerules/tricerules-cards/src/primitives/effects.rs;tricerules/tricerules-cards/src/primitives/targeting.rs","https://scryfall.com/card/mkm/74/unauthorized-exit?utm_source=api","https://api.scryfall.com/cards/8a458474-d721-46d7-b487-6a47dc063cfd/rulings"
"202","MKM-common","22","452f38ca71e72956aeb70145770e68eb565be04599ee943be1ca7c45e047b950","3e7879d5-62ea-4c9a-9fc0-659d70f3a8e1","37692f9a-3825-43aa-aacb-1bb92cb5bd07","Unscrupulous Agent","{1}{B}","Creature — Elf Detective","When this creature enters, target opponent exiles a card from their hand.","","normal","1","1","[]","full_now","composable_ron","Data","","","ExileCardsFromHand with affected-player choice and targeted opponent.","tricerules/tricerules-cards/src/card_def.rs;tricerules/tricerules-cards/src/primitives/abilities.rs;tricerules/tricerules-cards/src/primitives/effects.rs;tricerules/tricerules-cards/src/primitives/targeting.rs","https://scryfall.com/card/mkm/109/unscrupulous-agent?utm_source=api","https://api.scryfall.com/cards/37692f9a-3825-43aa-aacb-1bb92cb5bd07/rulings"
"203","MKM-common","23","536e51ec6f6bb45928f7f69786f36c2ed62cf384a6c20346a27d210c506b5ed9","1ba59349-a162-4444-b3e0-cddfc01ef03b","81c7ff67-b9e1-4d2e-b1ae-da9b946da00b","Rubblebelt Maverick","{G}","Creature — Human Detective","When this creature enters, surveil 2. (Look at the top two cards of your library, then put any number of them into your graveyard and the rest on top of your library in any order.)
{G}, Exile this card from your graveyard: Put a +1/+1 counter on target creature. Activate only as a sorcery.","Surveil","normal","1","1","[]","full_now","composable_ron","Data","","","ETB Surveil and graveyard ExileSelf sorcery-speed counter activation.","tricerules/tricerules-cards/src/card_def.rs;tricerules/tricerules-cards/src/primitives/abilities.rs;tricerules/tricerules-cards/src/primitives/effects.rs;tricerules/tricerules-cards/src/primitives/targeting.rs","https://scryfall.com/card/mkm/174/rubblebelt-maverick?utm_source=api","https://api.scryfall.com/cards/81c7ff67-b9e1-4d2e-b1ae-da9b946da00b/rulings"
"204","MKM-common","24","54b09612f6964619b56d142bb70ad2caa62b135c89bb768e525a1ce9ad81d160","e4733889-4d4c-4bf7-8a9b-fb5ad7a38395","48b92629-4196-4943-91fd-8c8d5f3fcaef","On the Job","{2}{W}{W}","Instant","Creatures you control get +2/+1 until end of turn. Investigate. (Create a Clue token. It's an artifact with ""{2}, Sacrifice this token: Draw a card."")","Investigate","normal","","","[]","full_now","composable_ron","Data","","","Mass friendly pump and Clue token.","tricerules/tricerules-cards/src/card_def.rs;tricerules/tricerules-cards/src/primitives/abilities.rs;tricerules/tricerules-cards/src/primitives/effects.rs;tricerules/tricerules-cards/src/primitives/targeting.rs","https://scryfall.com/card/mkm/30/on-the-job?utm_source=api","https://api.scryfall.com/cards/48b92629-4196-4943-91fd-8c8d5f3fcaef/rulings"
"205","MKM-common","25","55576b4070ea95dbadb8fd570f5e3577ad237cb6852c55e0606e52e9830e6c1d","942f3f06-1df0-40b4-8537-71cbec111852","e45d2e0c-d70d-40e5-8c3d-db6803393516","Makeshift Binding","{2}{W}","Enchantment","When this enchantment enters, exile target creature an opponent controls until this enchantment leaves the battlefield. You gain 2 life.","","normal","","","[]","full_now","composable_ron","Data","","","Linked opposing-creature exile and life gain.","tricerules/tricerules-cards/src/card_def.rs;tricerules/tricerules-cards/src/primitives/abilities.rs;tricerules/tricerules-cards/src/primitives/effects.rs;tricerules/tricerules-cards/src/primitives/targeting.rs","https://scryfall.com/card/mkm/23/makeshift-binding?utm_source=api","https://api.scryfall.com/cards/e45d2e0c-d70d-40e5-8c3d-db6803393516/rulings"
"206","MKM-common","26","5a6bf2e786fdd94cb1a4c6c3f381511ca943e5be37a3c67a7de4e69e5f3b74f4","6eff5e17-946b-4433-9f48-88f103844c42","95f5d048-226f-49a4-a2ce-a6fa99aa9e8a","Griffnaut Tracker","{3}{W}","Creature — Human Detective","Flying
When this creature enters, exile up to two target cards from a single graveyard.","Flying","normal","3","2","[]","full_now","composable_ron","Data","","","Flying; optional up-to-two graveyard exile with same_graveyard target group.","tricerules/tricerules-cards/src/card_def.rs;tricerules/tricerules-cards/src/primitives/abilities.rs;tricerules/tricerules-cards/src/primitives/effects.rs;tricerules/tricerules-cards/src/primitives/targeting.rs","https://scryfall.com/card/mkm/17/griffnaut-tracker?utm_source=api","https://api.scryfall.com/cards/95f5d048-226f-49a4-a2ce-a6fa99aa9e8a/rulings"
"207","MKM-common","27","5cef416d6b642e85c8dc0191aef8dfba5597d81d62dfd2bf438bef516133005a","c206bdcb-d2c4-4bda-a979-6c0627ef8f73","0ad38866-fc5f-4f62-89c1-afc0f50765aa","Novice Inspector","{W}","Creature — Human Detective","When this creature enters, investigate. (Create a Clue token. It's an artifact with ""{2}, Sacrifice this token: Draw a card."")","Investigate","normal","1","2","[]","full_now","composable_ron","Data","","","ETB Clue token.","tricerules/tricerules-cards/src/card_def.rs;tricerules/tricerules-cards/src/primitives/abilities.rs;tricerules/tricerules-cards/src/primitives/effects.rs;tricerules/tricerules-cards/src/primitives/targeting.rs","https://scryfall.com/card/mkm/29/novice-inspector?utm_source=api","https://api.scryfall.com/cards/0ad38866-fc5f-4f62-89c1-afc0f50765aa/rulings"
"208","MKM-common","28","5dd1b5bcc0be2297cd73d61654fd279d59b2bcb743b14b74af00a149f9dff735","37f2ec12-d703-40cd-a155-053ae2e4ddcc","daee9d98-f8c6-4980-8f23-c6c636b69430","Granite Witness","{2}{W}{U}","Artifact Creature — Gargoyle Detective","Flying, vigilance
Disguise {W/U}{W/U} (You may cast this card face down for {3} as a 2/2 creature with ward {2}. Turn it face up any time for its disguise cost.)
When this creature is turned face up, you may tap or untap target creature.","Flying; Vigilance; Disguise","normal","3","2","[]","partial_now","capability_gap","SharedPrimitiveOrMechanic","disguise","","Flying/vigilance works; Disguise and face-up trigger missing.","tricerules/tricerules-cards/src/card_def.rs;tricerules/tricerules-cards/src/primitives/abilities.rs;tricerules/tricerules-cards/src/primitives/effects.rs;tricerules/tricerules-cards/src/primitives/targeting.rs","https://scryfall.com/card/mkm/206/granite-witness?utm_source=api","https://api.scryfall.com/cards/daee9d98-f8c6-4980-8f23-c6c636b69430/rulings"
"209","MKM-common","29","603df807a56c67e2f36b7994e06627cffd81a436b5d6e8de05a4302667d0a946","d412150d-3c70-44cf-97cd-965c438e7303","076d9f76-a247-4727-9e0f-a0289c51059e","Due Diligence","{2}{W}","Enchantment — Aura","Enchant creature
When this Aura enters, target creature you control other than enchanted creature gets +2/+2 and gains vigilance until end of turn.
Enchanted creature gets +2/+2 and has vigilance.","Enchant","normal","","","[]","partial_now","capability_gap","SharedPrimitiveOrMechanic","target_predicate","","Attached pump/vigilance works; ETB target cannot exclude currently enchanted object.","tricerules/tricerules-cards/src/primitives/effects.rs;tricerules/tricerules-cards/src/primitives/targeting.rs;tricerules/tricerules-core/src/engine/legal_actions.rs;tricerules/tricerules-core/src/engine/targeting.rs","https://scryfall.com/card/mkm/14/due-diligence?utm_source=api","https://api.scryfall.com/cards/076d9f76-a247-4727-9e0f-a0289c51059e/rulings"
"210","MKM-common","30","6171da28c81364a27c2526ddc7ff40c647b098fd387f3e0179c2123a1b826cae","e73addfa-d18a-46f7-882e-7bc2f292230b","8b284304-c3bf-4413-9fd3-b44eb4eb642a","Defenestrated Phantom","{4}{W}{W}","Creature — Spirit","Flying
Disguise {4}{W} (You may cast this card face down for {3} as a 2/2 creature with ward {2}. Turn it face up any time for its disguise cost.)","Flying; Disguise","normal","4","3","[]","partial_now","capability_gap","SharedPrimitiveOrMechanic","disguise","","Flying works; Disguise missing.","tricerules/tricerules-cards/src/card_def.rs;tricerules/tricerules-cards/src/primitives/abilities.rs;tricerules/tricerules-cards/src/primitives/effects.rs;tricerules/tricerules-cards/src/primitives/targeting.rs","https://scryfall.com/card/mkm/11/defenestrated-phantom?utm_source=api","https://api.scryfall.com/cards/8b284304-c3bf-4413-9fd3-b44eb4eb642a/rulings"
"211","MKM-uncommon","1","01db9ebe59f8a9791f8df424ecfee0d96750b0c3179bba9ecc1c6e5bb6d08666","ba11a517-1dbd-4797-9f5e-46ce0f6c77c0","de039992-631b-4feb-a522-acdb0a6d1f26","Scene of the Crime","","Artifact Land — Clue","This land enters tapped.
{T}: Add {C}.
{T}, Tap an untapped creature you control: Add one mana of any color.
{2}, Sacrifice this land: Draw a card.","","normal","","","[]","full_now","composable_ron","Data","","","Tapped land, colorless and tap-creature mana, sacrifice/draw.","tricerules/tricerules-cards/src/card_def.rs;tricerules/tricerules-cards/src/primitives/abilities.rs;tricerules/tricerules-cards/src/primitives/effects.rs;tricerules/tricerules-cards/src/primitives/targeting.rs","https://scryfall.com/card/mkm/267/scene-of-the-crime?utm_source=api","https://api.scryfall.com/cards/de039992-631b-4feb-a522-acdb0a6d1f26/rulings"
"212","MKM-uncommon","2","05512263e1764648ee2aeda02aa9b8f87464c3806773a2b5a01e751b34dbfcb2","85fdfa3c-4912-496a-bbcb-1ae13a34e917","f663cd86-39e6-467b-85b7-dd27536251a6","Krovod Haunch","{W}","Artifact — Food Equipment","Equipped creature gets +2/+0.
{2}, {T}, Sacrifice this Equipment: You gain 3 life.
When this Equipment is put into a graveyard from the battlefield, you may pay {1}{W}. If you do, create two 1/1 white Dog creature tokens.
Equip {2}","Equip","normal","","","[]","full_now","composable_ron","Data","","","Equip/pump, Food activation and noncreature WhenSelfDies with optional mana payment/token creation.","tricerules/tricerules-cards/src/card_def.rs;tricerules/tricerules-cards/src/primitives/abilities.rs;tricerules/tricerules-cards/src/primitives/effects.rs;tricerules/tricerules-cards/src/primitives/targeting.rs","https://scryfall.com/card/mkm/21/krovod-haunch?utm_source=api","https://api.scryfall.com/cards/f663cd86-39e6-467b-85b7-dd27536251a6/rulings"
"213","MKM-uncommon","3","0810694a52120936333a433ea2adca17e8f911075dfe7861829c2ba3bbf97aa8","33b31fb0-71ce-408a-a256-2a5a3b085cb6","266be5bd-71ba-4511-8b71-d0b03885a28d","Case of the Filched Falcon","{U}","Enchantment — Case","When this Case enters, investigate. (Create a Clue token. It's an artifact with ""{2}, Sacrifice this token: Draw a card."")
To solve — You control three or more artifacts. (If unsolved, solve at the beginning of your end step.)
Solved — {2}{U}, Sacrifice this Case: Put four +1/+1 counters on target noncreature artifact. It becomes a 0/0 Bird creature with flying in addition to its other types.","Investigate; Solved","case","","","[]","partial_now","capability_gap","SharedPrimitiveOrMechanic","case","animation;target_predicate","ETB Clue works; solved designation and noncreature animation missing.","tricerules/tricerules-cards/src/card_def.rs;tricerules/tricerules-cards/src/primitives/abilities.rs;tricerules/tricerules-cards/src/primitives/effects.rs;tricerules/tricerules-cards/src/primitives/targeting.rs;tricerules/tricerules-core/src/engine/legal_actions.rs;tricerules/tricerules-core/src/engine/targeting.rs","https://scryfall.com/card/mkm/44/case-of-the-filched-falcon?utm_source=api","https://api.scryfall.com/cards/266be5bd-71ba-4511-8b71-d0b03885a28d/rulings"
"214","MKM-uncommon","4","09b7a3d4fc8177d7b7ed4a99cfafccb1eb96a254d602b236e579e4daee168f53","ead1ee6a-e0da-46d5-89e8-31e8c0270bc2","1e0c695d-62f9-4805-9e2f-7032e8464136","No More Lies","{W}{U}","Instant","Counter target spell unless its controller pays {3}. If that spell is countered this way, exile it instead of putting it into its owner's graveyard.","","normal","","","[]","partial_now","capability_gap","SharedPrimitiveOrMechanic","counter_rule","","Soft counter works; replace countered spell's destination with exile missing.","tricerules/tricerules-cards/src/card_def.rs;tricerules/tricerules-cards/src/primitives/abilities.rs;tricerules/tricerules-cards/src/primitives/effects.rs;tricerules/tricerules-cards/src/primitives/targeting.rs","https://scryfall.com/card/mkm/221/no-more-lies?utm_source=api","https://api.scryfall.com/cards/1e0c695d-62f9-4805-9e2f-7032e8464136/rulings"
"215","MKM-uncommon","5","0b444b9ca71a8f8a10efc6ceb2364d852982af9ccdeff0861c5ef1025cddb592","2f7b46c1-3d82-4fd9-9882-589315cab47b","5aeae6fb-3834-4891-924e-3d1fb3e19e09","Candlestick","{U}","Artifact — Clue Equipment","Equipped creature gets +1/+1 and has ""Whenever this creature attacks, surveil 2."" (Look at the top two cards of your library, then put any number of them into your graveyard and the rest on top of your library in any order.)
{2}, Sacrifice this Equipment: Draw a card.
Equip {2}","Surveil; Equip","normal","","","[]","full_now","composable_ron","Data","","","Equipment pump/attack Surveil, sacrifice draw, ordinary Equip.","tricerules/tricerules-cards/src/card_def.rs;tricerules/tricerules-cards/src/primitives/abilities.rs;tricerules/tricerules-cards/src/primitives/effects.rs;tricerules/tricerules-cards/src/primitives/targeting.rs","https://scryfall.com/card/mkm/43/candlestick?utm_source=api","https://api.scryfall.com/cards/5aeae6fb-3834-4891-924e-3d1fb3e19e09/rulings"
"216","MKM-uncommon","6","0bbedfbe6faaed542d03eadd0f1828a1d64bd2d870718932c370a9ccdcbf0657","06a37f16-c929-4b89-bf18-1b3f8f472eef","dc687588-9c57-411d-b666-b9699949d48f","Leering Onlooker","{1}{B}","Creature — Vampire","Flying
{2}{B}{B}, Exile this card from your graveyard: Create two tapped 1/1 black Bat creature tokens with flying.","Flying","normal","1","3","[]","full_now","composable_ron","Data","","","Flying and graveyard ExileSelf activation creates tapped Bat tokens.","tricerules/tricerules-cards/src/card_def.rs;tricerules/tricerules-cards/src/primitives/abilities.rs;tricerules/tricerules-cards/src/primitives/effects.rs;tricerules/tricerules-cards/src/primitives/targeting.rs","https://scryfall.com/card/mkm/91/leering-onlooker?utm_source=api","https://api.scryfall.com/cards/dc687588-9c57-411d-b666-b9699949d48f/rulings"
"217","MKM-uncommon","7","0ce2dca223c01afce5f825e1533817e3e62865b8a6dc3df1444e844f9a51e936","87ccb151-a948-4e5a-878b-0d46c921a2b7","e8578839-046f-4afd-a0e7-4737ded9e6eb","Mistway Spy","{U}","Creature — Merfolk Detective","Flying
Disguise {1}{U} (You may cast this card face down for {3} as a 2/2 creature with ward {2}. Turn it face up any time for its disguise cost.)
When this creature is turned face up, until end of turn, whenever a creature you control deals combat damage to a player, investigate.","Flying; Investigate; Disguise","normal","1","1","[]","partial_now","capability_gap","SharedPrimitiveOrMechanic","disguise","damage_observer","Flying works; turn-up event and temporary general combat-damage watcher missing.","tricerules/tricerules-cards/src/card_def.rs;tricerules/tricerules-cards/src/primitives/abilities.rs;tricerules/tricerules-cards/src/primitives/effects.rs;tricerules/tricerules-cards/src/primitives/targeting.rs","https://scryfall.com/card/mkm/65/mistway-spy?utm_source=api","https://api.scryfall.com/cards/e8578839-046f-4afd-a0e7-4737ded9e6eb/rulings"
"218","MKM-uncommon","8","0d5dbab2f3b415d7a2deb3916bb811aec5539c4249ff72022d34068a683115d0","73f44500-fe83-40fa-b6f2-ed5673d0edcc","79cfb366-ae2a-4b3d-9a80-383a32db1509","Karlov Watchdog","{3}{W}","Creature — Dog","Vigilance
Permanents your opponents control can't be turned face up during your turn.
Whenever you attack with three or more creatures, creatures you control get +1/+1 until end of turn.","Vigilance","normal","3","2","[]","full_now","composable_ron","Data","","","Vigilance, active-turn ProhibitSpecialAction and minimum-three attack pump.","tricerules/tricerules-cards/src/card_def.rs;tricerules/tricerules-cards/src/primitives/abilities.rs;tricerules/tricerules-cards/src/primitives/effects.rs;tricerules/tricerules-cards/src/primitives/targeting.rs","https://scryfall.com/card/mkm/20/karlov-watchdog?utm_source=api","https://api.scryfall.com/cards/79cfb366-ae2a-4b3d-9a80-383a32db1509/rulings"
"219","MKM-uncommon","9","101995afafbf703c11c9d8357b7205cf15cb2d508014c819407372f666a1cbf1","93cb9c7e-d6d3-4b1e-8bcf-2a4a1d95a549","a67a4c5e-215b-4f03-87f7-c1af4f9f0a63","Undercity Eliminator","{3}{B}{B}","Creature — Gorgon Assassin","When this creature enters, you may sacrifice an artifact or creature. When you do, exile target creature an opponent controls.","","normal","3","3","[]","full_now","composable_ron","Data","","","Optional artifact/creature sacrifice ETB creates reflexive exile target choice.","tricerules/tricerules-cards/src/card_def.rs;tricerules/tricerules-cards/src/primitives/abilities.rs;tricerules/tricerules-cards/src/primitives/effects.rs;tricerules/tricerules-cards/src/primitives/targeting.rs","https://scryfall.com/card/mkm/108/undercity-eliminator?utm_source=api","https://api.scryfall.com/cards/a67a4c5e-215b-4f03-87f7-c1af4f9f0a63/rulings"
"220","MKM-uncommon","10","11c2eb5690ff45b1e182f3405f94e695419eb423ebcbf174a732bf6be7abebc5","05fdefb4-2be7-4d9a-9ab9-14bbbe72aef7","8ad807c2-14a7-4464-bf57-c323fb3c0bd0","Hard-Hitting Question","{G}","Sorcery","Target creature you control deals damage equal to its power to target creature or planeswalker you don't control.","","normal","","","[]","full_now","composable_ron","Data","","","Two-target CreatureDealsDamageEqualToPower including opposing planeswalker.","tricerules/tricerules-cards/src/card_def.rs;tricerules/tricerules-cards/src/primitives/abilities.rs;tricerules/tricerules-cards/src/primitives/effects.rs;tricerules/tricerules-cards/src/primitives/targeting.rs","https://scryfall.com/card/mkm/164/hard-hitting-question?utm_source=api","https://api.scryfall.com/cards/8ad807c2-14a7-4464-bf57-c323fb3c0bd0/rulings"
"221","MKM-uncommon","11","169dd3557552002e33067c5676f30038f3e1dca8568fc45965b06db619d2cade","66e74e8f-036e-4b26-a4a8-2365891765bc","5ddcb31e-9301-44f1-b138-0573fbf56a47","Flourishing Bloom-Kin","{1}{G}","Creature — Plant Elemental","This creature gets +1/+1 for each Forest you control.
Disguise {4}{G}
When this creature is turned face up, search your library for up to two Forest cards and reveal them. Put one of them onto the battlefield tapped and the other into your hand, then shuffle.","Disguise","normal","0","0","[]","blocked","capability_gap","SharedPrimitiveOrMechanic","quantity","disguise;library_algorithm","Forest static scale, Disguise and split-destination search missing.","tricerules/tricerules-cards/src/card_def.rs;tricerules/tricerules-cards/src/primitives/abilities.rs;tricerules/tricerules-cards/src/primitives/effects.rs;tricerules/tricerules-cards/src/primitives/targeting.rs;tricerules/tricerules-core/src/engine/history.rs","https://scryfall.com/card/mkm/160/flourishing-bloom-kin?utm_source=api","https://api.scryfall.com/cards/5ddcb31e-9301-44f1-b138-0573fbf56a47/rulings"
"222","MKM-uncommon","12","19208169057c9a09317c77023617bb7dd46165a8411c872ae594e5c5d3955419","eebe3fd6-afd0-4bb3-9e8f-c737497dae33","c8eff4d0-67ad-4900-b33d-605659b59161","Glint Weaver","{5}{G}{G}","Creature — Spider","Reach
When this creature enters, distribute three +1/+1 counters among one, two, or three target creatures, then you gain life equal to the greatest toughness among creatures you control.","Reach","normal","3","3","[]","partial_now","capability_gap","SharedPrimitiveOrMechanic","counter_distribution","quantity","Reach works; divided counters and maximum-toughness gain amount missing.","tricerules/tricerules-cards/src/card_def.rs;tricerules/tricerules-cards/src/primitives/abilities.rs;tricerules/tricerules-cards/src/primitives/effects.rs;tricerules/tricerules-cards/src/primitives/targeting.rs;tricerules/tricerules-core/src/engine/history.rs","https://scryfall.com/card/mkm/162/glint-weaver?utm_source=api","https://api.scryfall.com/cards/c8eff4d0-67ad-4900-b33d-605659b59161/rulings"
"223","MKM-uncommon","13","198b055515ba3eb17957ecec13ddfefea7aa79ce3ec3249cbd542bcab136dc2d","75e7f7c7-fa98-497b-bf5e-8f74571e190c","1384df5d-d705-49cb-a982-1588cbf303d8","Forensic Researcher","{2}{U}","Creature — Merfolk Detective","{T}: Untap another target permanent you control.
{T}, Collect evidence 3: Tap target creature you don't control. (To collect evidence 3, exile cards with total mana value 3 or greater from your graveyard.)","Collect evidence","normal","1","3","[]","partial_now","capability_gap","SharedPrimitiveOrMechanic","evidence_payment","","Tap untap-other activation works; total-MV Collect Evidence payment missing.","tricerules/tricerules-cards/src/card_def.rs;tricerules/tricerules-cards/src/primitives/abilities.rs;tricerules/tricerules-cards/src/primitives/effects.rs;tricerules/tricerules-cards/src/primitives/targeting.rs","https://scryfall.com/card/mkm/58/forensic-researcher?utm_source=api","https://api.scryfall.com/cards/1384df5d-d705-49cb-a982-1588cbf303d8/rulings"
"224","MKM-uncommon","14","1cdfc4ffbb9002586b5a3675e029f3502b9caf00cb5a415c0bc8e2fe17205297","79d2efb2-145d-4377-a4e2-832ff2cb5677","268f142d-9fb1-4673-b804-add1f08dacb9","Exit Specialist","{1}{U}","Creature — Human Detective","This creature can't be blocked by creatures with power 3 or greater.
Disguise {1}{U} (You may cast this card face down for {3} as a 2/2 creature with ward {2}. Turn it face up any time for its disguise cost.)
When this creature is turned face up, return another target creature to its owner's hand.","Disguise","normal","2","1","[]","partial_now","capability_gap","SharedPrimitiveOrMechanic","disguise","","Power-at-most-two evasion works; Disguise and turn-up bounce missing.","tricerules/tricerules-cards/src/card_def.rs;tricerules/tricerules-cards/src/primitives/abilities.rs;tricerules/tricerules-cards/src/primitives/effects.rs;tricerules/tricerules-cards/src/primitives/targeting.rs","https://scryfall.com/card/mkm/55/exit-specialist?utm_source=api","https://api.scryfall.com/cards/268f142d-9fb1-4673-b804-add1f08dacb9/rulings"
"225","MKM-uncommon","15","1ecd03b9f35b8b70f8a1b5b66f4c3bf4c800bff0045e81b1978899bf0c951af0","b563ae31-338e-4bcc-a05f-d7ed7c3fe46e","0c08ed44-2c13-4029-af2e-68585a76bb03","Kraul Whipcracker","{B}{G}","Creature — Insect Assassin","Reach
When this creature enters, destroy target token an opponent controls.","Reach","normal","3","2","[]","partial_now","capability_gap","SharedPrimitiveOrMechanic","target_predicate","","Reach works; token target predicate missing.","tricerules/tricerules-cards/src/primitives/effects.rs;tricerules/tricerules-cards/src/primitives/targeting.rs;tricerules/tricerules-core/src/engine/legal_actions.rs;tricerules/tricerules-core/src/engine/targeting.rs","https://scryfall.com/card/mkm/213/kraul-whipcracker?utm_source=api","https://api.scryfall.com/cards/0c08ed44-2c13-4029-af2e-68585a76bb03/rulings"
"226","MKM-uncommon","16","218aef183d48b219f165fd838a0b5a80c57d1363d3925207c06ed2ecaf4079e6","42a9aeac-5b9c-4675-8c96-7c8ce7e9098c","0862bf07-8a76-4e80-bba2-20d22f8eee30","Case of the Gateway Express","{1}{W}","Enchantment — Case","When this Case enters, choose target creature you don't control. Each creature you control deals 1 damage to that creature.
To solve — Three or more creatures attacked this turn. (If unsolved, solve at the beginning of your end step.)
Solved — Creatures you control get +1/+0.","Solved","case","","","[]","blocked","capability_gap","SharedPrimitiveOrMechanic","case","damage_cohort","Case lifecycle and each-friendly-creature damage sourcing missing.","tricerules/tricerules-cards/src/card_def.rs;tricerules/tricerules-cards/src/primitives/abilities.rs;tricerules/tricerules-cards/src/primitives/effects.rs;tricerules/tricerules-cards/src/primitives/targeting.rs","https://scryfall.com/card/mkm/8/case-of-the-gateway-express?utm_source=api","https://api.scryfall.com/cards/0862bf07-8a76-4e80-bba2-20d22f8eee30/rulings"
"227","MKM-uncommon","17","24da11e1cb6a07699a47e136a76ad768dd65a4cee6b1e00120959d6b9d973658","58f12f0d-e2c1-48f9-9e27-d1de8db743cb","0f852937-381d-4445-99d3-2ecb8af6bb6a","Soul Search","{W}{B}","Sorcery","Target opponent reveals their hand. You choose a nonland card from it. Exile that card. If the card's mana value is 1 or less, create a 1/1 white and black Spirit creature token with flying.","","normal","","","[]","partial_now","capability_gap","SharedPrimitiveOrMechanic","result_continuation","","Public hand exile works; exiled-card mana-value receipt branch missing.","tricerules/tricerules-cards/src/primitives/effects.rs","https://scryfall.com/card/mkm/232/soul-search?utm_source=api","https://api.scryfall.com/cards/0f852937-381d-4445-99d3-2ecb8af6bb6a/rulings"
"228","MKM-uncommon","18","273c5f4aba9beb55d78b0e508c016c51acfe270e508d03727e3d8a72fcb778cd","a2d3e3f0-7399-4eb9-a0cf-831710c3d431","4dd64e5c-ea0b-4ea0-aba3-88e7e96ac7ba","Presumed Dead","{1}{B}","Instant","Until end of turn, target creature gets +2/+0 and gains ""When this creature dies, return it to the battlefield under its owner's control and suspect it."" (A suspected creature has menace and can't block.)","Suspect","normal","","","[]","partial_now","capability_gap","SharedPrimitiveOrMechanic","suspect","","Pump and granted death return work; Suspect after return missing.","tricerules/tricerules-cards/src/card_def.rs;tricerules/tricerules-cards/src/primitives/abilities.rs;tricerules/tricerules-cards/src/primitives/effects.rs;tricerules/tricerules-cards/src/primitives/targeting.rs","https://scryfall.com/card/mkm/100/presumed-dead?utm_source=api","https://api.scryfall.com/cards/4dd64e5c-ea0b-4ea0-aba3-88e7e96ac7ba/rulings"
"229","MKM-uncommon","19","280cac75596dc0aa35dde10fcb2e9860626ec519c4181bf6ef76011d7830ebc8","a89f9072-cf06-429f-a9b8-c11b5731ddd3","45e4c07a-3205-4193-8163-b0e63e6242a4","Case of the Gorgon's Kiss","{B}","Enchantment — Case","When this Case enters, destroy up to one target creature that was dealt damage this turn.
To solve — Three or more creature cards were put into graveyards from anywhere this turn. (If unsolved, solve at the beginning of your end step.)
Solved — This Case is a 4/4 Gorgon creature with deathtouch and lifelink in addition to its other types.","Solved","case","","","[]","blocked","capability_gap","SharedPrimitiveOrMechanic","case","target_predicate;graveyard_history","Case lifecycle, damaged target filter, any-zone creature-card history missing.","tricerules/tricerules-cards/src/card_def.rs;tricerules/tricerules-cards/src/primitives/abilities.rs;tricerules/tricerules-cards/src/primitives/effects.rs;tricerules/tricerules-cards/src/primitives/targeting.rs;tricerules/tricerules-core/src/engine/history.rs;tricerules/tricerules-core/src/engine/legal_actions.rs;tricerules/tricerules-core/src/engine/mod.rs;tricerules/tricerules-core/src/engine/resolution/mod.rs;tricerules/tricerules-core/src/engine/targeting.rs","https://scryfall.com/card/mkm/79/case-of-the-gorgons-kiss?utm_source=api","https://api.scryfall.com/cards/45e4c07a-3205-4193-8163-b0e63e6242a4/rulings"
"230","MKM-uncommon","20","2b02ac509659f7ca6763c938bc7f87e014099105ecc242eb7b967d71f17363d9","6afe9cc7-80e4-4607-8633-6013d96bd19c","080ad039-1669-4735-9864-76f4c61fc59e","Lumbering Laundry","{5}","Artifact Creature — Golem","{2}: Until end of turn, you may look at face-down creatures you don't control any time.
Disguise {5} (You may cast this card face down for {3} as a 2/2 creature with ward {2}. Turn it face up any time for its disguise cost.)","Disguise","normal","4","5","[]","blocked","capability_gap","SharedPrimitiveOrMechanic","disguise","hidden_face_visibility","Opponent face-down inspection permission and Disguise missing.","tricerules/tricerules-cards/src/card_def.rs;tricerules/tricerules-cards/src/primitives/abilities.rs;tricerules/tricerules-cards/src/primitives/effects.rs;tricerules/tricerules-cards/src/primitives/targeting.rs","https://scryfall.com/card/mkm/253/lumbering-laundry?utm_source=api","https://api.scryfall.com/cards/080ad039-1669-4735-9864-76f4c61fc59e/rulings"
"231","MKM-uncommon","21","2cd00ff9a78f5386a8b57e47766a440eaf44a8eb8048cf23339167ec3cc64610","8c612741-2b30-43b3-bd3f-7df19662d298","70a52038-9d1c-4be1-8dbe-6f0ee916ba94","Case File Auditor","{2}{W}","Creature — Human Detective","When this creature enters and whenever you solve a Case, look at the top six cards of your library. You may reveal an enchantment card from among them and put it into your hand. Put the rest on the bottom of your library in a random order.
You may spend mana as though it were mana of any color to cast Case spells.","","normal","1","4","[]","partial_now","capability_gap","SharedPrimitiveOrMechanic","case","mana_permission","ETB enchantment look/choose works; Case observer and as-though mana missing.","tricerules/tricerules-cards/src/card_def.rs;tricerules/tricerules-cards/src/primitives/abilities.rs;tricerules/tricerules-cards/src/primitives/effects.rs;tricerules/tricerules-cards/src/primitives/targeting.rs","https://scryfall.com/card/mkm/7/case-file-auditor?utm_source=api","https://api.scryfall.com/cards/70a52038-9d1c-4be1-8dbe-6f0ee916ba94/rulings"
"232","MKM-uncommon","22","2ef45dc7fc0f773a403944b68a7433fb0dcbcabf31b78b42d0764e278d0d8d25","9038a457-ce01-4f6d-9e2b-5220f08b4290","f5148def-cf1a-460e-8dfd-856103940892","Call a Surprise Witness","{1}{W}","Sorcery","Return target creature card with mana value 3 or less from your graveyard to the battlefield. Put a flying counter on it. It's a Spirit in addition to its other types.","","normal","","","[]","blocked","capability_gap","SharedPrimitiveOrMechanic","target_predicate","result_continuation","Graveyard MV target bound and post-return persistent type/counter subject missing.","tricerules/tricerules-cards/src/primitives/effects.rs;tricerules/tricerules-cards/src/primitives/targeting.rs;tricerules/tricerules-core/src/engine/legal_actions.rs;tricerules/tricerules-core/src/engine/targeting.rs","https://scryfall.com/card/mkm/6/call-a-surprise-witness?utm_source=api","https://api.scryfall.com/cards/f5148def-cf1a-460e-8dfd-856103940892/rulings"
"233","MKM-uncommon","23","301d980b23a7586d8b8a6d73bd929db5d57675f17376d0df84b5cad588088566","b401179f-eded-4973-8182-df4627133886","f0713025-581f-451b-97a3-97d891285dcc","Persuasive Interrogators","{4}{B}{B}","Creature — Gorgon Detective","When this creature enters, investigate. (Create a Clue token. It's an artifact with ""{2}, Sacrifice this token: Draw a card."")
Whenever you sacrifice a Clue, target opponent gets two poison counters. (A player with ten or more poison counters loses the game.)","Investigate","normal","5","6","[]","partial_now","capability_gap","SharedPrimitiveOrMechanic","zone_observer","player_counters","ETB Clue works; filtered Clue sacrifice and poison counters missing.","tricerules/tricerules-cards/src/card_def.rs;tricerules/tricerules-cards/src/primitives/abilities.rs;tricerules/tricerules-cards/src/primitives/effects.rs;tricerules/tricerules-cards/src/primitives/targeting.rs;tricerules/tricerules-core/src/engine/mod.rs;tricerules/tricerules-core/src/engine/triggers.rs","https://scryfall.com/card/mkm/98/persuasive-interrogators?utm_source=api","https://api.scryfall.com/cards/f0713025-581f-451b-97a3-97d891285dcc/rulings"
"234","MKM-uncommon","24","3471ffe9cd1f6928be8143a774d7d721b3c5cbffb10ba80deb40689a79f53c28","ccb1b532-92b8-4ebf-b3c2-fb5924b116f5","4bc803ad-f8a2-4198-a8a6-8d987b3d00fb","Slimy Dualleech","{3}{B}","Creature — Leech","At the beginning of combat on your turn, target creature you control with power 2 or less gets +1/+0 and gains deathtouch until end of turn.","","normal","2","4","[]","full_now","composable_ron","Data","","","Combat trigger with power-bounded target pump/deathtouch.","tricerules/tricerules-cards/src/card_def.rs;tricerules/tricerules-cards/src/primitives/abilities.rs;tricerules/tricerules-cards/src/primitives/effects.rs;tricerules/tricerules-cards/src/primitives/targeting.rs","https://scryfall.com/card/mkm/104/slimy-dualleech?utm_source=api","https://api.scryfall.com/cards/4bc803ad-f8a2-4198-a8a6-8d987b3d00fb/rulings"
"235","MKM-uncommon","25","352b22700721c068755f79437727ea5b687f4867f87a5f1d8e87cb207a16f515","dbedd45e-f76c-4be7-ad89-ff57bed6626f","bd6e71a1-713e-4eca-bd65-9f0638c16794","Absolving Lammasu","{4}{W}","Creature — Lammasu","Flying
When this creature enters, all suspected creatures are no longer suspected.
When this creature dies, you gain 3 life and suspect up to one target creature an opponent controls. (A suspected creature has menace and can't block.)","Flying; Suspect","normal","4","3","[]","partial_now","capability_gap","SharedPrimitiveOrMechanic","suspect","","Flying and death life gain work; Suspect creation/removal missing.","tricerules/tricerules-cards/src/card_def.rs;tricerules/tricerules-cards/src/primitives/abilities.rs;tricerules/tricerules-cards/src/primitives/effects.rs;tricerules/tricerules-cards/src/primitives/targeting.rs","https://scryfall.com/card/mkm/2/absolving-lammasu?utm_source=api","https://api.scryfall.com/cards/bd6e71a1-713e-4eca-bd65-9f0638c16794/rulings"
"236","MKM-uncommon","26","3ac99bba3eb7735e4b6a8e889a9d63ed470add4933a32acc16ece258dca6e667","ba4d644f-1931-4fc4-aed5-681a476a5a58","cb59130a-a134-4383-b983-e4b526d11fb4","Cease // Desist","{1}{B/G} // {4}{G/W}{G/W}","Instant // Sorcery","Cease: Exile up to two target cards from a single graveyard. Target player gains 2 life and draws a card.
---
Desist: Destroy all artifacts and enchantments.","","split","","","[{""name"":""Cease"",""mana_cost"":""{1}{B/G}"",""type_line"":""Instant"",""oracle_text"":""Exile up to two target cards from a single graveyard. Target player gains 2 life and draws a card."",""power"":null,""toughness"":null,""colors"":null,""color_indicator"":null,""loyalty"":null,""defense"":null},{""name"":""Desist"",""mana_cost"":""{4}{G/W}{G/W}"",""type_line"":""Sorcery"",""oracle_text"":""Destroy all artifacts and enchantments."",""power"":null,""toughness"":null,""colors"":null,""color_indicator"":null,""loyalty"":null,""defense"":null}]","full_now","composable_ron","Data","","","Split layout; grouped graveyard exile/player draw-life and union artifact/enchantment wipe.","tricerules/tricerules-cards/src/card_def.rs;tricerules/tricerules-cards/src/primitives/abilities.rs;tricerules/tricerules-cards/src/primitives/effects.rs;tricerules/tricerules-cards/src/primitives/targeting.rs","https://scryfall.com/card/mkm/246/cease-desist?utm_source=api","https://api.scryfall.com/cards/cb59130a-a134-4383-b983-e4b526d11fb4/rulings"
"237","MKM-uncommon","27","3e1311cb5d8f07fccc2cc80a02469ac9c67c3a01a1f311b50a512a3f174c1b34","fe540a23-0357-44fa-8e1c-0a5c2a04cb01","a247c9a0-0c65-47bc-92fd-bebe95cd35a3","Vengeful Tracker","{1}{R}","Creature — Human Detective","Whenever an opponent sacrifices an artifact, this creature deals 2 damage to them.","","normal","2","2","[]","blocked","capability_gap","SharedPrimitiveOrMechanic","zone_observer","","Sacrifice observer lacks artifact event filter; affected-player damage already exists.","tricerules/tricerules-cards/src/primitives/abilities.rs;tricerules/tricerules-cards/src/primitives/effects.rs;tricerules/tricerules-core/src/engine/mod.rs;tricerules/tricerules-core/src/engine/triggers.rs","https://scryfall.com/card/mkm/147/vengeful-tracker?utm_source=api","https://api.scryfall.com/cards/a247c9a0-0c65-47bc-92fd-bebe95cd35a3/rulings"
"238","MKM-uncommon","28","3eb1a508bd71ec6f8f99f2509ec8914ad1e6bfd8327f1f80c2473e5adea48821","88e9006a-cfdf-40f3-80d5-23465f3dceca","269a031e-0b89-40e1-b11b-ae870d72161c","Fuss // Bother","{2}{R/W} // {4}{W/U}{W/U}","Instant // Sorcery","Fuss: Put a +1/+1 counter on each attacking creature you control.
---
Bother: Create three 1/1 colorless Thopter artifact creature tokens with flying. Surveil 2.","Surveil","split","","","[{""name"":""Fuss"",""mana_cost"":""{2}{R/W}"",""type_line"":""Instant"",""oracle_text"":""Put a +1/+1 counter on each attacking creature you control."",""power"":null,""toughness"":null,""colors"":null,""color_indicator"":null,""loyalty"":null,""defense"":null},{""name"":""Bother"",""mana_cost"":""{4}{W/U}{W/U}"",""type_line"":""Sorcery"",""oracle_text"":""Create three 1/1 colorless Thopter artifact creature tokens with flying. Surveil 2."",""power"":null,""toughness"":null,""colors"":null,""color_indicator"":null,""loyalty"":null,""defense"":null}]","partial_now","capability_gap","SharedPrimitiveOrMechanic","counter_cohort","","Bother token/Surveil half works; untargeted attacking-cohort counter placement missing.","tricerules/tricerules-cards/src/card_def.rs;tricerules/tricerules-cards/src/primitives/abilities.rs;tricerules/tricerules-cards/src/primitives/effects.rs;tricerules/tricerules-cards/src/primitives/targeting.rs","https://scryfall.com/card/mkm/248/fuss-bother?utm_source=api","https://api.scryfall.com/cards/269a031e-0b89-40e1-b11b-ae870d72161c/rulings"
"239","MKM-uncommon","29","3fbcf10a804f1b71a121d1d0df355da264f9b7cee3629e2e6b2ecc36c943f434","4debd0e4-3bb6-4dd1-addc-08e4bda69d11","18da1a1d-e6ba-47e5-a545-0bacd427b782","Reckless Detective","{1}{R}","Creature — Devil Detective","Whenever this creature attacks, you may sacrifice an artifact or discard a card. If you do, draw a card and this creature gets +2/+0 until end of turn.","","normal","0","3","[]","full_now","composable_ron","Data","","","Attack trigger resolution branches offer artifact sacrifice or discard before draw/pump.","tricerules/tricerules-cards/src/card_def.rs;tricerules/tricerules-cards/src/primitives/abilities.rs;tricerules/tricerules-cards/src/primitives/effects.rs;tricerules/tricerules-cards/src/primitives/targeting.rs","https://scryfall.com/card/mkm/141/reckless-detective?utm_source=api","https://api.scryfall.com/cards/18da1a1d-e6ba-47e5-a545-0bacd427b782/rulings"
"240","MKM-uncommon","30","4101765d955ea299e26c1ad1df7e74af86a13ed35f8846c3932aa72f911f34ef","611bfaa6-b098-48d9-9e49-1e7dc8687f15","71701c28-f113-4d38-8fd3-a19cd9749661","Repulsive Mutation","{X}{G}{U}","Instant","Put X +1/+1 counters on target creature you control. Then counter up to one target spell unless its controller pays mana equal to the greatest power among creatures you control.","","normal","","","[]","blocked","capability_gap","SharedPrimitiveOrMechanic","quantity","dynamic_counters","PutCounters has fixed u32 count; soft-counter payment lacks maximum-power Amount.","tricerules/tricerules-cards/src/card_def.rs;tricerules/tricerules-cards/src/primitives/abilities.rs;tricerules/tricerules-cards/src/primitives/effects.rs;tricerules/tricerules-cards/src/primitives/targeting.rs;tricerules/tricerules-core/src/engine/history.rs","https://scryfall.com/card/mkm/227/repulsive-mutation?utm_source=api","https://api.scryfall.com/cards/71701c28-f113-4d38-8fd3-a19cd9749661/rulings"
"241","OTJ-common","1","02223d37730f7817cff16beb21ea24e22cddb4a337a45b1fcea000eb4241401a","b45e35df-9032-4482-89a6-c7c50c6d0a79","8046f892-3317-4ef7-9cf7-97b9060540c8","Corrupted Conviction","{B}","Instant","As an additional cost to cast this spell, sacrifice a creature.
Draw two cards.","","normal","","","[]","full_now","composable_ron","Data","","","Mandatory creature-sacrifice additional cost then Draw two.","tricerules/tricerules-cards/src/card_def.rs;tricerules/tricerules-cards/src/primitives/abilities.rs;tricerules/tricerules-cards/src/primitives/effects.rs;tricerules/tricerules-cards/src/primitives/targeting.rs","https://scryfall.com/card/otj/84/corrupted-conviction?utm_source=api","https://api.scryfall.com/cards/8046f892-3317-4ef7-9cf7-97b9060540c8/rulings"
"242","OTJ-common","2","0314a97b8f3a606a6cf71839973132e0a6dc777bfa5fc292122da3796b3e39c2","ad01df89-29fe-44c7-a133-91425f8ff09c","79a17ab9-13c9-41d4-a143-82d8caacfd8b","Fake Your Own Death","{1}{B}","Instant","Until end of turn, target creature gets +2/+0 and gains ""When this creature dies, return it to the battlefield tapped under its owner's control and you create a Treasure token."" (It's an artifact with ""{T}, Sacrifice this token: Add one mana of any color."")","Treasure","normal","","","[]","full_now","composable_ron","Data","","","Pump plus granted death return-tapped trigger and Treasure creation.","tricerules/tricerules-cards/src/card_def.rs;tricerules/tricerules-cards/src/primitives/abilities.rs;tricerules/tricerules-cards/src/primitives/effects.rs;tricerules/tricerules-cards/src/primitives/targeting.rs","https://scryfall.com/card/otj/87/fake-your-own-death?utm_source=api","https://api.scryfall.com/cards/79a17ab9-13c9-41d4-a143-82d8caacfd8b/rulings"
"243","OTJ-common","3","056ed24fb79f415b1f364d6485a78832fdadf27a674231999f6b262262157e35","ef574346-1d98-447d-acb6-4d8d53c5f651","275d2d2a-ef85-48c9-919d-bc62cdad8a10","Tumbleweed Rising","{1}{G}","Sorcery","Create an X/X green Elemental creature token, where X is the greatest power among creatures you control.
Plot {2}{G} (You may pay {2}{G} and exile this card from your hand. Cast it as a sorcery on a later turn without paying its mana cost. Plot only as a sorcery.)","Plot","normal","","","[]","blocked","capability_gap","SharedPrimitiveOrMechanic","plot","dynamic_token;quantity","Plot and token-size-from-maximum-power missing.","tricerules/tricerules-cards/src/card_def.rs;tricerules/tricerules-cards/src/primitives/abilities.rs;tricerules/tricerules-cards/src/primitives/effects.rs;tricerules/tricerules-cards/src/primitives/targeting.rs;tricerules/tricerules-core/src/engine/history.rs","https://scryfall.com/card/otj/187/tumbleweed-rising?utm_source=api","https://api.scryfall.com/cards/275d2d2a-ef85-48c9-919d-bc62cdad8a10/rulings"
"244","OTJ-common","4","08422597060cf3d635e1c6eebce32a8be63e960ba384d932adb9cb052be4d69c","7bbede9a-8981-4435-9854-af61a18c6166","39d2c11d-1eb8-4768-bc61-fa8f20a69462","Silver Deputy","{2}","Artifact Creature — Mercenary","When this creature enters, you may search your library for a basic land card or a Desert card, reveal it, then shuffle and put it on top.
{T}: Target creature you control gets +1/+0 until end of turn. Activate only as a sorcery.","","normal","1","2","[]","full_now","composable_ron","Data","","","Basic-land/Desert search to top and sorcery-speed tap pump activation.","tricerules/tricerules-cards/src/card_def.rs;tricerules/tricerules-cards/src/primitives/abilities.rs;tricerules/tricerules-cards/src/primitives/effects.rs;tricerules/tricerules-cards/src/primitives/targeting.rs","https://scryfall.com/card/otj/248/silver-deputy?utm_source=api","https://api.scryfall.com/cards/39d2c11d-1eb8-4768-bc61-fa8f20a69462/rulings"
"245","OTJ-common","5","08ab6f75adefc90763aecb35246fbdd9ba7ededc6a1f37add8ec20ae45f6a05c","909eacf3-05ce-4c2b-97a8-49b6ea597b64","35e899e4-e2de-44cf-b6f4-cace8d3770cb","Desert's Due","{1}{B}","Instant","Target creature gets -2/-2 until end of turn. It gets an additional -1/-1 until end of turn for each Desert you control.","","normal","","","[]","partial_now","capability_gap","SharedPrimitiveOrMechanic","quantity","","Fixed -2/-2 works; Desert-count extra negative scale missing.","tricerules/tricerules-cards/src/primitives/abilities.rs;tricerules/tricerules-cards/src/primitives/effects.rs;tricerules/tricerules-core/src/engine/history.rs","https://scryfall.com/card/otj/85/deserts-due?utm_source=api","https://api.scryfall.com/cards/35e899e4-e2de-44cf-b6f4-cace8d3770cb/rulings"
"246","OTJ-common","6","09030389ae3199e0e53185703e32fb29c65bec771eca1836b182bba2d34e8490","0db20037-35b3-4b1f-8dd6-3ee797c421ca","00bf4dd1-5468-4594-9c7b-0737610f19d4","Phantom Interference","{U}","Instant","Spree (Choose one or more additional costs.)
+ {3} — Create a 2/2 white Spirit creature token with flying.
+ {1} — Counter target spell unless its controller pays {2}.","Spree","normal","","","[]","blocked","capability_gap","SharedPrimitiveOrMechanic","spree","","Additional-cost mode selection with at-least-one coupling missing.","tricerules/tricerules-cards/src/card_def.rs;tricerules/tricerules-cards/src/primitives/abilities.rs;tricerules/tricerules-cards/src/primitives/effects.rs;tricerules/tricerules-cards/src/primitives/targeting.rs","https://scryfall.com/card/otj/61/phantom-interference?utm_source=api","https://api.scryfall.com/cards/00bf4dd1-5468-4594-9c7b-0737610f19d4/rulings"
"247","OTJ-common","7","0b2f6fb77111cfc35f48e6eddeee67665b10cc50b46a7e9efb89b57447a3082f","fb1a6986-39f7-4592-9039-7e30f5ccd009","18344498-952e-489c-8b03-bd1bef4c26ca","Mystical Tether","{2}{W}","Enchantment","You may cast this spell as though it had flash if you pay {2} more to cast it.
When this enchantment enters, exile target artifact or creature an opponent controls until this enchantment leaves the battlefield.","","normal","","","[]","full_now","composable_ron","Data","","","Optional Mana cast-cost receipt enables instant-speed cast; linked exile ETB.","tricerules/tricerules-cards/src/card_def.rs;tricerules/tricerules-cards/src/primitives/abilities.rs;tricerules/tricerules-cards/src/primitives/effects.rs;tricerules/tricerules-cards/src/primitives/targeting.rs","https://scryfall.com/card/otj/19/mystical-tether?utm_source=api","https://api.scryfall.com/cards/18344498-952e-489c-8b03-bd1bef4c26ca/rulings"
"248","OTJ-common","8","0be5528c38f916d7d0a17e62b6c784da0d33649420745098a0a41e3e63a82d65","7c57d4aa-d221-4b36-a544-9fa89d63ffbe","caf0e715-befb-4904-82e6-d3f8c7fbd454","Dance of the Tumbleweeds","{1}{G}","Sorcery","Spree (Choose one or more additional costs.)
+ {1} — Search your library for a basic land card or a Desert card, put it onto the battlefield, then shuffle.
+ {3} — Create an X/X green Elemental creature token, where X is the number of lands you control.","Spree","normal","","","[]","blocked","capability_gap","SharedPrimitiveOrMechanic","spree","dynamic_token;quantity","Spree plus token-size-from-land-count missing.","tricerules/tricerules-cards/src/card_def.rs;tricerules/tricerules-cards/src/primitives/abilities.rs;tricerules/tricerules-cards/src/primitives/effects.rs;tricerules/tricerules-cards/src/primitives/targeting.rs;tricerules/tricerules-core/src/engine/history.rs","https://scryfall.com/card/otj/160/dance-of-the-tumbleweeds?utm_source=api","https://api.scryfall.com/cards/caf0e715-befb-4904-82e6-d3f8c7fbd454/rulings"
"249","OTJ-common","9","0c9ed43e8d1058ce3e8be34168c6d9c4cc1b8ecf8e5c39113be5d41b21b06f13","91415d12-b13d-4b5c-bb60-6ec6f4fdde6e","dc098aae-3d9b-453b-a37e-e102f81a8311","Gold Pan","{2}","Artifact — Equipment","When this Equipment enters, create a Treasure token. (It's an artifact with ""{T}, Sacrifice this token: Add one mana of any color."")
Equipped creature gets +1/+1.
Equip {1} ({1}: Attach to target creature you control. Equip only as a sorcery.)","Treasure; Equip","normal","","","[]","full_now","composable_ron","Data","","","Equipment ETB Treasure, attached pump, Equip.","tricerules/tricerules-cards/src/card_def.rs;tricerules/tricerules-cards/src/primitives/abilities.rs;tricerules/tricerules-cards/src/primitives/effects.rs;tricerules/tricerules-cards/src/primitives/targeting.rs","https://scryfall.com/card/otj/242/gold-pan?utm_source=api","https://api.scryfall.com/cards/dc098aae-3d9b-453b-a37e-e102f81a8311/rulings"
"250","OTJ-common","10","14b3672c22918510176eaefe863dcbf48a8ea48013d7cd5443032f490657534c","f1136a22-b202-4688-a44c-a9979c91261a","b6822d12-1a25-42e7-94cc-71bd29daed93","Spring Splasher","{1}{U}","Creature — Frog Beast","Whenever this creature attacks, target creature defending player controls gets -3/-0 until end of turn.","","normal","2","1","[]","full_now","composable_ron","Data","","","Attack trigger DefendingPlayer filter and negative pump.","tricerules/tricerules-cards/src/card_def.rs;tricerules/tricerules-cards/src/primitives/abilities.rs;tricerules/tricerules-cards/src/primitives/effects.rs;tricerules/tricerules-cards/src/primitives/targeting.rs","https://scryfall.com/card/otj/69/spring-splasher?utm_source=api","https://api.scryfall.com/cards/b6822d12-1a25-42e7-94cc-71bd29daed93/rulings"
"251","OTJ-common","11","15591415ac778effdb0cbf3813ea73f2451f75665e8f1e00bc06b9544f34db3a","2c22af49-c6ef-4de6-bb84-6b3e99879148","523a4d6e-122b-49b4-bf3d-17d29c0007fb","Steer Clear","{W}","Instant","Steer Clear deals 2 damage to target attacking or blocking creature. Steer Clear deals 4 damage to that creature instead if you controlled a Mount as you cast this spell.","","normal","","","[]","partial_now","capability_gap","SharedPrimitiveOrMechanic","cast_snapshot","","Combat-role target damage works; Mount presence must be snapshotted as cast.","tricerules/tricerules-cards/src/primitives/costs.rs;tricerules/tricerules-cards/src/primitives/effects.rs;tricerules/tricerules-core/src/engine/casting.rs;tricerules/tricerules-core/src/state.rs","https://scryfall.com/card/otj/31/steer-clear?utm_source=api","https://api.scryfall.com/cards/523a4d6e-122b-49b4-bf3d-17d29c0007fb/rulings"
"252","OTJ-common","12","1862e8bc230f796b7a42cc9dbebf30e1080615704247505d07c982b68b0261e1","1e6a24be-8281-41c1-a5ba-b68f0ef1d7b8","133fbdec-0d00-433f-9015-5eb091126e3a","Snakeskin Veil","{G}","Instant","Put a +1/+1 counter on target creature you control. It gains hexproof until end of turn. (It can't be the target of spells or abilities your opponents control.)","","normal","","","[]","full_now","composable_ron","Data","","","Target counter placement then hexproof.","tricerules/tricerules-cards/src/card_def.rs;tricerules/tricerules-cards/src/primitives/abilities.rs;tricerules/tricerules-cards/src/primitives/effects.rs;tricerules/tricerules-cards/src/primitives/targeting.rs","https://scryfall.com/card/otj/181/snakeskin-veil?utm_source=api","https://api.scryfall.com/cards/133fbdec-0d00-433f-9015-5eb091126e3a/rulings"
"253","OTJ-common","13","1a8bb74532653a44b3938c8bb0e3f428ab9a30d372d3f4e868ce845d32081eac","d3ce7c83-986f-410a-ae00-6c1c1f918a2b","a0bf0ea9-0929-4d33-815a-6df29c399e7e","Thunder Salvo","{1}{R}","Instant","Thunder Salvo deals X damage to target creature, where X is 2 plus the number of other spells you've cast this turn.","","normal","","","[]","partial_now","capability_gap","SharedPrimitiveOrMechanic","spell_history","quantity","Fixed damage subset exists; other-spells-this-turn scaled Amount missing.","tricerules/tricerules-cards/src/primitives/abilities.rs;tricerules/tricerules-cards/src/primitives/effects.rs;tricerules/tricerules-core/src/engine/casting.rs;tricerules/tricerules-core/src/engine/history.rs","https://scryfall.com/card/otj/150/thunder-salvo?utm_source=api","https://api.scryfall.com/cards/a0bf0ea9-0929-4d33-815a-6df29c399e7e/rulings"
"254","OTJ-common","14","1f0ef5d1e73d96c39bc1315e538b79759ae8dd98928c45836b86b0d9c92dc5ac","36508a8a-d1a4-400e-bfda-09436bc4d5d4","4b778b63-e5fc-4d63-a93b-4372f32cade2","Lonely Arroyo","","Land — Desert","This land enters tapped.
When this land enters, it deals 1 damage to target opponent.
{T}: Add {W} or {U}.","","normal","","","[]","full_now","composable_ron","Data","","","Tapped dual land with opposing-player damage ETB.","tricerules/tricerules-cards/src/card_def.rs;tricerules/tricerules-cards/src/primitives/abilities.rs;tricerules/tricerules-cards/src/primitives/effects.rs;tricerules/tricerules-cards/src/primitives/targeting.rs","https://scryfall.com/card/otj/260/lonely-arroyo?utm_source=api","https://api.scryfall.com/cards/4b778b63-e5fc-4d63-a93b-4372f32cade2/rulings"
"255","OTJ-common","15","1f5c4a3ee11027419f8a949fe10ad0675ff313a1a65f6cde5cbd08c0a52034fa","f893d3d6-efef-4394-8e15-e01deed72b4f","019d539f-04c2-43f1-8677-6d6fbb0e94f7","Sterling Keykeeper","{1}{W}","Creature — Human Mercenary","{2}, {T}: Tap target non-Mount creature.","","normal","2","2","[]","full_now","composable_ron","Data","","","Tap/mana activation targets creature excluding Mount subtype.","tricerules/tricerules-cards/src/card_def.rs;tricerules/tricerules-cards/src/primitives/abilities.rs;tricerules/tricerules-cards/src/primitives/effects.rs;tricerules/tricerules-cards/src/primitives/targeting.rs","https://scryfall.com/card/otj/32/sterling-keykeeper?utm_source=api","https://api.scryfall.com/cards/019d539f-04c2-43f1-8677-6d6fbb0e94f7/rulings"
"256","OTJ-common","16","221d1f0497133b8166c64c2c97d2ef89f4ddaca8a1f1b394748fa972cd599ac2","4faf62c3-3ba7-4540-be26-777305ef184e","93b17d09-974a-4e33-b14d-5fe4230ab241","Ambush Gigapede","{4}{B}{B}","Creature — Insect","Flash
When this creature enters, target creature an opponent controls gets -2/-2 until end of turn.","Flash","normal","6","2","[]","full_now","composable_ron","Data","","","Flash and opposing-creature negative pump ETB.","tricerules/tricerules-cards/src/card_def.rs;tricerules/tricerules-cards/src/primitives/abilities.rs;tricerules/tricerules-cards/src/primitives/effects.rs;tricerules/tricerules-cards/src/primitives/targeting.rs","https://scryfall.com/card/otj/77/ambush-gigapede?utm_source=api","https://api.scryfall.com/cards/93b17d09-974a-4e33-b14d-5fe4230ab241/rulings"
"257","OTJ-common","17","22d65adce39e76b14d77c5733a2c077de5e00dbca2894ea15502172ad937a69b","c116b787-5f7e-47ef-a694-58709770dd32","c5523dac-7aa0-4486-89c8-3b22a1411f26","Creosote Heath","","Land — Desert","This land enters tapped.
When this land enters, it deals 1 damage to target opponent.
{T}: Add {G} or {W}.","","normal","","","[]","full_now","composable_ron","Data","","","Tapped dual land with opposing-player damage ETB.","tricerules/tricerules-cards/src/card_def.rs;tricerules/tricerules-cards/src/primitives/abilities.rs;tricerules/tricerules-cards/src/primitives/effects.rs;tricerules/tricerules-cards/src/primitives/targeting.rs","https://scryfall.com/card/otj/255/creosote-heath?utm_source=api","https://api.scryfall.com/cards/c5523dac-7aa0-4486-89c8-3b22a1411f26/rulings"
"258","OTJ-common","18","29014da86aa05ebde3425bd80e290530685d05b3ca5b7589e2343cb0419bbf44","eec7d4f4-4141-49ed-8978-aefacc0a6609","e2df3cb4-1658-450a-912a-df336706acdc","Raven of Fell Omens","{1}{B}","Creature — Bird","Flying
Whenever you commit a crime, each opponent loses 1 life and you gain 1 life. This ability triggers only once each turn. (Targeting opponents, anything they control, and/or cards in their graveyards is a crime.)","Flying","normal","1","2","[]","partial_now","capability_gap","SharedPrimitiveOrMechanic","crime","trigger_budget","Flying works; crime event and per-turn trigger limit missing.","tricerules/tricerules-cards/src/primitives/abilities.rs;tricerules/tricerules-core/src/engine/casting.rs;tricerules/tricerules-core/src/engine/history.rs;tricerules/tricerules-core/src/engine/targeting.rs;tricerules/tricerules-core/src/engine/triggers.rs;tricerules/tricerules-core/src/state.rs","https://scryfall.com/card/otj/101/raven-of-fell-omens?utm_source=api","https://api.scryfall.com/cards/e2df3cb4-1658-450a-912a-df336706acdc/rulings"
"259","OTJ-common","19","29cf418a978af9d0c493c786e2038bb58479ef470e17fac7074722a6997061d5","e579edd7-4f6c-4f22-a72f-0a20d7a698a2","67daa31c-d9c4-4c22-b29c-1b8a17d577e5","Soured Springs","","Land — Desert","This land enters tapped.
When this land enters, it deals 1 damage to target opponent.
{T}: Add {U} or {B}.","","normal","","","[]","full_now","composable_ron","Data","","","Tapped dual land with opposing-player damage ETB.","tricerules/tricerules-cards/src/card_def.rs;tricerules/tricerules-cards/src/primitives/abilities.rs;tricerules/tricerules-cards/src/primitives/effects.rs;tricerules/tricerules-cards/src/primitives/targeting.rs","https://scryfall.com/card/otj/264/soured-springs?utm_source=api","https://api.scryfall.com/cards/67daa31c-d9c4-4c22-b29c-1b8a17d577e5/rulings"
"260","OTJ-common","20","35eeaa8093e100415d86d8fbd4bb8bdc025bee6b6cc7e778d65eff4088c691e9","d2aa9649-8394-48ca-bee6-a044e5a86b38","1b2b432d-9e73-4ab2-a098-546d406df6c0","Spinewoods Paladin","{4}{G}","Creature — Human Knight","Trample
When this creature enters, you gain 3 life.
Plot {3}{G} (You may pay {3}{G} and exile this card from your hand. Cast it as a sorcery on a later turn without paying its mana cost. Plot only as a sorcery.)","Plot; Trample","normal","5","4","[]","partial_now","capability_gap","SharedPrimitiveOrMechanic","plot","","Trample and life-gain ETB work; Plot missing.","tricerules/tricerules-cards/src/card_def.rs;tricerules/tricerules-cards/src/primitives/abilities.rs;tricerules/tricerules-cards/src/primitives/effects.rs;tricerules/tricerules-cards/src/primitives/targeting.rs","https://scryfall.com/card/otj/183/spinewoods-paladin?utm_source=api","https://api.scryfall.com/cards/1b2b432d-9e73-4ab2-a098-546d406df6c0/rulings"
"261","OTJ-common","21","35f0771386fdb3dd151c173923b5875929ee320ca589be055c67195b6bff00b5","f3baef8c-f8d7-4cb2-b5cc-b889a991e4e8","e4e4311a-8583-4cf0-8126-508dbfbcddb6","Rooftop Assassin","{3}{B}","Creature — Vampire Assassin","Flash
Flying, lifelink
When this creature enters, destroy target creature an opponent controls that was dealt damage this turn.","Flying; Lifelink; Flash","normal","2","2","[]","partial_now","capability_gap","SharedPrimitiveOrMechanic","target_predicate","","Flash/flying/lifelink work; damaged-this-turn target filter missing.","tricerules/tricerules-cards/src/primitives/effects.rs;tricerules/tricerules-cards/src/primitives/targeting.rs;tricerules/tricerules-core/src/engine/legal_actions.rs;tricerules/tricerules-core/src/engine/targeting.rs","https://scryfall.com/card/otj/103/rooftop-assassin?utm_source=api","https://api.scryfall.com/cards/e4e4311a-8583-4cf0-8126-508dbfbcddb6/rulings"
"262","OTJ-common","22","36e6829eee1eda53b65bd60cd2fda78b7a9a0499c4428542aa465d85d582d3ef","ba7c1062-f777-4ba9-84df-ec340a9ec514","1dd17cea-9e8c-4dba-b6ab-a6b9de87a306","Patient Naturalist","{2}{G}","Creature — Human Scout","When this creature enters, mill three cards. Put a land card from among the milled cards into your hand. If you can't, create a Treasure token. (To mill three cards, put the top three cards of your library into your graveyard.)","Treasure; Mill","normal","2","3","[]","partial_now","capability_gap","SharedPrimitiveOrMechanic","result_continuation","","Mill works; land result selection and can't-recover fallback missing.","tricerules/tricerules-cards/src/primitives/effects.rs","https://scryfall.com/card/otj/174/patient-naturalist?utm_source=api","https://api.scryfall.com/cards/1dd17cea-9e8c-4dba-b6ab-a6b9de87a306/rulings"
"263","OTJ-common","23","444046c54bbe0552db696e9a7408b022ebbedd46a3275222d694d63a4ea2f08c","09117016-5fd1-4590-9867-aad65d3097e3","92762169-095e-46e2-82f6-5b2ff2232240","Freestrider Commando","{2}{G}","Creature — Centaur Mercenary","This creature enters with two +1/+1 counters on it if it wasn't cast or no mana was spent to cast it.
Plot {3}{G} (You may pay {3}{G} and exile this card from your hand. Cast it as a sorcery on a later turn without paying its mana cost. Plot only as a sorcery.)","Plot","normal","3","3","[]","blocked","capability_gap","SharedPrimitiveOrMechanic","plot","cast_provenance","Plot and no-cast/no-mana-spent entry replacement missing.","tricerules/tricerules-cards/src/card_def.rs;tricerules/tricerules-cards/src/primitives/abilities.rs;tricerules/tricerules-cards/src/primitives/effects.rs;tricerules/tricerules-cards/src/primitives/targeting.rs","https://scryfall.com/card/otj/162/freestrider-commando?utm_source=api","https://api.scryfall.com/cards/92762169-095e-46e2-82f6-5b2ff2232240/rulings"
"264","OTJ-common","24","4560b06548e988fea533fa227eaec767214f39a94ec350b9fe3faf93605ab033","d6780d29-0dd7-4f04-95b8-4ca6a55308f2","775874cc-4b78-4904-9c97-431c2e400c64","Throw from the Saddle","{1}{G}","Sorcery","Target creature you control gets +1/+1 until end of turn. Put a +1/+1 counter on it instead if it's a Mount. Then it deals damage equal to its power to target creature you don't control.","","normal","","","[]","partial_now","capability_gap","SharedPrimitiveOrMechanic","result_continuation","","Pump then bite works; target Mount-dependent substitution missing.","tricerules/tricerules-cards/src/primitives/effects.rs","https://scryfall.com/card/otj/185/throw-from-the-saddle?utm_source=api","https://api.scryfall.com/cards/775874cc-4b78-4904-9c97-431c2e400c64/rulings"
"265","OTJ-common","25","47cf747862f3ea246f7b700aac6c3540993a5ea40806d29b4fa6861430f5a0ec","d7aaffed-a143-49d6-a516-b9bc8b503aee","ae044509-2f31-4506-a124-0e445b7181a2","Peerless Ropemaster","{4}{U}","Creature — Human Rogue","When this creature enters, return up to one target tapped creature to its owner's hand.","","normal","4","4","[]","full_now","composable_ron","Data","","","Optional tapped-creature bounce ETB.","tricerules/tricerules-cards/src/card_def.rs;tricerules/tricerules-cards/src/primitives/abilities.rs;tricerules/tricerules-cards/src/primitives/effects.rs;tricerules/tricerules-cards/src/primitives/targeting.rs","https://scryfall.com/card/otj/60/peerless-ropemaster?utm_source=api","https://api.scryfall.com/cards/ae044509-2f31-4506-a124-0e445b7181a2/rulings"
"266","OTJ-common","26","4caf3924d921d1ebef9a4dd27ce5d0a9cdd30bba3617ca2aabce66b42f6efd92","6a1ad848-6fda-46dd-aad8-2f6a5c71a696","fa7bf089-fa9b-4ffc-bf84-45cd51c76463","Bridled Bighorn","{3}{W}","Creature — Sheep Mount","Vigilance
Whenever this creature attacks while saddled, create a 1/1 white Sheep creature token.
Saddle 2 (Tap any number of other creatures you control with total power 2 or more: This Mount becomes saddled until end of turn. Saddle only as a sorcery.)","Saddle; Vigilance","normal","3","4","[]","partial_now","capability_gap","SharedPrimitiveOrMechanic","saddle","","Vigilance works; Saddle action, status and attack condition missing.","tricerules/tricerules-cards/src/card_def.rs;tricerules/tricerules-cards/src/primitives/abilities.rs;tricerules/tricerules-cards/src/primitives/effects.rs;tricerules/tricerules-cards/src/primitives/targeting.rs","https://scryfall.com/card/otj/7/bridled-bighorn?utm_source=api","https://api.scryfall.com/cards/fa7bf089-fa9b-4ffc-bf84-45cd51c76463/rulings"
"267","OTJ-common","27","5207de63ec7d28f6b782bdc295ad37d7d4c7f82dff173f3c27d525390c85a253","567fa6e0-fc7b-4502-9c51-f2538c411003","980b0b68-7218-49c6-b6bf-022218f3abf4","Mourner's Surprise","{1}{B}","Sorcery","Return up to one target creature card from your graveyard to your hand. Create a 1/1 red Mercenary creature token with ""{T}: Target creature you control gets +1/+0 until end of turn. Activate only as a sorcery.""","","normal","","","[]","full_now","composable_ron","Data","","","Optional graveyard return and fixed Mercenary token with tap pump ability.","tricerules/tricerules-cards/src/card_def.rs;tricerules/tricerules-cards/src/primitives/abilities.rs;tricerules/tricerules-cards/src/primitives/effects.rs;tricerules/tricerules-cards/src/primitives/targeting.rs","https://scryfall.com/card/otj/94/mourners-surprise?utm_source=api","https://api.scryfall.com/cards/980b0b68-7218-49c6-b6bf-022218f3abf4/rulings"
"268","OTJ-common","28","527f5a33a9fe74abc0b444e38b6c55650f43dd42f0a45c36f05034cb51a0f917","7dbb540f-ee96-4115-b6ef-28ffc73da8b7","48bfc6af-c651-485e-a1cc-f9d00aeaf812","Djinn of Fool's Fall","{4}{U}","Creature — Djinn","Flying
Plot {3}{U} (You may pay {3}{U} and exile this card from your hand. Cast it as a sorcery on a later turn without paying its mana cost. Plot only as a sorcery.)","Flying; Plot","normal","4","3","[]","partial_now","capability_gap","SharedPrimitiveOrMechanic","plot","","Flying works; Plot missing.","tricerules/tricerules-cards/src/card_def.rs;tricerules/tricerules-cards/src/primitives/abilities.rs;tricerules/tricerules-cards/src/primitives/effects.rs;tricerules/tricerules-cards/src/primitives/targeting.rs","https://scryfall.com/card/otj/43/djinn-of-fools-fall?utm_source=api","https://api.scryfall.com/cards/48bfc6af-c651-485e-a1cc-f9d00aeaf812/rulings"
"269","OTJ-common","29","574557476907446069c7368cbdd20c1fa0624905b78333dfa7c2f62ab7116b33","116eea43-4235-4608-8c6a-599e860ae2f1","cbe544fb-93b7-4640-b886-cb0b3e437357","Hardbristle Bandit","{1}{G}","Creature — Plant Rogue","{T}: Add one mana of any color.
Whenever you commit a crime, untap this creature. This ability triggers only once each turn. (Targeting opponents, anything they control, and/or cards in their graveyards is a crime.)","","normal","1","1","[]","partial_now","capability_gap","SharedPrimitiveOrMechanic","crime","trigger_budget","Any-color mana works; crime untap trigger and turn cap missing.","tricerules/tricerules-cards/src/primitives/abilities.rs;tricerules/tricerules-core/src/engine/casting.rs;tricerules/tricerules-core/src/engine/history.rs;tricerules/tricerules-core/src/engine/targeting.rs;tricerules/tricerules-core/src/engine/triggers.rs;tricerules/tricerules-core/src/state.rs","https://scryfall.com/card/otj/168/hardbristle-bandit?utm_source=api","https://api.scryfall.com/cards/cbe544fb-93b7-4640-b886-cb0b3e437357/rulings"
"270","OTJ-common","30","592773691951f2e3ef14443f3688c5f9e2d2286cc904c31cac101f3858d8e651","b6a965eb-cffb-41c1-925a-7cf3e8e2f248","988e44c5-4632-4ebb-b6ae-c3886e49d637","Lush Oasis","","Land — Desert","This land enters tapped.
When this land enters, it deals 1 damage to target opponent.
{T}: Add {G} or {U}.","","normal","","","[]","full_now","composable_ron","Data","","","Tapped dual land with opposing-player damage ETB.","tricerules/tricerules-cards/src/card_def.rs;tricerules/tricerules-cards/src/primitives/abilities.rs;tricerules/tricerules-cards/src/primitives/effects.rs;tricerules/tricerules-cards/src/primitives/targeting.rs","https://scryfall.com/card/otj/261/lush-oasis?utm_source=api","https://api.scryfall.com/cards/988e44c5-4632-4ebb-b6ae-c3886e49d637/rulings"
"271","OTJ-uncommon","1","00fcfa33eadd401861cf01ed20d2a6888e7789430f335de3da896b0b316ae129","00ff5598-2f7f-4e28-8b63-5ae1ce18f0c5","9e56a8df-db04-4a88-a5ab-6954d3449976","Unscrupulous Contractor","{2}{B}","Creature — Human Assassin","When this creature enters, you may sacrifice a creature. When you do, target player draws two cards and loses 2 life.
Plot {2}{B} (You may pay {2}{B} and exile this card from your hand. Cast it as a sorcery on a later turn without paying its mana cost. Plot only as a sorcery.)","Plot","normal","3","2","[]","partial_now","capability_gap","SharedPrimitiveOrMechanic","plot","","ETB sacrifice/reflexive targeted draw-life-loss works; Plot missing.","tricerules/tricerules-cards/src/card_def.rs;tricerules/tricerules-cards/src/primitives/abilities.rs;tricerules/tricerules-cards/src/primitives/effects.rs;tricerules/tricerules-cards/src/primitives/targeting.rs","https://scryfall.com/card/otj/112/unscrupulous-contractor?utm_source=api","https://api.scryfall.com/cards/9e56a8df-db04-4a88-a5ab-6954d3449976/rulings"
"272","OTJ-uncommon","2","0471f08daafc531182ad49d0c4ec074845e41683451d657dd374baca36503e19","4f815ca4-0197-48c7-bfa2-5eb937c615e6","c8e2ff9c-0e98-46f9-a33c-739388c5f3d0","Take for a Ride","{2}{R}","Sorcery","Take for a Ride has flash as long as you've committed a crime this turn. (Targeting opponents, anything they control, and/or cards in their graveyards is a crime.)
Gain control of target creature until end of turn. Untap that creature. It gains haste until end of turn.","","normal","","","[]","partial_now","capability_gap","SharedPrimitiveOrMechanic","crime","conditional_casting","Control/untap/haste works; crime fact and conditionally granted flash in hand missing.","tricerules/tricerules-cards/src/card_def.rs;tricerules/tricerules-cards/src/primitives/abilities.rs;tricerules/tricerules-cards/src/primitives/effects.rs;tricerules/tricerules-cards/src/primitives/targeting.rs;tricerules/tricerules-core/src/engine/casting.rs;tricerules/tricerules-core/src/engine/history.rs;tricerules/tricerules-core/src/engine/targeting.rs;tricerules/tricerules-core/src/engine/triggers.rs","https://scryfall.com/card/otj/148/take-for-a-ride?utm_source=api","https://api.scryfall.com/cards/c8e2ff9c-0e98-46f9-a33c-739388c5f3d0/rulings"
"273","OTJ-uncommon","3","04a3eb4e6b703bc0fdc5e1797b3de478c96b6ee7dfd22c59025b7fc083a49f3e","0c9ec9a1-738a-4f69-b367-5dbf3d046bf1","b5c98650-b195-4071-8e02-4df35fddddc7","Servant of the Stinger","{1}{B}","Creature — Human Warlock","Deathtouch
Whenever this creature deals combat damage to a player, if you've committed a crime this turn, you may sacrifice this creature. If you do, search your library for a card, put it into your hand, then shuffle. (Targeting opponents, anything they control, and/or cards in their graveyards is a crime.)","Deathtouch","normal","1","3","[]","partial_now","capability_gap","SharedPrimitiveOrMechanic","crime","","Deathtouch works; combat-damage condition needs crime history.","tricerules/tricerules-core/src/engine/casting.rs;tricerules/tricerules-core/src/engine/history.rs;tricerules/tricerules-core/src/engine/targeting.rs;tricerules/tricerules-core/src/engine/triggers.rs","https://scryfall.com/card/otj/105/servant-of-the-stinger?utm_source=api","https://api.scryfall.com/cards/b5c98650-b195-4071-8e02-4df35fddddc7/rulings"
"274","OTJ-uncommon","4","0c814d836b5c48493da2f4469e1446125d04f2e12f52180c833d932eade5c21b","51a6819d-c8fb-4f52-ab0c-4ae845728ed2","8eb98381-8418-4dfd-b7d1-4353570e611b","Redrock Sentinel","{3}","Artifact Creature — Golem","Defender
{2}, {T}, Sacrifice a land: Draw a card and create a Treasure token. (It's an artifact with ""{T}, Sacrifice this token: Add one mana of any color."")","Treasure; Defender","normal","2","4","[]","full_now","composable_ron","Data","","","Defender and paid tap/land-sacrifice draw plus Treasure activation.","tricerules/tricerules-cards/src/card_def.rs;tricerules/tricerules-cards/src/primitives/abilities.rs;tricerules/tricerules-cards/src/primitives/effects.rs;tricerules/tricerules-cards/src/primitives/targeting.rs","https://scryfall.com/card/otj/247/redrock-sentinel?utm_source=api","https://api.scryfall.com/cards/8eb98381-8418-4dfd-b7d1-4353570e611b/rulings"
"275","OTJ-uncommon","5","101363714efcc338cc40b6e1873eacfc1b2fec875338409d411124ba2fa73fb8","1d764f70-985e-4cf0-9482-f30f73b9baf1","958a3e6b-7e20-40ea-8b2c-7c728934b5e5","Kraum, Violent Cacophony","{2}{U}{R}","Legendary Creature — Zombie Horror","Flying
Whenever you cast your second spell each turn, put a +1/+1 counter on Kraum and draw a card.","Flying","normal","2","3","[]","full_now","composable_ron","Data","","","Flying and second-cast trigger with source counter/draw.","tricerules/tricerules-cards/src/card_def.rs;tricerules/tricerules-cards/src/primitives/abilities.rs;tricerules/tricerules-cards/src/primitives/effects.rs;tricerules/tricerules-cards/src/primitives/targeting.rs","https://scryfall.com/card/otj/214/kraum-violent-cacophony?utm_source=api","https://api.scryfall.com/cards/958a3e6b-7e20-40ea-8b2c-7c728934b5e5/rulings"
"276","OTJ-uncommon","6","103ab45ff0575c2b97e12bb2597d6d26141f8d0ddace88e75e05e267bd168f0b","91e49e8e-575f-43c8-9263-a8568697e7f4","252def94-2d89-48f7-8ff7-9c8682ca3ec6","Rictus Robber","{3}{B}","Creature — Zombie Rogue","When this creature enters, if a creature died this turn, create a 2/2 blue and black Zombie Rogue creature token.
Plot {2}{B} (You may pay {2}{B} and exile this card from your hand. Cast it as a sorcery on a later turn without paying its mana cost. Plot only as a sorcery.)","Plot","normal","4","3","[]","partial_now","capability_gap","SharedPrimitiveOrMechanic","plot","","Creature-death turn condition and ETB token work; Plot missing.","tricerules/tricerules-cards/src/card_def.rs;tricerules/tricerules-cards/src/primitives/abilities.rs;tricerules/tricerules-cards/src/primitives/effects.rs;tricerules/tricerules-cards/src/primitives/targeting.rs","https://scryfall.com/card/otj/102/rictus-robber?utm_source=api","https://api.scryfall.com/cards/252def94-2d89-48f7-8ff7-9c8682ca3ec6/rulings"
"277","OTJ-uncommon","7","11821aecdbe5ae6bb0f5994c86bc938fd33e53c25e3bbde19bc33e73df1e4f34","d262f3e1-b5bc-4dab-86c2-cd89c2419e54","3a2fd0c4-509e-49c2-ad57-f772efcbc207","Caught in the Crossfire","{R}{R}","Instant","Spree (Choose one or more additional costs.)
+ {1} — Caught in the Crossfire deals 2 damage to each outlaw creature. (Assassins, Mercenaries, Pirates, Rogues, and Warlocks are outlaws.)
+ {1} — Caught in the Crossfire deals 2 damage to each non-outlaw creature.","Spree","normal","","","[]","blocked","capability_gap","SharedPrimitiveOrMechanic","spree","mass_filter","Spree and disjoint outlaw/non-outlaw mass damage scopes missing.","tricerules/tricerules-cards/src/card_def.rs;tricerules/tricerules-cards/src/primitives/abilities.rs;tricerules/tricerules-cards/src/primitives/effects.rs;tricerules/tricerules-cards/src/primitives/targeting.rs","https://scryfall.com/card/otj/117/caught-in-the-crossfire?utm_source=api","https://api.scryfall.com/cards/3a2fd0c4-509e-49c2-ad57-f772efcbc207/rulings"
"278","OTJ-uncommon","8","119fdf33b0521a1a668946c403814d791b658a993bc5173f36738b62f3c9f232","45687a24-e8cb-4864-8721-410eb8320aab","15845be1-919d-4450-9de6-3552c52e8623","Gold Rush","{1}{G}","Instant","Create a Treasure token. Until end of turn, up to one target creature gets +2/+2 for each Treasure you control.","Treasure","normal","","","[]","partial_now","capability_gap","SharedPrimitiveOrMechanic","quantity","","Treasure creation works; Treasure-count targeted pump missing.","tricerules/tricerules-cards/src/primitives/abilities.rs;tricerules/tricerules-cards/src/primitives/effects.rs;tricerules/tricerules-core/src/engine/history.rs","https://scryfall.com/card/otj/166/gold-rush?utm_source=api","https://api.scryfall.com/cards/15845be1-919d-4450-9de6-3552c52e8623/rulings"
"279","OTJ-uncommon","9","12030670fd7bff4c661ceea42841d5fc23e48f65db724539b782459d39eb0637","59e8747a-3e3f-48d2-aaee-af94ecee378b","e6cfe383-e483-47e7-99d1-991a06b089bc","Shackle Slinger","{2}{U}","Creature — Human Soldier","Whenever you cast your second spell each turn, choose target creature an opponent controls. If it's tapped, put a stun counter on it. Otherwise, tap it. (If a permanent with a stun counter would become untapped, remove one from it instead.)","","normal","3","2","[]","blocked","capability_gap","SharedPrimitiveOrMechanic","result_continuation","","Second-cast event exists; shared target's tapped-state conditional effect missing.","tricerules/tricerules-cards/src/primitives/effects.rs","https://scryfall.com/card/otj/65/shackle-slinger?utm_source=api","https://api.scryfall.com/cards/e6cfe383-e483-47e7-99d1-991a06b089bc/rulings"
"280","OTJ-uncommon","10","1352df8cc23992069dfcf024b9e5d4a7231fbf39a1d9eb9e1c6272d5e53fb08d","ddf34404-39dd-4dcf-a706-ec78d47167e9","70f64358-58db-40ab-90e8-6137c3bd0a29","Rakish Crew","{2}{B}","Enchantment","When this enchantment enters, create a 1/1 red Mercenary creature token with ""{T}: Target creature you control gets +1/+0 until end of turn. Activate only as a sorcery.""
Whenever an outlaw you control dies, each opponent loses 1 life and you gain 1 life. (Assassins, Mercenaries, Pirates, Rogues, and Warlocks are outlaws.)","","normal","","","[]","partial_now","capability_gap","SharedPrimitiveOrMechanic","zone_observer","","Mercenary ETB works; disjunctive outlaw death filter missing.","tricerules/tricerules-cards/src/primitives/abilities.rs;tricerules/tricerules-cards/src/primitives/effects.rs;tricerules/tricerules-core/src/engine/mod.rs;tricerules/tricerules-core/src/engine/triggers.rs","https://scryfall.com/card/otj/99/rakish-crew?utm_source=api","https://api.scryfall.com/cards/70f64358-58db-40ab-90e8-6137c3bd0a29/rulings"
"281","OTJ-uncommon","11","14fa6190d43a99a32fc292c2ff4be8a3f758c744017dac25cf2d3140841a233f","07acb7e5-7aae-4d89-aabf-cbd329b3480b","f87824f3-aa9f-4d3d-99f7-0fbca43d8a51","Prosperity Tycoon","{3}{W}","Creature — Human Noble","When this creature enters, create a 1/1 red Mercenary creature token with ""{T}: Target creature you control gets +1/+0 until end of turn. Activate only as a sorcery.""
{2}, Sacrifice a token: This creature gains indestructible until end of turn. Tap it. (Damage and effects that say ""destroy"" don't destroy it.)","","normal","4","2","[]","partial_now","capability_gap","SharedPrimitiveOrMechanic","target_predicate","","Mercenary ETB works; token sacrifice cost predicate missing.","tricerules/tricerules-cards/src/primitives/effects.rs;tricerules/tricerules-cards/src/primitives/targeting.rs;tricerules/tricerules-core/src/engine/legal_actions.rs;tricerules/tricerules-core/src/engine/targeting.rs","https://scryfall.com/card/otj/25/prosperity-tycoon?utm_source=api","https://api.scryfall.com/cards/f87824f3-aa9f-4d3d-99f7-0fbca43d8a51/rulings"
"282","OTJ-uncommon","12","17988a58b6c01112bd470875bb5b38cfaf8e556b7d1d8a1cc29927f280a469cf","a66d8dc6-ced4-4b24-b0c2-3557b2a851be","3afce4e6-ac59-4fba-b63a-8fed96bbdc4a","Vial Smasher, Gleeful Grenadier","{B}{R}","Legendary Creature — Goblin Mercenary","Whenever another outlaw you control enters, Vial Smasher deals 1 damage to target opponent. (Assassins, Mercenaries, Pirates, Rogues, and Warlocks are outlaws.)","","normal","3","2","[]","blocked","capability_gap","SharedPrimitiveOrMechanic","zone_observer","","ETB creature filter cannot OR five outlaw subtypes without duplicate multi-type triggers.","tricerules/tricerules-cards/src/primitives/abilities.rs;tricerules/tricerules-cards/src/primitives/effects.rs;tricerules/tricerules-core/src/engine/mod.rs;tricerules/tricerules-core/src/engine/triggers.rs","https://scryfall.com/card/otj/235/vial-smasher-gleeful-grenadier?utm_source=api","https://api.scryfall.com/cards/3afce4e6-ac59-4fba-b63a-8fed96bbdc4a/rulings"
"283","OTJ-uncommon","13","193f1e54a5d84c9b8b6a8d2cb4ca26d9ec6daa2b4bc94df3318e25aa83094e3b","0c38f159-367b-4e4b-94cd-bf1b0721c3a8","62e12566-375f-4f31-aa91-1b13a96d9ece","Magebane Lizard","{1}{R}","Creature — Lizard","Whenever a player casts a noncreature spell, this creature deals damage to that player equal to the number of noncreature spells they've cast this turn.","","normal","1","4","[]","blocked","capability_gap","SharedPrimitiveOrMechanic","spell_history","quantity","Noncreature cast event exists; filtered per-caster count and damage Amount missing.","tricerules/tricerules-cards/src/primitives/abilities.rs;tricerules/tricerules-cards/src/primitives/effects.rs;tricerules/tricerules-core/src/engine/casting.rs;tricerules/tricerules-core/src/engine/history.rs","https://scryfall.com/card/otj/134/magebane-lizard?utm_source=api","https://api.scryfall.com/cards/62e12566-375f-4f31-aa91-1b13a96d9ece/rulings"
"284","OTJ-uncommon","14","1b6d48329e8db3769bcfa6ddb5178a19698222b26ca546b8c26a5502735a9700","534e74f6-52f4-4824-9178-cce5e4bcbcc2","8dc3cbfe-410f-40e3-8021-647a2efb50bf","Raucous Entertainer","{1}{G}","Creature — Plant Bard","{1}, {T}: Put a +1/+1 counter on each creature you control that entered this turn.","","normal","2","2","[]","blocked","capability_gap","SharedPrimitiveOrMechanic","object_condition","counter_cohort","Needs entry-generation-specific untargeted counter cohort.","tricerules/tricerules-cards/src/card_def.rs;tricerules/tricerules-cards/src/primitives/abilities.rs;tricerules/tricerules-cards/src/primitives/effects.rs;tricerules/tricerules-cards/src/primitives/targeting.rs","https://scryfall.com/card/otj/177/raucous-entertainer?utm_source=api","https://api.scryfall.com/cards/8dc3cbfe-410f-40e3-8021-647a2efb50bf/rulings"
"285","OTJ-uncommon","15","1ceba1b05581974ec43720cdd3e030baec34937e9a1c2bf719f99662c31ba157","41246140-4b44-40c4-b92b-501e49c50bf7","0557b0a3-2b48-408f-a508-9f4da2ab1cd1","Make Your Own Luck","{3}{G}{U}","Sorcery","Look at the top three cards of your library. You may exile a nonland card from among them. If you do, it becomes plotted. Put the rest into your hand. (You may cast it as a sorcery on a later turn without paying its mana cost.)","Plot","normal","","","[]","blocked","capability_gap","SharedPrimitiveOrMechanic","plot","library_algorithm","Library cohort choice with Plot permission and rest-to-hand missing.","tricerules/tricerules-cards/src/card_def.rs;tricerules/tricerules-cards/src/primitives/abilities.rs;tricerules/tricerules-cards/src/primitives/effects.rs;tricerules/tricerules-cards/src/primitives/targeting.rs","https://scryfall.com/card/otj/218/make-your-own-luck?utm_source=api","https://api.scryfall.com/cards/0557b0a3-2b48-408f-a508-9f4da2ab1cd1/rulings"
"286","OTJ-uncommon","16","22dc21848585b317be08d01f0938c7eab9a6d7197d46791da70f60aa2365e396","9f4d0133-0ecc-4498-8a47-4906321faae2","623053a8-7abe-45ec-9f26-97e1c037120b","Emergent Haunting","{1}{U}","Enchantment","At the beginning of your end step, if you haven't cast a spell from your hand this turn and this enchantment isn't a creature, it becomes a 3/3 Spirit creature with flying in addition to its other types.
{2}{U}: Surveil 1. (Look at the top card of your library. You may put it into your graveyard.)","Surveil","normal","","","[]","partial_now","capability_gap","SharedPrimitiveOrMechanic","spell_history","animation;object_condition","Surveil activation works; cast-from-hand history, noncreature check and indefinite animation missing.","tricerules/tricerules-cards/src/card_def.rs;tricerules/tricerules-cards/src/primitives/abilities.rs;tricerules/tricerules-cards/src/primitives/effects.rs;tricerules/tricerules-cards/src/primitives/targeting.rs;tricerules/tricerules-core/src/engine/casting.rs;tricerules/tricerules-core/src/engine/history.rs","https://scryfall.com/card/otj/46/emergent-haunting?utm_source=api","https://api.scryfall.com/cards/623053a8-7abe-45ec-9f26-97e1c037120b/rulings"
"287","OTJ-uncommon","17","29031bdff1cecdf95ff45e675398b8598f1cbba92aa7a43f8389000bc917cc3d","86dc3a41-4fb9-4b1f-8279-2b5edbc7e170","1c4c26b9-981f-47cf-b0f4-769e788d9537","Binding Negotiation","{1}{B}","Sorcery","Target opponent reveals their hand. You may choose a nonland card from it. If you do, they discard it. Otherwise, you may put a face-up exiled card they own into their graveyard.","","normal","","","[]","partial_now","capability_gap","SharedPrimitiveOrMechanic","result_continuation","public_exile_move","Optional public-hand discard works; choice-result branch and owner-selected exile-to-graveyard missing.","tricerules/tricerules-cards/src/card_def.rs;tricerules/tricerules-cards/src/primitives/abilities.rs;tricerules/tricerules-cards/src/primitives/effects.rs;tricerules/tricerules-cards/src/primitives/targeting.rs","https://scryfall.com/card/otj/78/binding-negotiation?utm_source=api","https://api.scryfall.com/cards/1c4c26b9-981f-47cf-b0f4-769e788d9537/rulings"
"288","OTJ-uncommon","18","2b7e8589011b7a86f15ac3a3334324b3fbeeffe49a67839a17479791cc27c171","c0535854-e4e7-43e4-bc5c-7cc95fb17929","c2245f36-2138-4f01-9b70-151137a5ac59","Shepherd of the Clouds","{4}{W}","Creature — Pegasus","Flying, vigilance
When this creature enters, return target permanent card with mana value 3 or less from your graveyard to your hand. Return that card to the battlefield instead if you control a Mount.","Flying; Vigilance","normal","4","3","[]","partial_now","capability_gap","SharedPrimitiveOrMechanic","target_predicate","result_continuation","Flying/vigilance work; graveyard MV bound and conditional destination missing.","tricerules/tricerules-cards/src/primitives/effects.rs;tricerules/tricerules-cards/src/primitives/targeting.rs;tricerules/tricerules-core/src/engine/legal_actions.rs;tricerules/tricerules-core/src/engine/targeting.rs","https://scryfall.com/card/otj/28/shepherd-of-the-clouds?utm_source=api","https://api.scryfall.com/cards/c2245f36-2138-4f01-9b70-151137a5ac59/rulings"
"289","OTJ-uncommon","19","36f20941f9c8c6435ff308986b1f904d1310e4c562b000c6d7737be90d855740","70bea459-f6e9-411a-bd33-339bf95ea47a","34071884-c5b6-42c0-9eb3-9f32910c29d8","Marauding Sphinx","{3}{U}{U}","Creature — Sphinx Rogue","Flying, vigilance, ward {2}
Whenever you commit a crime, surveil 2. This ability triggers only once each turn. (Targeting opponents, anything they control, and/or cards in their graveyards is a crime.)","Flying; Surveil; Vigilance; Ward","normal","3","5","[]","partial_now","capability_gap","SharedPrimitiveOrMechanic","crime","trigger_budget","Flying/vigilance/ward work; crime observer and turn cap missing.","tricerules/tricerules-cards/src/primitives/abilities.rs;tricerules/tricerules-core/src/engine/casting.rs;tricerules/tricerules-core/src/engine/history.rs;tricerules/tricerules-core/src/engine/targeting.rs;tricerules/tricerules-core/src/engine/triggers.rs;tricerules/tricerules-core/src/state.rs","https://scryfall.com/card/otj/56/marauding-sphinx?utm_source=api","https://api.scryfall.com/cards/34071884-c5b6-42c0-9eb3-9f32910c29d8/rulings"
"290","OTJ-uncommon","20","381b6e29faf053efde39761983f1f2aa5c2af38617adbbcf4cfd2a130a2ce44c","b00f316d-7c82-40e6-80e5-9f36434590a3","8925279f-c16a-43b4-b791-ce450157275b","Bounding Felidar","{5}{W}","Creature — Cat Beast Mount","Whenever this creature attacks while saddled, put a +1/+1 counter on each other creature you control. You gain 1 life for each of those creatures.
Saddle 2 (Tap any number of other creatures you control with total power 2 or more: This Mount becomes saddled until end of turn. Saddle only as a sorcery.)","Saddle","normal","4","7","[]","blocked","capability_gap","SharedPrimitiveOrMechanic","saddle","counter_cohort","Saddle and other-creature counter cohort missing; life count itself is supported.","tricerules/tricerules-cards/src/card_def.rs;tricerules/tricerules-cards/src/primitives/abilities.rs;tricerules/tricerules-cards/src/primitives/effects.rs;tricerules/tricerules-cards/src/primitives/targeting.rs","https://scryfall.com/card/otj/5/bounding-felidar?utm_source=api","https://api.scryfall.com/cards/8925279f-c16a-43b4-b791-ce450157275b/rulings"
"291","OTJ-uncommon","21","3b35d6a216e8d0f90c8eee001695f97775b568d219f0c32c0cd4985d2968e4ad","7402d98f-6d58-4ff2-a0db-9eec4417a75f","26c36742-456f-4618-99bc-793ef20b31b0","Bovine Intervention","{1}{W}","Instant","Destroy target artifact or creature. Its controller creates a 2/2 white Ox creature token.","","normal","","","[]","full_now","composable_ron","Data","","","Artifact/creature destruction then ControllerOfTargetGroup fixed Ox token.","tricerules/tricerules-cards/src/card_def.rs;tricerules/tricerules-cards/src/primitives/abilities.rs;tricerules/tricerules-cards/src/primitives/effects.rs;tricerules/tricerules-cards/src/primitives/targeting.rs","https://scryfall.com/card/otj/6/bovine-intervention?utm_source=api","https://api.scryfall.com/cards/26c36742-456f-4618-99bc-793ef20b31b0/rulings"
"292","OTJ-uncommon","22","44dc05423229357013ab7e6f6f6d78e8bdbcd04b61a0821b2c5a611b244d3980","855a2579-8f78-46ce-a3a8-eddc808bd7b4","c9458f0f-5593-4ac9-934c-e215ef8093a7","Outcaster Greenblade","{2}{G}","Creature — Human Mercenary","When this creature enters, search your library for a basic land card or a Desert card, reveal it, put it into your hand, then shuffle.
This creature gets +1/+1 for each Desert you control.","","normal","1","2","[]","partial_now","capability_gap","SharedPrimitiveOrMechanic","quantity","","Basic-land/Desert search works; continuous Desert-count self pump missing.","tricerules/tricerules-cards/src/primitives/abilities.rs;tricerules/tricerules-cards/src/primitives/effects.rs;tricerules/tricerules-core/src/engine/history.rs","https://scryfall.com/card/otj/172/outcaster-greenblade?utm_source=api","https://api.scryfall.com/cards/c9458f0f-5593-4ac9-934c-e215ef8093a7/rulings"
"293","OTJ-uncommon","23","4551a31e90855842776768f02ed45cea038db60b79b09f7685a71872dae9eb18","c68c2a98-9a6d-4199-af3a-78eb92beda48","cc598338-eeba-4815-a0a6-ff2dc09790d2","Luxurious Locomotive","{5}","Artifact — Vehicle","Whenever this Vehicle attacks, create a Treasure token for each creature that crewed it this turn. (They're artifacts with ""{T}, Sacrifice this token: Add one mana of any color."")
Crew 1. Activate only once each turn. (Tap any number of creatures you control with total power 1 or more: This Vehicle becomes an artifact creature until end of turn.)","Treasure; Crew","normal","6","5","[]","blocked","capability_gap","SharedPrimitiveOrMechanic","crew","","Crew action and contributor history missing.","tricerules/tricerules-cards/src/card_def.rs;tricerules/tricerules-cards/src/primitives/abilities.rs;tricerules/tricerules-cards/src/primitives/effects.rs;tricerules/tricerules-cards/src/primitives/targeting.rs","https://scryfall.com/card/otj/244/luxurious-locomotive?utm_source=api","https://api.scryfall.com/cards/cc598338-eeba-4815-a0a6-ff2dc09790d2/rulings"
"294","OTJ-uncommon","24","45bcfdf9f222c15b33c2e9eb5542488713107a450a20bb94bc6aa33d7db45bd9","0b23d9aa-d4ed-4ccf-8810-4a4d11d6fb9c","0c35a0d3-12f7-46f3-a6b3-02a490d45ca0","Lively Dirge","{1}{B}","Sorcery","Spree (Choose one or more additional costs.)
+ {1} — Search your library for a card, put it into your graveyard, then shuffle.
+ {2} — Return up to two creature cards with total mana value 4 or less from your graveyard to the battlefield.","Spree","normal","","","[]","blocked","capability_gap","SharedPrimitiveOrMechanic","spree","library_algorithm;graveyard_budget","Spree, graveyard search destination and total-MV reanimation budget missing.","tricerules/tricerules-cards/src/card_def.rs;tricerules/tricerules-cards/src/primitives/abilities.rs;tricerules/tricerules-cards/src/primitives/effects.rs;tricerules/tricerules-cards/src/primitives/targeting.rs","https://scryfall.com/card/otj/93/lively-dirge?utm_source=api","https://api.scryfall.com/cards/0c35a0d3-12f7-46f3-a6b3-02a490d45ca0/rulings"
"295","OTJ-uncommon","25","4d18ad89c316141ef0d9621b99ab594303aa5a9cb327fa366517fbbc9c714917","3ca32660-bf5f-4398-bef6-a0ec8bc767cf","6fc27b30-8c8e-434c-a72c-e1d409efc1ae","Doc Aurlock, Grizzled Genius","{G}{U}","Legendary Creature — Bear Druid","Spells you cast from your graveyard or from exile cost {2} less to cast.
Plotting cards from your hand costs {2} less.","","normal","2","3","[]","blocked","capability_gap","SharedPrimitiveOrMechanic","spell_origin_reduction","plot","Origin-zone cost reduction and Plot reduction missing.","tricerules/tricerules-cards/src/card_def.rs;tricerules/tricerules-cards/src/primitives/abilities.rs;tricerules/tricerules-cards/src/primitives/effects.rs;tricerules/tricerules-cards/src/primitives/targeting.rs","https://scryfall.com/card/otj/201/doc-aurlock-grizzled-genius?utm_source=api","https://api.scryfall.com/cards/6fc27b30-8c8e-434c-a72c-e1d409efc1ae/rulings"
"296","OTJ-uncommon","26","518762852f36af6d3ff11e9e63294da077bab63dbbe0b8d0ba82ea07e1e1fd2c","5538d4cf-98eb-4e20-a9c1-42c7cdcad194","9a88e233-f09c-49e7-b1e3-386fba851fdf","Rattleback Apothecary","{2}{B}","Creature — Gorgon Warlock","Deathtouch
Whenever you commit a crime, target creature you control gains your choice of menace or lifelink until end of turn. (Targeting opponents, anything they control, and/or cards in their graveyards is a crime.)","Deathtouch","normal","3","2","[]","partial_now","capability_gap","SharedPrimitiveOrMechanic","crime","","Deathtouch and keyword choice effects work; crime observer missing.","tricerules/tricerules-core/src/engine/casting.rs;tricerules/tricerules-core/src/engine/history.rs;tricerules/tricerules-core/src/engine/targeting.rs;tricerules/tricerules-core/src/engine/triggers.rs","https://scryfall.com/card/otj/100/rattleback-apothecary?utm_source=api","https://api.scryfall.com/cards/9a88e233-f09c-49e7-b1e3-386fba851fdf/rulings"
"297","OTJ-uncommon","27","533d57d45fbeb3cac778f2c2baa005e3a502ca85c6d7a00232a987a8027da31e","4b100e6f-6c19-49d2-b9c4-613d63d42151","19d1e75f-0fee-4e07-9420-df771b696e85","Rambling Possum","{2}{G}","Creature — Possum Mount","Whenever this creature attacks while saddled, it gets +1/+2 until end of turn. Then you may return any number of creatures that saddled it this turn to their owner's hand.
Saddle 1 (Tap any number of other creatures you control with total power 1 or more: This Mount becomes saddled until end of turn. Saddle only as a sorcery.)","Saddle","normal","3","3","[]","blocked","capability_gap","SharedPrimitiveOrMechanic","saddle","result_continuation","Saddle action and generation-bound contributor return choice missing.","tricerules/tricerules-cards/src/card_def.rs;tricerules/tricerules-cards/src/primitives/abilities.rs;tricerules/tricerules-cards/src/primitives/effects.rs;tricerules/tricerules-cards/src/primitives/targeting.rs","https://scryfall.com/card/otj/176/rambling-possum?utm_source=api","https://api.scryfall.com/cards/19d1e75f-0fee-4e07-9420-df771b696e85/rulings"
"298","OTJ-uncommon","28","541934ccecdfdb3928be31f2efe01da8b0c02a8b083daee46644609bdc38712b","9fda1239-97ca-41f0-8bfa-040484769396","ba9584f0-55b8-448d-99a7-041934053f42","Outlaw Stitcher","{3}{U}","Creature — Human Warlock","When this creature enters, create a 2/2 blue and black Zombie Rogue creature token, then put two +1/+1 counters on that token for each spell you've cast this turn other than the first.
Plot {4}{U} (You may pay {4}{U} and exile this card from your hand. Cast it as a sorcery on a later turn without paying its mana cost. Plot only as a sorcery.)","Plot","normal","1","4","[]","partial_now","capability_gap","SharedPrimitiveOrMechanic","plot","spell_history;result_continuation;dynamic_counters","Fixed Zombie ETB works; Plot and spell-count counters on new token missing.","tricerules/tricerules-cards/src/card_def.rs;tricerules/tricerules-cards/src/primitives/abilities.rs;tricerules/tricerules-cards/src/primitives/effects.rs;tricerules/tricerules-cards/src/primitives/targeting.rs;tricerules/tricerules-core/src/engine/casting.rs;tricerules/tricerules-core/src/engine/history.rs","https://scryfall.com/card/otj/59/outlaw-stitcher?utm_source=api","https://api.scryfall.com/cards/ba9584f0-55b8-448d-99a7-041934053f42/rulings"
"299","OTJ-uncommon","29","555f58495f3ae4b3c718f0eb306cf760967dd1f55f585ce772f12dc6b9b25b3f","d37e0127-6f68-438e-8b9e-a71bb3c34733","1679f74d-00f8-436c-9f8c-aa3f843a546c","Forsaken Miner","{B}","Creature — Skeleton Rogue","This creature can't block.
Whenever you commit a crime, you may pay {B}. If you do, return this card from your graveyard to the battlefield. (Targeting opponents, anything they control, and/or cards in their graveyards is a crime.)","","normal","2","2","[]","blocked","capability_gap","SharedPrimitiveOrMechanic","crime","graveyard_trigger_source","Cannot-block body alone not useful; graveyard-active crime return trigger missing.","tricerules/tricerules-cards/src/card_def.rs;tricerules/tricerules-cards/src/primitives/abilities.rs;tricerules/tricerules-cards/src/primitives/effects.rs;tricerules/tricerules-cards/src/primitives/targeting.rs;tricerules/tricerules-core/src/engine/casting.rs;tricerules/tricerules-core/src/engine/history.rs;tricerules/tricerules-core/src/engine/targeting.rs;tricerules/tricerules-core/src/engine/triggers.rs","https://scryfall.com/card/otj/88/forsaken-miner?utm_source=api","https://api.scryfall.com/cards/1679f74d-00f8-436c-9f8c-aa3f843a546c/rulings"
"300","OTJ-uncommon","30","57b2de8fa8bdcb228c3831c0759384c57806c3e947d7392f50509f6198151fee","19a32e29-45ec-433e-9cb4-b2c32cac8f80","073b9ae8-8ac3-4824-aec4-84a80531aa23","Beastbond Outcaster","{2}{G}","Creature — Human Druid","When this creature enters, if you control a creature with power 4 or greater, draw a card.
Plot {1}{G} (You may pay {1}{G} and exile this card from your hand. Cast it as a sorcery on a later turn without paying its mana cost. Plot only as a sorcery.)","Plot","normal","3","3","[]","partial_now","capability_gap","SharedPrimitiveOrMechanic","plot","","Power-threshold ETB draw works; Plot missing.","tricerules/tricerules-cards/src/card_def.rs;tricerules/tricerules-cards/src/primitives/abilities.rs;tricerules/tricerules-cards/src/primitives/effects.rs;tricerules/tricerules-cards/src/primitives/targeting.rs","https://scryfall.com/card/otj/154/beastbond-outcaster?utm_source=api","https://api.scryfall.com/cards/073b9ae8-8ac3-4824-aec4-84a80531aa23/rulings"
"301","BLB-common","1","003f4e2e1cadd988350ca9f8ba957e4bc0c5a4f82194ab07df2a7513a4fd0094","7b89b7d2-c724-4d5d-9f0b-7d3302ad1168","7dd9946b-515e-4e0d-9da2-711e126e9fa6","Agate Assault","{2}{R}","Sorcery","Choose one —
• Agate Assault deals 4 damage to target creature. If that creature would die this turn, exile it instead.
• Exile target artifact.","","normal","","","[]","partial_now","capability_gap","SharedPrimitiveOrMechanic","permanent_exile","","Damage/death-exile-replacement mode works; standalone ExileTarget is creature-only, not artifact-filtered.","tricerules/tricerules-cards/src/card_def.rs;tricerules/tricerules-cards/src/primitives/abilities.rs;tricerules/tricerules-cards/src/primitives/effects.rs;tricerules/tricerules-cards/src/primitives/targeting.rs","https://scryfall.com/card/blb/122/agate-assault?utm_source=api","https://api.scryfall.com/cards/7dd9946b-515e-4e0d-9da2-711e126e9fa6/rulings"
"302","BLB-common","2","02b12be6b63eb0c8f8ad1d4fdb745ff09a1055e2e0f284cedc8d19816d94139c","5ded56df-c7d5-4043-85df-410f47219faa","c911a759-ed7b-452b-88a3-663478357610","Corpseberry Cultivator","{1}{B/G}{B/G}","Creature — Squirrel Warlock","At the beginning of combat on your turn, you may forage. (Exile three cards from your graveyard or sacrifice a Food.)
Whenever you forage, put a +1/+1 counter on this creature.","Forage","normal","2","3","[]","blocked","capability_gap","SharedPrimitiveOrMechanic","forage","","Alternative graveyard/Food cost and completed Forage observer missing.","tricerules/tricerules-cards/src/card_def.rs;tricerules/tricerules-cards/src/primitives/abilities.rs;tricerules/tricerules-cards/src/primitives/effects.rs;tricerules/tricerules-cards/src/primitives/targeting.rs","https://scryfall.com/card/blb/210/corpseberry-cultivator?utm_source=api","https://api.scryfall.com/cards/c911a759-ed7b-452b-88a3-663478357610/rulings"
"303","BLB-common","3","02cc60ec0a90ed0135fba05dcfa94842b6374937dec7016dbb6df1e2b7326071","91ddd2bd-2dec-4670-8edb-e89c009b2187","13cb9575-1138-4f99-8e90-0eaf00bdf4a1","Pearl of Wisdom","{2}{U}","Sorcery","This spell costs {1} less to cast if you control an Otter.
Draw two cards.","","normal","","","[]","full_now","composable_ron","Data","","","Otter count conditional generic reduction and Draw two.","tricerules/tricerules-cards/src/card_def.rs;tricerules/tricerules-cards/src/primitives/abilities.rs;tricerules/tricerules-cards/src/primitives/effects.rs;tricerules/tricerules-cards/src/primitives/targeting.rs","https://scryfall.com/card/blb/64/pearl-of-wisdom?utm_source=api","https://api.scryfall.com/cards/13cb9575-1138-4f99-8e90-0eaf00bdf4a1/rulings"
"304","BLB-common","4","040285da77ef1246d41a8666168a0529e05cad7612e24a94c92991ef9a46d1f5","a50db36c-948b-4132-a5e5-84aab1f42612","d6844bad-ffbe-4c6e-b438-08562eccea52","Skyskipper Duo","{4}{U}","Creature — Bird Frog","Flying
When this creature enters, exile up to one other target creature you control. Return it to the battlefield under its owner's control at the beginning of the next end step.","Flying","normal","3","3","[]","partial_now","capability_gap","SharedPrimitiveOrMechanic","blink","","Flying works; delayed exact-card exile return missing.","tricerules/tricerules-cards/src/card_def.rs;tricerules/tricerules-cards/src/primitives/abilities.rs;tricerules/tricerules-cards/src/primitives/effects.rs;tricerules/tricerules-cards/src/primitives/targeting.rs","https://scryfall.com/card/blb/71/skyskipper-duo?utm_source=api","https://api.scryfall.com/cards/d6844bad-ffbe-4c6e-b438-08562eccea52/rulings"
"305","BLB-common","5","047b4b17e8d8366a620ad79e5c003313e3a9eed7cc13ffdfced0bb115406bb3a","ce36a450-68a6-4519-a9f0-0e3b772054eb","d3871fe6-e26e-4ab4-bd81-7e3c7b8135c1","Alania's Pathmaker","{3}{R}","Creature — Otter Wizard","When this creature enters, exile the top card of your library. Until the end of your next turn, you may play that card.","","normal","4","2","[]","full_now","composable_ron","Data","","","ETB ExileTopWithPlayPermission with through-next-turn duration.","tricerules/tricerules-cards/src/card_def.rs;tricerules/tricerules-cards/src/primitives/abilities.rs;tricerules/tricerules-cards/src/primitives/effects.rs;tricerules/tricerules-cards/src/primitives/targeting.rs","https://scryfall.com/card/blb/123/alanias-pathmaker?utm_source=api","https://api.scryfall.com/cards/d3871fe6-e26e-4ab4-bd81-7e3c7b8135c1/rulings"
"306","BLB-common","6","0711ebe0cea55523f9ff36a1781f693856477053b5dca0ba43158f2009801567","76c2e0b4-d4fa-4e98-b363-0a76eb481304","1c671eab-d1ef-4d79-94eb-8b85f0d18699","Finch Formation","{2}{U}","Creature — Bird Scout","Offspring {3} (You may pay an additional {3} as you cast this spell. If you do, when this creature enters, create a 1/1 token copy of it.)
Flying
When this creature enters, target creature you control gains flying until end of turn.","Flying; Offspring","normal","2","2","[]","partial_now","capability_gap","SharedPrimitiveOrMechanic","token_copy","offspring","Flying/ETB grant works; Offspring requires copy token with P/T exception and payment-linked ETB.","tricerules/tricerules-cards/src/card_def.rs;tricerules/tricerules-cards/src/primitives/abilities.rs;tricerules/tricerules-cards/src/primitives/effects.rs;tricerules/tricerules-cards/src/primitives/targeting.rs","https://scryfall.com/card/blb/50/finch-formation?utm_source=api","https://api.scryfall.com/cards/1c671eab-d1ef-4d79-94eb-8b85f0d18699/rulings"
"307","BLB-common","7","07486db74b1462317b9713722aa9ba8ad65d6880c1996ecc43e8840224408461","43ccc568-2509-49b6-99d7-c56900d1565a","cea2bb34-e328-44fb-918a-72208c9457e4","Daggerfang Duo","{2}{B}","Creature — Rat Squirrel","Deathtouch
When this creature enters, you may mill two cards. (You may put the top two cards of your library into your graveyard.)","Mill; Deathtouch","normal","3","2","[]","full_now","composable_ron","Data","","","Deathtouch plus optional mill ETB.","tricerules/tricerules-cards/src/card_def.rs;tricerules/tricerules-cards/src/primitives/abilities.rs;tricerules/tricerules-cards/src/primitives/effects.rs;tricerules/tricerules-cards/src/primitives/targeting.rs","https://scryfall.com/card/blb/89/daggerfang-duo?utm_source=api","https://api.scryfall.com/cards/cea2bb34-e328-44fb-918a-72208c9457e4/rulings"
"308","BLB-common","8","0d3718b81ce70d24c54679d1525370415913bd9d12e04fe13e5f343090511c8e","5fe3aabd-3271-41bf-ae50-f6efaba7c4ae","eb03bb4f-8b4b-417e-bfc6-294cd2186b2e","Carrot Cake","{1}{W}","Artifact — Food","When this artifact enters and when you sacrifice it, create a 1/1 white Rabbit creature token and scry 1. (Look at the top card of your library. You may put that card on the bottom.)
{2}, {T}, Sacrifice this artifact: You gain 3 life.","Scry","normal","","","[]","partial_now","capability_gap","SharedPrimitiveOrMechanic","zone_observer","","ETB Rabbit/Scry and Food activation work; sacrifice-self-specific observer missing.","tricerules/tricerules-cards/src/primitives/abilities.rs;tricerules/tricerules-cards/src/primitives/effects.rs;tricerules/tricerules-core/src/engine/mod.rs;tricerules/tricerules-core/src/engine/triggers.rs","https://scryfall.com/card/blb/7/carrot-cake?utm_source=api","https://api.scryfall.com/cards/eb03bb4f-8b4b-417e-bfc6-294cd2186b2e/rulings"
"309","BLB-common","9","0dfc5b6a729010249ef6edd15ac19769b3cbfb2739731e646febe0ec787ce90a","a7b12df9-fddd-4cd4-8c09-d54a47867ab6","fada29c0-5293-40a4-b36d-d073ee99e650","Diresight","{2}{B}","Sorcery","Surveil 2, then draw two cards. You lose 2 life. (To surveil 2, look at the top two cards of your library, then put any number of them into your graveyard and the rest on top of your library in any order.)","Surveil","normal","","","[]","full_now","composable_ron","Data","","","Surveil followed by draw/life loss.","tricerules/tricerules-cards/src/card_def.rs;tricerules/tricerules-cards/src/primitives/abilities.rs;tricerules/tricerules-cards/src/primitives/effects.rs;tricerules/tricerules-cards/src/primitives/targeting.rs","https://scryfall.com/card/blb/91/diresight?utm_source=api","https://api.scryfall.com/cards/fada29c0-5293-40a4-b36d-d073ee99e650/rulings"
"310","BLB-common","10","1c0fce303b219e7475aee01af4cc6f462189ff77b818ced95243de753a9e0049","5e11386f-4667-47f7-b280-eabd927e4a46","35898b39-98e2-405b-8f18-0e054bd2c29e","Waterspout Warden","{2}{U}","Creature — Frog Soldier","Whenever this creature attacks, if another creature entered the battlefield under your control this turn, this creature gains flying until end of turn.","","normal","3","2","[]","full_now","composable_ron","Data","","","Attack intervening condition on another creature entry this turn.","tricerules/tricerules-cards/src/card_def.rs;tricerules/tricerules-cards/src/primitives/abilities.rs;tricerules/tricerules-cards/src/primitives/effects.rs;tricerules/tricerules-cards/src/primitives/targeting.rs","https://scryfall.com/card/blb/80/waterspout-warden?utm_source=api","https://api.scryfall.com/cards/35898b39-98e2-405b-8f18-0e054bd2c29e/rulings"
"311","BLB-common","11","244699a5f5427646a1d44227f49f5629c9d064099bd745f30ada848f0556e249","93596258-bb44-4aa3-833d-9a0ab16b5ec1","3c7b3b25-d4b3-4451-9f5c-6eb369541175","Crumb and Get It","{W}","Instant","Gift a Food (You may promise an opponent a gift as you cast this spell. If you do, they create a Food token before its other effects. It's an artifact with ""{2}, {T}, Sacrifice this token: You gain 3 life."")
Target creature you control gets +2/+2 until end of turn. If the gift was promised, that creature also gains indestructible until end of turn.","Gift; Food","normal","","","[]","partial_now","capability_gap","SharedPrimitiveOrMechanic","gift","","Friendly pump works; opponent Gift promise and receipt-linked indestructible missing.","tricerules/tricerules-cards/src/card_def.rs;tricerules/tricerules-cards/src/primitives/abilities.rs;tricerules/tricerules-cards/src/primitives/effects.rs;tricerules/tricerules-cards/src/primitives/targeting.rs","https://scryfall.com/card/blb/8/crumb-and-get-it?utm_source=api","https://api.scryfall.com/cards/3c7b3b25-d4b3-4451-9f5c-6eb369541175/rulings"
"312","BLB-common","12","27192e90359122eebf52d38177d16f1152ead4fec727e667bee207f1689ee0d5","7a70faf5-cc04-402b-92e3-67746788f510","7740abc5-54e1-478d-966e-0fa64e727995","Sunshower Druid","{G}","Creature — Frog Druid","When this creature enters, put a +1/+1 counter on target creature and you gain 1 life.","","normal","0","2","[]","full_now","composable_ron","Data","","","ETB targeted counter and controller life gain.","tricerules/tricerules-cards/src/card_def.rs;tricerules/tricerules-cards/src/primitives/abilities.rs;tricerules/tricerules-cards/src/primitives/effects.rs;tricerules/tricerules-cards/src/primitives/targeting.rs","https://scryfall.com/card/blb/195/sunshower-druid?utm_source=api","https://api.scryfall.com/cards/7740abc5-54e1-478d-966e-0fa64e727995/rulings"
"313","BLB-common","13","28b2d70fc11e147468458a9d592c52fbabc3a6d3ecfd272ce6413d36053e700d","c9d8c983-2845-42e6-b6b8-bf7cf2729b23","4dc3b49e-3674-494c-bdea-4374cefd10f4","Shore Up","{U}","Instant","Target creature you control gets +1/+1 and gains hexproof until end of turn. Untap it. (It can't be the target of spells or abilities your opponents control.)","","normal","","","[]","full_now","composable_ron","Data","","","Friendly pump, hexproof and untap.","tricerules/tricerules-cards/src/card_def.rs;tricerules/tricerules-cards/src/primitives/abilities.rs;tricerules/tricerules-cards/src/primitives/effects.rs;tricerules/tricerules-cards/src/primitives/targeting.rs","https://scryfall.com/card/blb/69/shore-up?utm_source=api","https://api.scryfall.com/cards/4dc3b49e-3674-494c-bdea-4374cefd10f4/rulings"
"314","BLB-common","14","2af7749f93a01b77b622c1f7e81e1c2ecb215c08305ff11039384491f096d5d2","980cd7d5-a511-49ab-bc52-08b71c65db76","a839fba3-1b66-4dd1-bf43-9b015b44fc81","Kindlespark Duo","{2}{R}","Creature — Lizard Otter","{T}: This creature deals 1 damage to target opponent.
Whenever you cast a noncreature spell, untap this creature.","","normal","1","3","[]","full_now","composable_ron","Data","","","Tap opponent damage and noncreature cast untap trigger.","tricerules/tricerules-cards/src/card_def.rs;tricerules/tricerules-cards/src/primitives/abilities.rs;tricerules/tricerules-cards/src/primitives/effects.rs;tricerules/tricerules-cards/src/primitives/targeting.rs","https://scryfall.com/card/blb/142/kindlespark-duo?utm_source=api","https://api.scryfall.com/cards/a839fba3-1b66-4dd1-bf43-9b015b44fc81/rulings"
"315","BLB-common","15","2d40b68ac4c9fb0831e40854cac3bbe995bb86156453707b3254f564f9252c39","d23c3613-bc5e-4fc5-939c-62a090c53a79","68b90f54-d629-4126-82cc-13b51d6c1c3e","Uncharted Haven","","Land","This land enters tapped. As it enters, choose a color.
{T}: Add one mana of the chosen color.","","normal","","","[]","blocked","capability_gap","SharedPrimitiveOrMechanic","chosen_color","","Persistent entry color choice missing; arbitrary replacement color would not be faithful.","tricerules/tricerules-cards/src/card_def.rs;tricerules/tricerules-cards/src/primitives/abilities.rs;tricerules/tricerules-cards/src/primitives/effects.rs;tricerules/tricerules-cards/src/primitives/targeting.rs","https://scryfall.com/card/blb/261/uncharted-haven?utm_source=api","https://api.scryfall.com/cards/68b90f54-d629-4126-82cc-13b51d6c1c3e/rulings"
"316","BLB-common","16","2d8138db3c99f159f042a65cee5b1af438d3b853498e82c997e71d649082de20","4c2e84dc-b4f5-4eca-af07-1c53a1caae7c","874510be-7ecd-4eff-abad-b9594eb4821a","Ravine Raider","{B}","Creature — Lizard Rogue","Menace (This creature can't be blocked except by two or more creatures.)
{1}{B}: This creature gets +1/+1 until end of turn.","Menace","normal","1","1","[]","full_now","composable_ron","Data","","","Menace plus fixed source pump activation.","tricerules/tricerules-cards/src/card_def.rs;tricerules/tricerules-cards/src/primitives/abilities.rs;tricerules/tricerules-cards/src/primitives/effects.rs;tricerules/tricerules-cards/src/primitives/targeting.rs","https://scryfall.com/card/blb/106/ravine-raider?utm_source=api","https://api.scryfall.com/cards/874510be-7ecd-4eff-abad-b9594eb4821a/rulings"
"317","BLB-common","17","3006be9a759b7a2988caacb81ecb400a5a74f3599a0f80f36c185c5b1729c264","ed7f64d1-69ba-40f5-9863-3edba10e23c7","742c0409-9abd-4559-b52e-932cc90c531a","Nocturnal Hunger","{2}{B}","Instant","Gift a Food (You may promise an opponent a gift as you cast this spell. If you do, they create a Food token before its other effects. It's an artifact with ""{2}, {T}, Sacrifice this token: You gain 3 life."")
Destroy target creature. If the gift wasn't promised, you lose 2 life.","Gift; Food","normal","","","[]","partial_now","capability_gap","SharedPrimitiveOrMechanic","gift","","Destroy and ordinary life loss work; Gift option/recipient/receipt missing.","tricerules/tricerules-cards/src/card_def.rs;tricerules/tricerules-cards/src/primitives/abilities.rs;tricerules/tricerules-cards/src/primitives/effects.rs;tricerules/tricerules-cards/src/primitives/targeting.rs","https://scryfall.com/card/blb/102/nocturnal-hunger?utm_source=api","https://api.scryfall.com/cards/742c0409-9abd-4559-b52e-932cc90c531a/rulings"
"318","BLB-common","18","3778653ea3685f52d67f1ad4476638edb688bee8806c8bd180ee6cce2848ba00","33f4fcd5-4eea-4146-a564-da5511a8ee0a","44b0d83b-cc41-4f82-892c-ef6d3293228a","Thought Shucker","{1}{U}","Creature — Rat Rogue","Threshold — {1}{U}: Put a +1/+1 counter on this creature and draw a card. Activate only if there are seven or more cards in your graveyard and only once.","Threshold","normal","1","3","[]","full_now","composable_ron","Data","","","Graveyard count activation condition, PerObject limit, source counter and draw.","tricerules/tricerules-cards/src/card_def.rs;tricerules/tricerules-cards/src/primitives/abilities.rs;tricerules/tricerules-cards/src/primitives/effects.rs;tricerules/tricerules-cards/src/primitives/targeting.rs","https://scryfall.com/card/blb/77/thought-shucker?utm_source=api","https://api.scryfall.com/cards/44b0d83b-cc41-4f82-892c-ef6d3293228a/rulings"
"319","BLB-common","19","39200c9b1b516c327d9a9951eadf1b37cfc3e722219c0a4647780312826e2194","99007c40-1eb5-4c3a-9889-6d12417d8191","0928e04f-2568-41e8-b603-7a25cf5f94d0","Nightwhorl Hermit","{2}{U}","Creature — Rat Rogue","Vigilance
Threshold — As long as there are seven or more cards in your graveyard, this creature gets +1/+0 and can't be blocked.","Vigilance; Threshold","normal","1","4","[]","partial_now","capability_gap","SharedPrimitiveOrMechanic","combat_predicate","","Vigilance and threshold pump work; conditionally active unblockability missing.","tricerules/tricerules-cards/src/primitives/abilities.rs;tricerules/tricerules-cards/src/primitives/keywords.rs;tricerules/tricerules-core/src/engine/combat.rs;tricerules/tricerules-core/src/engine/legal_actions.rs","https://scryfall.com/card/blb/62/nightwhorl-hermit?utm_source=api","https://api.scryfall.com/cards/0928e04f-2568-41e8-b603-7a25cf5f94d0/rulings"
"320","BLB-common","20","3c2024bc2c9db78eb0a3d0c1adb1b3f5424abebccec2331c7ae3ade34fe3a5c7","19b5c94b-b4fa-41a9-b649-51c4e6f03602","509bf254-8a2b-4dfa-9ae5-386321b35e8b","Might of the Meek","{R}","Instant","Target creature gains trample until end of turn. It also gets +1/+0 until end of turn if you control a Mouse.
Draw a card.","","normal","","","[]","full_now","composable_ron","Data","","","Trample plus controller Mouse condition for pump and Draw.","tricerules/tricerules-cards/src/card_def.rs;tricerules/tricerules-cards/src/primitives/abilities.rs;tricerules/tricerules-cards/src/primitives/effects.rs;tricerules/tricerules-cards/src/primitives/targeting.rs","https://scryfall.com/card/blb/144/might-of-the-meek?utm_source=api","https://api.scryfall.com/cards/509bf254-8a2b-4dfa-9ae5-386321b35e8b/rulings"
"321","BLB-common","21","3dd4f294007520be586491bbb7f3fef161a5bb69a132d844ca5adc46f6fab83e","9740ce6d-ef6b-4d70-839a-8bd5e0e1e0a1","6b485cf7-bad0-4824-9ba7-cb112ce4769f","Druid of the Spade","{2}{G}","Creature — Rabbit Druid","As long as you control a token, this creature gets +2/+0 and has trample.","","normal","2","3","[]","blocked","capability_gap","SharedPrimitiveOrMechanic","target_predicate","","Battlefield condition cannot select any token permanent.","tricerules/tricerules-cards/src/primitives/effects.rs;tricerules/tricerules-cards/src/primitives/targeting.rs;tricerules/tricerules-core/src/engine/legal_actions.rs;tricerules/tricerules-core/src/engine/targeting.rs","https://scryfall.com/card/blb/170/druid-of-the-spade?utm_source=api","https://api.scryfall.com/cards/6b485cf7-bad0-4824-9ba7-cb112ce4769f/rulings"
"322","BLB-common","22","41310e4755065bbbda0a4b3e7bb9cf74d9db20af5cf4a1bb5992cfe72fdcca7d","d8067f42-68c0-42da-a1d6-859953939555","35f2a71f-31e8-4b51-9dd4-51a5336b3b86","Moonrise Cleric","{1}{W/B}{W/B}","Creature — Bat Cleric","Flying
Whenever this creature attacks, you gain 1 life.","Flying","normal","2","3","[]","full_now","composable_ron","Data","","","Flying and attack life gain.","tricerules/tricerules-cards/src/card_def.rs;tricerules/tricerules-cards/src/primitives/abilities.rs;tricerules/tricerules-cards/src/primitives/effects.rs;tricerules/tricerules-cards/src/primitives/targeting.rs","https://scryfall.com/card/blb/226/moonrise-cleric?utm_source=api","https://api.scryfall.com/cards/35f2a71f-31e8-4b51-9dd4-51a5336b3b86/rulings"
"323","BLB-common","23","45548c12a3a33331895610b56cf7b3db722adf5dbe7137d0e47553b2c08190dd","33b6555e-035d-4241-a341-a9b9139ca6f0","42f66c4a-feaa-4ba6-aa56-955b43329a9e","Thornplate Intimidator","{3}{B}","Creature — Rat Rogue","Offspring {3} (You may pay an additional {3} as you cast this spell. If you do, when this creature enters, create a 1/1 token copy of it.)
When this creature enters, target opponent loses 3 life unless they sacrifice a nonland permanent of their choice or discard a card.","Offspring","normal","4","3","[]","blocked","capability_gap","SharedPrimitiveOrMechanic","token_copy","opponent_payment;offspring","Offspring and opponent-selected unless payment missing.","tricerules/tricerules-cards/src/card_def.rs;tricerules/tricerules-cards/src/primitives/abilities.rs;tricerules/tricerules-cards/src/primitives/effects.rs;tricerules/tricerules-cards/src/primitives/targeting.rs","https://scryfall.com/card/blb/117/thornplate-intimidator?utm_source=api","https://api.scryfall.com/cards/42f66c4a-feaa-4ba6-aa56-955b43329a9e/rulings"
"324","BLB-common","24","45bc786c2a2ea9179fdb4f70d3db7ac0020630917f761237d1f3d40bbb17e18c","467d6acb-9a3c-433f-836d-54e0e670b7d0","2fc20157-edd3-484d-8864-925c071c0551","Head of the Homestead","{3}{G/W}{G/W}","Creature — Rabbit Citizen","When this creature enters, create two 1/1 white Rabbit creature tokens.","","normal","3","2","[]","full_now","composable_ron","Data","","","ETB two Rabbit tokens.","tricerules/tricerules-cards/src/card_def.rs;tricerules/tricerules-cards/src/primitives/abilities.rs;tricerules/tricerules-cards/src/primitives/effects.rs;tricerules/tricerules-cards/src/primitives/targeting.rs","https://scryfall.com/card/blb/216/head-of-the-homestead?utm_source=api","https://api.scryfall.com/cards/2fc20157-edd3-484d-8864-925c071c0551/rulings"
"325","BLB-common","25","52ad65d4d01a77393bfcd540ab7885dbae455f1301ae2a43e7f682614e1d193f","ac7d1986-8388-4e4c-973e-d90382b12acf","6d963080-b3ec-467d-82f7-39db6ecd6bbc","Sazacap's Brew","{1}{R}","Instant","Gift a tapped Fish (You may promise an opponent a gift as you cast this spell. If you do, they create a tapped 1/1 blue Fish creature token before its other effects.)
As an additional cost to cast this spell, discard a card.
Target player draws two cards. If the gift was promised, target creature you control gets +2/+0 until end of turn.","Gift","normal","","","[]","partial_now","capability_gap","SharedPrimitiveOrMechanic","gift","","Discard additional cost and targeted Draw work; Gift recipient/conditional extra target missing.","tricerules/tricerules-cards/src/card_def.rs;tricerules/tricerules-cards/src/primitives/abilities.rs;tricerules/tricerules-cards/src/primitives/effects.rs;tricerules/tricerules-cards/src/primitives/targeting.rs","https://scryfall.com/card/blb/151/sazacaps-brew?utm_source=api","https://api.scryfall.com/cards/6d963080-b3ec-467d-82f7-39db6ecd6bbc/rulings"
"326","BLB-common","26","5396def9f577f6eb3ad065be24a8e6ae1ab3af10d0c132365c742f779a18bc49","ea4c5b8f-a5ff-47dd-8e47-5ae7b21926b4","a5c94bc0-a49d-451b-8e8d-64d46b8b8603","Fountainport Bell","{1}","Artifact","When this artifact enters, you may search your library for a basic land card, reveal it, then shuffle and put that card on top.
{1}, Sacrifice this artifact: Draw a card.","","normal","","","[]","full_now","composable_ron","Data","","","Optional basic-land search to top and sacrifice/draw activation.","tricerules/tricerules-cards/src/card_def.rs;tricerules/tricerules-cards/src/primitives/abilities.rs;tricerules/tricerules-cards/src/primitives/effects.rs;tricerules/tricerules-cards/src/primitives/targeting.rs","https://scryfall.com/card/blb/245/fountainport-bell?utm_source=api","https://api.scryfall.com/cards/a5c94bc0-a49d-451b-8e8d-64d46b8b8603/rulings"
"327","BLB-common","27","55b92f9c3d5eb534bdc1f3eef37fa944a2a86a3d13a4af9e60bd56c433dbaa01","0534e20d-8352-4d9f-a617-378070602673","ae442cd6-c4df-4aad-9b1d-ccd936c5ec96","Pileated Provisioner","{4}{W}","Creature — Bird Scout","Flying
When this creature enters, put a +1/+1 counter on target creature you control without flying.","Flying","normal","3","4","[]","full_now","composable_ron","Data","","","Flying and ETB counter target excluding flying.","tricerules/tricerules-cards/src/card_def.rs;tricerules/tricerules-cards/src/primitives/abilities.rs;tricerules/tricerules-cards/src/primitives/effects.rs;tricerules/tricerules-cards/src/primitives/targeting.rs","https://scryfall.com/card/blb/25/pileated-provisioner?utm_source=api","https://api.scryfall.com/cards/ae442cd6-c4df-4aad-9b1d-ccd936c5ec96/rulings"
"328","BLB-common","28","55da6c48de2a279b3b2d19b495eb3a6d3b9813323de83dbd83ef80736dbec3a0","655a2b78-6a6c-4b9e-b7c0-48d3768978f5","9ae14276-dbbd-4257-80e9-accd6c19f5b2","Scales of Shale","{2}{B}","Instant","Affinity for Lizards (This spell costs {1} less to cast for each Lizard you control.)
Target creature gets +2/+0 and gains lifelink and indestructible until end of turn.","Affinity","normal","","","[]","full_now","composable_ron","Data","","","BattlefieldCountGenericReduction for Lizard subtype; pump/lifelink/indestructible.","tricerules/tricerules-cards/src/card_def.rs;tricerules/tricerules-cards/src/primitives/abilities.rs;tricerules/tricerules-cards/src/primitives/effects.rs;tricerules/tricerules-cards/src/primitives/targeting.rs","https://scryfall.com/card/blb/110/scales-of-shale?utm_source=api","https://api.scryfall.com/cards/9ae14276-dbbd-4257-80e9-accd6c19f5b2/rulings"
"329","BLB-common","29","56a6d434dc6c247136b56654f7a85c908534d5b33ff9b077fe25dc3d120eecc4","23878990-dcbd-4a2a-b4f7-ee7edb396c71","c96b01f5-83de-4237-a68d-f946c53e31a6","Rust-Shield Rampager","{3}{G}","Creature — Raccoon Warrior","Offspring {2} (You may pay an additional {2} as you cast this spell. If you do, when this creature enters, create a 1/1 token copy of it.)
This creature can't be blocked by creatures with power 2 or less.","Offspring","normal","4","4","[]","partial_now","capability_gap","SharedPrimitiveOrMechanic","token_copy","offspring","Power-based evasion works; Offspring copy token missing.","tricerules/tricerules-cards/src/card_def.rs;tricerules/tricerules-cards/src/primitives/abilities.rs;tricerules/tricerules-cards/src/primitives/effects.rs;tricerules/tricerules-cards/src/primitives/targeting.rs","https://scryfall.com/card/blb/190/rust-shield-rampager?utm_source=api","https://api.scryfall.com/cards/c96b01f5-83de-4237-a68d-f946c53e31a6/rulings"
"330","BLB-common","30","5a858a618b8ee17d52b7f95af5ab705d8d1886f928d39c24912205c7c347dbca","e2f57e48-ff5b-4a42-9b7c-1bd23b0d78ed","f3684577-51ce-490e-9b59-b19c733be466","Seedpod Squire","{3}{W/U}","Creature — Bird Scout","Flying
Whenever this creature attacks, target creature you control without flying gets +1/+1 until end of turn.","Flying","normal","3","3","[]","full_now","composable_ron","Data","","","Flying and attack pump target excluding flying.","tricerules/tricerules-cards/src/card_def.rs;tricerules/tricerules-cards/src/primitives/abilities.rs;tricerules/tricerules-cards/src/primitives/effects.rs;tricerules/tricerules-cards/src/primitives/targeting.rs","https://scryfall.com/card/blb/232/seedpod-squire?utm_source=api","https://api.scryfall.com/cards/f3684577-51ce-490e-9b59-b19c733be466/rulings"
"331","BLB-uncommon","1","013f65ed05f9c3f2ed8809a6e4d4030517afd4f22c583db705c0c7b27db5af17","2a74a055-ff7f-434b-8dfb-d9fb72579cee","239363df-4de8-4b64-80fc-a1f4b5c36027","Hazel's Nocturne","{3}{B}","Instant","Return up to two target creature cards from your graveyard to your hand. Each opponent loses 2 life and you gain 2 life.","","normal","","","[]","full_now","composable_ron","Data","","","Up-to-two graveyard return and player-set life loss/gain.","tricerules/tricerules-cards/src/card_def.rs;tricerules/tricerules-cards/src/primitives/abilities.rs;tricerules/tricerules-cards/src/primitives/effects.rs;tricerules/tricerules-cards/src/primitives/targeting.rs","https://scryfall.com/card/blb/97/hazels-nocturne?utm_source=api","https://api.scryfall.com/cards/239363df-4de8-4b64-80fc-a1f4b5c36027/rulings"
"332","BLB-uncommon","2","06871b475a052b79c8d84605c2e7580148af3c50e473fa8f46068f33aaac4947","a12a66b5-ea4a-4a58-b0f0-13152598b7e6","81dec453-c9d7-42cb-980a-c82f82bede76","Reptilian Recruiter","{3}{R}{R}","Creature — Lizard Warrior","Trample
When this creature enters, choose target creature. If that creature's power is 2 or less or if you control another Lizard, gain control of that creature until end of turn, untap it, and it gains haste until end of turn.","Trample","normal","4","2","[]","partial_now","capability_gap","SharedPrimitiveOrMechanic","result_continuation","","Trample works; target-power-or-other-Lizard conditional control sequence missing.","tricerules/tricerules-cards/src/primitives/effects.rs","https://scryfall.com/card/blb/149/reptilian-recruiter?utm_source=api","https://api.scryfall.com/cards/81dec453-c9d7-42cb-980a-c82f82bede76/rulings"
"333","BLB-uncommon","3","08f5aa131781047ca7f878f8b98e2f58de4a65d5c87a0681b49118ea9fa401df","43037ef5-09e8-4881-beff-ed38cf7574c6","7839ce48-0175-494a-ab89-9bdfb7a50cb1","Heirloom Epic","{1}","Artifact — Book","{4}, {T}: Draw a card. For each mana in this ability's activation cost, you may tap an untapped creature you control rather than pay that mana. Activate only as a sorcery.","","normal","","","[]","blocked","capability_gap","SharedPrimitiveOrMechanic","activation_convoke","","Existing spell Convoke does not apply to ability activation mana; no exact mixed-payment route.","tricerules/tricerules-cards/src/card_def.rs;tricerules/tricerules-cards/src/primitives/abilities.rs;tricerules/tricerules-cards/src/primitives/effects.rs;tricerules/tricerules-cards/src/primitives/targeting.rs","https://scryfall.com/card/blb/246/heirloom-epic?utm_source=api","https://api.scryfall.com/cards/7839ce48-0175-494a-ab89-9bdfb7a50cb1/rulings"
"334","BLB-uncommon","4","0b8d4d217bb233988b6edae93098180442d5aa175508526f04cc62ce3d439d94","cb2d222c-df42-41a7-a517-0a41e47a4280","c7fb7f4f-2153-4527-8f11-adbf508d3533","Knightfisher","{3}{U}{U}","Creature — Bird Knight","Flying
Whenever another nontoken Bird you control enters, create a 1/1 blue Fish creature token.","Flying","normal","4","5","[]","partial_now","capability_gap","SharedPrimitiveOrMechanic","zone_observer","","Flying works; entry creature filter lacks nontoken predicate.","tricerules/tricerules-cards/src/primitives/abilities.rs;tricerules/tricerules-cards/src/primitives/effects.rs;tricerules/tricerules-core/src/engine/mod.rs;tricerules/tricerules-core/src/engine/triggers.rs","https://scryfall.com/card/blb/55/knightfisher?utm_source=api","https://api.scryfall.com/cards/c7fb7f4f-2153-4527-8f11-adbf508d3533/rulings"
"335","BLB-uncommon","5","0d87d2170af6b534f85a4470b3792deb860926d190f9c0873937f13aa28801a7","8cb36a67-9206-4665-a03f-64f52ba559c4","50b9575a-53d9-4df7-b86c-cda021107d3f","Into the Flood Maw","{U}","Instant","Gift a tapped Fish (You may promise an opponent a gift as you cast this spell. If you do, they create a tapped 1/1 blue Fish creature token before its other effects.)
Return target creature an opponent controls to its owner's hand. If the gift was promised, instead return target nonland permanent an opponent controls to its owner's hand.","Gift","normal","","","[]","partial_now","capability_gap","SharedPrimitiveOrMechanic","gift","","Creature bounce works; Gift receipt-dependent target-kind widening missing.","tricerules/tricerules-cards/src/card_def.rs;tricerules/tricerules-cards/src/primitives/abilities.rs;tricerules/tricerules-cards/src/primitives/effects.rs;tricerules/tricerules-cards/src/primitives/targeting.rs","https://scryfall.com/card/blb/52/into-the-flood-maw?utm_source=api","https://api.scryfall.com/cards/50b9575a-53d9-4df7-b86c-cda021107d3f/rulings"
"336","BLB-uncommon","6","0e8a5bdcb0ddf07fa47505beb524bfd2c02804a4dfaf6a12ddcec050683f64b0","29b537f5-4d9f-40ed-b38b-e8faa2b5af7d","adbaa356-28ba-487f-930a-a957d9960ab0","Splash Portal","{U}","Sorcery","Exile target creature you control, then return it to the battlefield under its owner's control. If that creature is a Bird, Frog, Otter, or Rat, draw a card.","","normal","","","[]","blocked","capability_gap","SharedPrimitiveOrMechanic","blink","result_continuation","Immediate blink and returned-object subtype branch missing.","tricerules/tricerules-cards/src/card_def.rs;tricerules/tricerules-cards/src/primitives/abilities.rs;tricerules/tricerules-cards/src/primitives/effects.rs;tricerules/tricerules-cards/src/primitives/targeting.rs","https://scryfall.com/card/blb/74/splash-portal?utm_source=api","https://api.scryfall.com/cards/adbaa356-28ba-487f-930a-a957d9960ab0/rulings"
"337","BLB-uncommon","7","13109455edd3e7cac2e3bb74ed2fe04ac0eb092c094307c39882bae5991b6993","312be209-dba5-4e6c-938e-1287642f67d4","821970a3-a291-4fe9-bb13-dfc54f9c3caf","Hivespine Wolverine","{3}{G}{G}","Creature — Elemental Wolverine","When this creature enters, choose one —
• Put a +1/+1 counter on target creature you control.
• This creature fights target creature token.
• Destroy target artifact or enchantment.","Fight","normal","5","4","[]","partial_now","capability_gap","SharedPrimitiveOrMechanic","target_predicate","","Counter and destruction modes work; fight mode needs token target predicate.","tricerules/tricerules-cards/src/primitives/effects.rs;tricerules/tricerules-cards/src/primitives/targeting.rs;tricerules/tricerules-core/src/engine/legal_actions.rs;tricerules/tricerules-core/src/engine/targeting.rs","https://scryfall.com/card/blb/177/hivespine-wolverine?utm_source=api","https://api.scryfall.com/cards/821970a3-a291-4fe9-bb13-dfc54f9c3caf/rulings"
"338","BLB-uncommon","8","1447a455b78bef68ee05fa345856dec7c379b10ae6632159ce3fa580529f4f5c","08e173e3-4c28-49d2-bb57-ccf533f20daf","582637a9-6aa0-4824-bed7-d5fc91bda35e","Bark-Knuckle Boxer","{1}{G}","Creature — Raccoon Berserker","Whenever you expend 4, this creature gains indestructible until end of turn. (You expend 4 as you spend your fourth total mana to cast spells during a turn.)","","normal","3","2","[]","blocked","capability_gap","SharedPrimitiveOrMechanic","expend","","Only functional ability requires mana-spending threshold event.","tricerules/tricerules-cards/src/primitives/abilities.rs;tricerules/tricerules-core/src/engine/casting.rs;tricerules/tricerules-core/src/engine/history.rs;tricerules/tricerules-core/src/engine/payment/transaction.rs","https://scryfall.com/card/blb/164/bark-knuckle-boxer?utm_source=api","https://api.scryfall.com/cards/582637a9-6aa0-4824-bed7-d5fc91bda35e/rulings"
"339","BLB-uncommon","9","18a17bb9946021c90f242d46aa5ac8b021874f1a7a272ea1b671affeb0c6c121","5ba19dbe-9dbb-4cc9-81a3-18c26f27bd0f","30506844-349f-4b68-8cc1-d028c1611cc7","Teapot Slinger","{3}{R}","Creature — Raccoon Warrior","Menace
Whenever you expend 4, this creature deals 2 damage to each opponent. (You expend 4 as you spend your fourth total mana to cast spells during a turn.)","Menace","normal","3","4","[]","partial_now","capability_gap","SharedPrimitiveOrMechanic","expend","","Menace works; Expend event missing.","tricerules/tricerules-cards/src/primitives/abilities.rs;tricerules/tricerules-core/src/engine/casting.rs;tricerules/tricerules-core/src/engine/history.rs;tricerules/tricerules-core/src/engine/payment/transaction.rs","https://scryfall.com/card/blb/157/teapot-slinger?utm_source=api","https://api.scryfall.com/cards/30506844-349f-4b68-8cc1-d028c1611cc7/rulings"
"340","BLB-uncommon","10","18c69c9f08d21176a7bda9be004a04afe76d3822050c601d99f21bacb3b04d8f","367bb252-41e1-4f98-9d22-442dd332cccf","1086e826-94b8-4398-8a38-d8eacca56a43","Parting Gust","{W}{W}","Instant","Gift a tapped Fish (You may promise an opponent a gift as you cast this spell. If you do, they create a tapped 1/1 blue Fish creature token before its other effects.)
Exile target nontoken creature. If the gift wasn't promised, return that card to the battlefield under its owner's control with a +1/+1 counter on it at the beginning of the next end step.","Gift","normal","","","[]","partial_now","capability_gap","SharedPrimitiveOrMechanic","gift","blink;target_predicate","Creature exile exists but nontoken filter, Gift promise and delayed return missing.","tricerules/tricerules-cards/src/card_def.rs;tricerules/tricerules-cards/src/primitives/abilities.rs;tricerules/tricerules-cards/src/primitives/effects.rs;tricerules/tricerules-cards/src/primitives/targeting.rs;tricerules/tricerules-core/src/engine/legal_actions.rs;tricerules/tricerules-core/src/engine/targeting.rs","https://scryfall.com/card/blb/24/parting-gust?utm_source=api","https://api.scryfall.com/cards/1086e826-94b8-4398-8a38-d8eacca56a43/rulings"
"341","BLB-uncommon","11","1afcacc90f5f4f4a6cf7ec4619b7e2008dd823752840b5be015a249d02d21cce","9d14c7bd-7802-401c-b02b-c7f3c51b007f","8c399a55-d02e-41ed-b827-8784b738c118","Wandertale Mentor","{R}{G}","Creature — Raccoon Bard","Whenever you expend 4, put a +1/+1 counter on this creature. (You expend 4 as you spend your fourth total mana to cast spells during a turn.)
{T}: Add {R} or {G}.","","normal","2","2","[]","partial_now","capability_gap","SharedPrimitiveOrMechanic","expend","","Red/green mana works; Expend counter trigger missing.","tricerules/tricerules-cards/src/primitives/abilities.rs;tricerules/tricerules-core/src/engine/casting.rs;tricerules/tricerules-core/src/engine/history.rs;tricerules/tricerules-core/src/engine/payment/transaction.rs","https://scryfall.com/card/blb/240/wandertale-mentor?utm_source=api","https://api.scryfall.com/cards/8c399a55-d02e-41ed-b827-8784b738c118/rulings"
"342","BLB-uncommon","12","1c7f91c18d741308b8f36654bd5c88043184b5ab87a4a611f3a7b90e830b20f3","104baa4e-a3f3-45dc-979d-4c58b659ba1a","e200b8bf-f2f3-4157-8e04-02baf07a963e","Brambleguard Captain","{3}{R}","Creature — Mouse Soldier","At the beginning of combat on your turn, target creature you control gets +X/+0 until end of turn, where X is this creature's power.","","normal","2","3","[]","blocked","capability_gap","SharedPrimitiveOrMechanic","quantity","","Pump amount cannot read source power.","tricerules/tricerules-cards/src/primitives/abilities.rs;tricerules/tricerules-cards/src/primitives/effects.rs;tricerules/tricerules-core/src/engine/history.rs","https://scryfall.com/card/blb/127/brambleguard-captain?utm_source=api","https://api.scryfall.com/cards/e200b8bf-f2f3-4157-8e04-02baf07a963e/rulings"
"343","BLB-uncommon","13","240306f521cf8866fe15ba8e34279184bb0276edabd6a51e5cc2cf8abb49d5ef","578ddb51-e128-43e5-a115-471f0cae1222","0e209237-00f7-4bf0-8287-ccde02ce8e8d","Star Charter","{3}{W}","Creature — Bat Cleric","Flying
At the beginning of your end step, if you gained or lost life this turn, look at the top four cards of your library. You may reveal a creature card with power 3 or less from among them and put it into your hand. Put the rest on the bottom of your library in a random order.","Flying","normal","3","1","[]","partial_now","capability_gap","SharedPrimitiveOrMechanic","life_history","","Flying and library selection exist; life-gained-or-lost turn fact missing.","tricerules/tricerules-core/src/engine/damage.rs;tricerules/tricerules-core/src/engine/history.rs;tricerules/tricerules-core/src/engine/resolution/life.rs;tricerules/tricerules-core/src/state.rs","https://scryfall.com/card/blb/33/star-charter?utm_source=api","https://api.scryfall.com/cards/0e209237-00f7-4bf0-8287-ccde02ce8e8d/rulings"
"344","BLB-uncommon","14","259972f87519f2eb745f21f78c73e2df4cbd167f50f434e5d45436f6b83a014e","523d075d-b577-4f24-8c14-9a76761a2eaf","97ff118f-9c3c-43a2-8085-980c7fe7d227","Flowerfoot Swordmaster","{W}","Creature — Mouse Soldier","Offspring {2} (You may pay an additional {2} as you cast this spell. If you do, when this creature enters, create a 1/1 token copy of it.)
Valiant — Whenever this creature becomes the target of a spell or ability you control for the first time each turn, Mice you control get +1/+0 until end of turn.","Offspring; Valiant","normal","1","2","[]","blocked","capability_gap","SharedPrimitiveOrMechanic","token_copy","target_ordinal;offspring","Offspring and first-target-event-per-turn semantics missing.","tricerules/tricerules-cards/src/card_def.rs;tricerules/tricerules-cards/src/primitives/abilities.rs;tricerules/tricerules-cards/src/primitives/effects.rs;tricerules/tricerules-cards/src/primitives/targeting.rs","https://scryfall.com/card/blb/14/flowerfoot-swordmaster?utm_source=api","https://api.scryfall.com/cards/97ff118f-9c3c-43a2-8085-980c7fe7d227/rulings"
"345","BLB-uncommon","15","2840dcfef897c0be4833d4e1f37efc65be3bbbdc2d3a565603ee2e859060b374","db649e15-24ca-4fd8-9f0b-f1df28c9c57d","29b615ba-45c4-42a1-8525-1535f0b55300","Vinereap Mentor","{B}{G}","Creature — Squirrel Druid","When this creature enters or dies, create a Food token. (It's an artifact with ""{2}, {T}, Sacrifice this token: You gain 3 life."")","Food","normal","3","2","[]","full_now","composable_ron","Data","","","Separate ETB/death Food triggers.","tricerules/tricerules-cards/src/card_def.rs;tricerules/tricerules-cards/src/primitives/abilities.rs;tricerules/tricerules-cards/src/primitives/effects.rs;tricerules/tricerules-cards/src/primitives/targeting.rs","https://scryfall.com/card/blb/238/vinereap-mentor?utm_source=api","https://api.scryfall.com/cards/29b615ba-45c4-42a1-8525-1535f0b55300/rulings"
"346","BLB-uncommon","16","2d80209c5b7aeb205dd6824246456ae71d71fec0c0f01289ae9f52e50e187c4e","077ae62d-ed94-4365-a8b7-97fd99cff028","2f815bae-820a-49f6-8eed-46f658e7b6ff","Rabid Gnaw","{1}{R}","Instant","Target creature you control gets +1/+0 until end of turn. Then it deals damage equal to its power to target creature you don't control.","","normal","","","[]","full_now","composable_ron","Data","","","Friendly pump then two-target power bite.","tricerules/tricerules-cards/src/card_def.rs;tricerules/tricerules-cards/src/primitives/abilities.rs;tricerules/tricerules-cards/src/primitives/effects.rs;tricerules/tricerules-cards/src/primitives/targeting.rs","https://scryfall.com/card/blb/147/rabid-gnaw?utm_source=api","https://api.scryfall.com/cards/2f815bae-820a-49f6-8eed-46f658e7b6ff/rulings"
"347","BLB-uncommon","17","3218556c54a1ede9f04fd2eff1538c4e1dac10df713bdd3bed1ed2d0929526cc","7d2a7741-1dff-4fac-92d8-abea24f23f97","ea2ca1b3-4c1a-4be5-b321-f57db5ff0528","Three Tree Scribe","{1}{G}","Creature — Frog Druid","Whenever this creature or another creature you control leaves the battlefield without dying, put a +1/+1 counter on target creature you control.","","normal","2","3","[]","blocked","capability_gap","SharedPrimitiveOrMechanic","zone_observer","","Filtered creature leave-without-dying observer missing.","tricerules/tricerules-cards/src/primitives/abilities.rs;tricerules/tricerules-cards/src/primitives/effects.rs;tricerules/tricerules-core/src/engine/mod.rs;tricerules/tricerules-core/src/engine/triggers.rs","https://scryfall.com/card/blb/199/three-tree-scribe?utm_source=api","https://api.scryfall.com/cards/ea2ca1b3-4c1a-4be5-b321-f57db5ff0528/rulings"
"348","BLB-uncommon","18","37abaf6972d8c7bc4b22857420d1fe90724e09bd3b3c3425901ed6ce6e9a5f44","5b919920-b1b6-499b-a7fe-c630778a7831","b6178258-1ad6-4122-a56f-6eb7d0611e84","Valley Rally","{2}{R}","Instant","Gift a Food (You may promise an opponent a gift as you cast this spell. If you do, they create a Food token before its other effects. It's an artifact with ""{2}, {T}, Sacrifice this token: You gain 3 life."")
Creatures you control get +2/+0 until end of turn. If the gift was promised, target creature you control gains first strike until end of turn.","Gift; Food","normal","","","[]","partial_now","capability_gap","SharedPrimitiveOrMechanic","gift","","Mass pump works; Gift promise and linked first-strike target missing.","tricerules/tricerules-cards/src/card_def.rs;tricerules/tricerules-cards/src/primitives/abilities.rs;tricerules/tricerules-cards/src/primitives/effects.rs;tricerules/tricerules-cards/src/primitives/targeting.rs","https://scryfall.com/card/blb/159/valley-rally?utm_source=api","https://api.scryfall.com/cards/b6178258-1ad6-4122-a56f-6eb7d0611e84/rulings"
"349","BLB-uncommon","19","3a80eca3dbfd9a9ea88d424b2c3ec4acc178a63d98b726fad17e190ca80bf5d2","07634620-a83a-4ca0-8a60-2a21368a2661","666aefc2-44e0-4c27-88d5-7906f245a71f","Dewdrop Cure","{2}{W}","Sorcery","Gift a card (You may promise an opponent a gift as you cast this spell. If you do, they draw a card before its other effects.)
Return up to two target creature cards each with mana value 2 or less from your graveyard to the battlefield. If the gift was promised, instead return up to three target creature cards each with mana value 2 or less from your graveyard to the battlefield.","Gift","normal","","","[]","blocked","capability_gap","SharedPrimitiveOrMechanic","gift","target_predicate","Gift-dependent target count and graveyard MV filter missing.","tricerules/tricerules-cards/src/card_def.rs;tricerules/tricerules-cards/src/primitives/abilities.rs;tricerules/tricerules-cards/src/primitives/effects.rs;tricerules/tricerules-cards/src/primitives/targeting.rs;tricerules/tricerules-core/src/engine/legal_actions.rs;tricerules/tricerules-core/src/engine/targeting.rs","https://scryfall.com/card/blb/10/dewdrop-cure?utm_source=api","https://api.scryfall.com/cards/666aefc2-44e0-4c27-88d5-7906f245a71f/rulings"
"350","BLB-uncommon","20","4555b3a9e24facf5df4617b72f083d04e95fcf9791263efc50fd2a76e978ff05","2cdc1d82-30dc-4f0a-af20-33dde90269b1","c23d8e96-b972-4c6c-b0c4-b6627621f048","Starforged Sword","{4}","Artifact — Equipment","Gift a tapped Fish (You may promise an opponent a gift as you cast this spell. If you do, when it enters, they create a tapped 1/1 blue Fish creature token.)
When this Equipment enters, if the gift was promised, attach this Equipment to target creature you control.
Equipped creature gets +3/+3 and loses flying.
Equip {3}","Gift; Equip","normal","","","[]","partial_now","capability_gap","SharedPrimitiveOrMechanic","gift","attachment_action;keyword_removal","Equip/pump works; Gift attach flow and selective flying removal missing.","tricerules/tricerules-cards/src/card_def.rs;tricerules/tricerules-cards/src/primitives/abilities.rs;tricerules/tricerules-cards/src/primitives/effects.rs;tricerules/tricerules-cards/src/primitives/targeting.rs","https://scryfall.com/card/blb/249/starforged-sword?utm_source=api","https://api.scryfall.com/cards/c23d8e96-b972-4c6c-b0c4-b6627621f048/rulings"
"351","BLB-uncommon","21","47e43a21662a809af4164b42808964db373b44438b10de1e2c3f994f1754da33","8e22bf51-1b1b-459b-af78-91188b6e3f09","0eab51d6-ba17-4a8c-8834-25db363f2b6b","Jolly Gerbils","{1}{W}","Creature — Hamster Citizen","Whenever you give a gift, draw a card.","","normal","2","3","[]","blocked","capability_gap","SharedPrimitiveOrMechanic","gift","","Gift-completion event absent with its parent mechanic.","tricerules/tricerules-cards/src/card_def.rs;tricerules/tricerules-cards/src/primitives/abilities.rs;tricerules/tricerules-cards/src/primitives/effects.rs;tricerules/tricerules-cards/src/primitives/targeting.rs","https://scryfall.com/card/blb/19/jolly-gerbils?utm_source=api","https://api.scryfall.com/cards/0eab51d6-ba17-4a8c-8834-25db363f2b6b/rulings"
"352","BLB-uncommon","22","497a0409aaaf9ae9d03818a3c845b981ff715583fa9245ce51e8175f817a61ab","0eb8983e-4e44-4bfe-81dd-ddb41007a166","b1aa988f-547e-449a-9f1a-296c01d68d96","Plumecreed Mentor","{1}{W}{U}","Creature — Bird Scout","Flying
Whenever this creature or another creature you control with flying enters, put a +1/+1 counter on target creature you control without flying.","Flying","normal","2","3","[]","full_now","composable_ron","Data","","","Separate self ETB and other-flying entry triggers; nonflying target counter.","tricerules/tricerules-cards/src/card_def.rs;tricerules/tricerules-cards/src/primitives/abilities.rs;tricerules/tricerules-cards/src/primitives/effects.rs;tricerules/tricerules-cards/src/primitives/targeting.rs","https://scryfall.com/card/blb/228/plumecreed-mentor?utm_source=api","https://api.scryfall.com/cards/b1aa988f-547e-449a-9f1a-296c01d68d96/rulings"
"353","BLB-uncommon","23","4db5a63e7be56de4fdc1991e0c7065fb5141560a46d52811ec97a8f5b6869be9","25a63171-a1a0-4c61-ac61-49bb59fe83c1","42e80284-d489-493b-ae92-95b742d07cb3","Thought-Stalker Warlock","{2}{B}","Creature — Lizard Warlock","Menace (This creature can't be blocked except by two or more creatures.)
When this creature enters, choose target opponent. If they lost life this turn, they reveal their hand, you choose a nonland card from it, and they discard that card. Otherwise, they discard a card.","Menace","normal","2","2","[]","partial_now","capability_gap","SharedPrimitiveOrMechanic","life_history","opponent_hand_branch","Menace works; chosen opponent life history and untargeted conditional hand-choice branch missing.","tricerules/tricerules-cards/src/card_def.rs;tricerules/tricerules-cards/src/primitives/abilities.rs;tricerules/tricerules-cards/src/primitives/effects.rs;tricerules/tricerules-cards/src/primitives/targeting.rs;tricerules/tricerules-core/src/engine/damage.rs;tricerules/tricerules-core/src/engine/history.rs;tricerules/tricerules-core/src/engine/resolution/life.rs;tricerules/tricerules-core/src/state.rs","https://scryfall.com/card/blb/118/thought-stalker-warlock?utm_source=api","https://api.scryfall.com/cards/42e80284-d489-493b-ae92-95b742d07cb3/rulings"
"354","BLB-uncommon","24","4ea5562a735e72bf1978211edee1ceeeb9fdddd5f8769985fadb298d155f2584","fb8f7047-280b-464f-aca2-6add3e21df8f","b56beeb6-88ca-475e-8654-1d4e8b4aa3c0","Harnesser of Storms","{2}{R}","Creature — Otter Wizard","Whenever you cast a noncreature or Otter spell, you may exile the top card of your library. Until end of turn, you may play that card. This ability triggers only once each turn.","","normal","1","4","[]","blocked","capability_gap","SharedPrimitiveOrMechanic","spell_history","trigger_budget;impulse_duration","Noncreature-or-Otter cast union, per-turn cap and end-of-current-turn impulse permission missing.","tricerules/tricerules-cards/src/card_def.rs;tricerules/tricerules-cards/src/primitives/abilities.rs;tricerules/tricerules-cards/src/primitives/effects.rs;tricerules/tricerules-cards/src/primitives/targeting.rs;tricerules/tricerules-core/src/engine/casting.rs;tricerules/tricerules-core/src/engine/history.rs;tricerules/tricerules-core/src/engine/triggers.rs;tricerules/tricerules-core/src/state.rs","https://scryfall.com/card/blb/137/harnesser-of-storms?utm_source=api","https://api.scryfall.com/cards/b56beeb6-88ca-475e-8654-1d4e8b4aa3c0/rulings"
"355","BLB-uncommon","25","4ec640ab8b5ce03c351550290eacb84e90a3babc40c8b281303be51a2c8f4a69","faefb352-575c-49f7-9f7a-96f2279a077b","ed2f61d7-4eb0-41c5-8a34-a0793c2abc51","Huskburster Swarm","{7}{B}","Creature — Elemental Insect","This spell costs {1} less to cast for each creature card you own in exile and in your graveyard.
Menace, deathtouch","Menace; Deathtouch","normal","6","6","[]","partial_now","capability_gap","SharedPrimitiveOrMechanic","zone_cost_quantity","","Menace/deathtouch work; graveyard-plus-owned-exile creature-count cost reduction missing.","tricerules/tricerules-cards/src/card_def.rs;tricerules/tricerules-cards/src/primitives/abilities.rs;tricerules/tricerules-cards/src/primitives/effects.rs;tricerules/tricerules-cards/src/primitives/targeting.rs","https://scryfall.com/card/blb/98/huskburster-swarm?utm_source=api","https://api.scryfall.com/cards/ed2f61d7-4eb0-41c5-8a34-a0793c2abc51/rulings"
"356","BLB-uncommon","26","4f1050822d7b4d2e05e5af3a146bdb8ec3fcd82d15bf34fabe8252b33342002e","2094fb68-3859-401f-97f2-c8bae64a4822","07956edf-34c1-4218-9784-ddbca13e380c","Playful Shove","{1}{R}","Sorcery","Playful Shove deals 1 damage to any target.
Draw a card.","","normal","","","[]","full_now","composable_ron","Data","","","Any-target one damage then Draw.","tricerules/tricerules-cards/src/card_def.rs;tricerules/tricerules-cards/src/primitives/abilities.rs;tricerules/tricerules-cards/src/primitives/effects.rs;tricerules/tricerules-cards/src/primitives/targeting.rs","https://scryfall.com/card/blb/145/playful-shove?utm_source=api","https://api.scryfall.com/cards/07956edf-34c1-4218-9784-ddbca13e380c/rulings"
"357","BLB-uncommon","27","51573a6e57f9d78fc6576042bc42629da7344de68a8d5520badc49a9202b97fa","c15cad77-e70f-42cc-a9f5-50e1fd8c9c96","d5bf8cf0-419a-4dc9-9342-aad55c1af05a","Shoreline Looter","{1}{U}","Creature — Rat Rogue","This creature can't be blocked.
Threshold — Whenever this creature deals combat damage to a player, draw a card. Then discard a card unless there are seven or more cards in your graveyard.","Threshold","normal","1","1","[]","full_now","composable_ron","Data","","","Unblockable restriction and combat-damage draw followed by live threshold-dependent discard branch.","tricerules/tricerules-cards/src/card_def.rs;tricerules/tricerules-cards/src/primitives/abilities.rs;tricerules/tricerules-cards/src/primitives/effects.rs;tricerules/tricerules-cards/src/primitives/targeting.rs","https://scryfall.com/card/blb/70/shoreline-looter?utm_source=api","https://api.scryfall.com/cards/d5bf8cf0-419a-4dc9-9342-aad55c1af05a/rulings"
"358","BLB-uncommon","28","51df61bc423657fc1905249ec525862a80d42d8c6383ebca300697658356781e","f823b122-94ac-42ba-b511-9e54d64db112","aaa10f34-5bfd-4d87-8f07-58de3b0f5663","Mindwhisker","{2}{U}","Creature — Rat Wizard","At the beginning of your upkeep, surveil 1. (Look at the top card of your library. You may put it into your graveyard.)
Threshold — As long as there are seven or more cards in your graveyard, creatures your opponents control get -1/-0.","Surveil; Threshold","normal","3","2","[]","full_now","composable_ron","Data","","","Upkeep Surveil and threshold-conditioned opposing AnthemPt.","tricerules/tricerules-cards/src/card_def.rs;tricerules/tricerules-cards/src/primitives/abilities.rs;tricerules/tricerules-cards/src/primitives/effects.rs;tricerules/tricerules-cards/src/primitives/targeting.rs","https://scryfall.com/card/blb/60/mindwhisker?utm_source=api","https://api.scryfall.com/cards/aaa10f34-5bfd-4d87-8f07-58de3b0f5663/rulings"
"359","BLB-uncommon","29","56d2a939f53f802677dda322260186d1d0074034716b255e844a2f5cc04afff7","d767463b-0fc9-43fc-a85f-e60f030f9b96","fb8e7c97-8393-41b8-bb0b-3983dcc5e7f4","Flamecache Gecko","{1}{R}","Creature — Lizard Warlock","When this creature enters, if an opponent lost life this turn, add {B}{R}.
{1}{R}, Discard a card: Draw a card.","","normal","2","2","[]","partial_now","capability_gap","SharedPrimitiveOrMechanic","life_history","","Discard/draw activation works; opponent-life-loss turn condition for ETB mana missing.","tricerules/tricerules-core/src/engine/damage.rs;tricerules/tricerules-core/src/engine/history.rs;tricerules/tricerules-core/src/engine/resolution/life.rs;tricerules/tricerules-core/src/state.rs","https://scryfall.com/card/blb/135/flamecache-gecko?utm_source=api","https://api.scryfall.com/cards/fb8e7c97-8393-41b8-bb0b-3983dcc5e7f4/rulings"
"360","BLB-uncommon","30","5716b24ae593c729da247e34620ae7e9b4210b5bedf60d7c45e6779eb9c7b314","1e0a2709-2cd2-4954-81ca-60654ab03d7c","55cfd628-933a-4d3d-b2e5-70bc86960d1c","Downwind Ambusher","{3}{B}","Creature — Skunk Assassin","Flash
When this creature enters, choose one —
• Target creature an opponent controls gets -1/-1 until end of turn.
• Destroy target creature an opponent controls that was dealt damage this turn.","Flash","normal","4","2","[]","partial_now","capability_gap","SharedPrimitiveOrMechanic","target_predicate","","Flash and negative-pump mode work; damage-history target restriction missing.","tricerules/tricerules-cards/src/primitives/effects.rs;tricerules/tricerules-cards/src/primitives/targeting.rs;tricerules/tricerules-core/src/engine/legal_actions.rs;tricerules/tricerules-core/src/engine/targeting.rs","https://scryfall.com/card/blb/92/downwind-ambusher?utm_source=api","https://api.scryfall.com/cards/55cfd628-933a-4d3d-b2e5-70bc86960d1c/rulings"
