"stratum","selection_hash","oracle_id","name"
"BRO-common","02c6faa0c821a50749d3108183ab91f73c718d4c6ad7e2658ffd06e748d719c9","cd583365-27cc-4170-b138-4b3dd0d842b6","Ambush Paratrooper"
"BRO-common","0580c020662708a64136a1495179cb43a592876913b1a750a470b31c29bcc464","3808afb9-962f-48ba-94c5-6b3eae7053d0","Dredging Claw"
"BRO-common","0770031684ed6a62f56053facc2ce51cfaba5c5857e94d5d647b499b713cd469","552867ec-5741-4e34-813f-4aaf185661f7","Scrapwork Rager"
"BRO-common","07e55987489bf14576d08679844115950eaa591293fda51a4d7e9eab26eee9d1","cb690399-0fb8-4bd8-a73d-5e0e594ff2ae","Fallaji Chaindancer"
"BRO-common","0a5a0c87159da4a2e63fa295a9fb2d3512babe0489c6c0fff47843081bde2e2b","e3bad2e2-1024-4261-b3d7-82a6998416fd","Aeronaut's Wings"
"BRO-common","0cd6c58fd9dea5cfb44796c67a124882207b1350ede3ca1b7ad88352903d0644","2625fa9c-638c-46d3-966b-1166f440186f","Goblin Firebomb"
"BRO-common","0da9872b03d195238ea353c89d97e3b989d16946942718c5781b39cd1b8b68d1","ede2354a-64b0-402c-8fbe-9da90f811a9b","Mishra's Domination"
"BRO-common","0f52ebc8b156b3c2d0ad4c1e37aea9d969d6b97b1654889c19d3c4945b763e3b","0d5a1870-6d26-47e7-a86c-f3ff15cb0707","Lat-Nam Adept"
"BRO-common","112cffdc2b4e096624bf195a291d929772a92f453c00b21a6c5504bf28e23697","c183186b-d92c-45a2-92d1-42e0df2b441f","Clay Revenant"
"BRO-common","119ad7ad2a199d4bb74df82854af3cda4058a0e9512362ae5f1968b07604cd71","a7e97fa9-4b72-4548-b854-5be5f18a6f1a","Disenchant"
"BRO-common","1239bc6d440adbd76aa16aa07b606b8b0a11811801c985abba56437cd55fb57a","a91f93fd-e428-4a36-b1b3-604b47a34287","Tocasia's Dig Site"
"BRO-common","1278b2b73a20c363343d3dcf47075420ff8b9b32f8cecc672011655ef15bf0a7","b7618312-6835-4851-9651-b5402001b3b0","Swiftgear Drake"
"BRO-common","16aab43f18d84e08ef23e201a6f937d2614f3e6b7198bd9124298df229b6e7ef","04e5ecda-9646-4bc3-addf-cca471553fbe","Carrion Locust"
"BRO-common","1862f9f4df92e772ed21bb90bb0de41d229b011cb2d62f18ff403a90bed50228","ce291948-125d-493d-8770-8b3aac515f9b","Citanul Stalwart"
"BRO-common","19b9c8c4af3534e4cb9bfab26021a2d4868974af506d3a843d6031eacee9397f","2497926c-b253-4400-b540-776ee2cd807c","Gixian Infiltrator"
"BRO-common","1d3d8c7eb771ed706de6785897dc00e4b3f1e4f538f99c1125bb27076cd95543","cc9d3868-9814-4506-80b3-660bc462ff98","Argothian Opportunist"
"BRO-common","1d8d4b996fd35954315003e321507553ecd2668b9013fcf5ddc926ef68d1f5b8","5fc09704-56cf-4e47-bd96-27ac34434941","Hoarding Recluse"
"BRO-common","225f9d31a08ea1bf285c635cb9df19817d64fa10acce27955f7853db389dba25","37069c66-c17a-40ac-80f4-14ef49d18008","Machine Over Matter"
"BRO-common","2397e89e1378863ca9bb623bf49825adfaa565d956cce6b81dc01adbfbb60b0e","77eafe49-b9c5-461d-89c5-cec217dd2974","Disfigure"
"BRO-common","2a8823dbe9ea3cc92335db88d60a74f7fac177f8f289c80e0f3ee577bbf83d2f","0dbcc5d8-9533-48fd-a69d-bbc6c72aaac5","Argothian Sprite"
"BRO-common","2e998cb7f966b3af6ee50791fcea840fce66a689bb05851c62d4b5c076038309","7fa1430f-cd2e-4071-a161-e32a61e33714","Sibling Rivalry"
"BRO-common","32698e8bf01ac0fb96533c77196ff23f791080b1c6f21bbebd28270eb5e94516","7c3982c5-6af3-4937-8d1f-e006f4e89342","Kill-Zone Acrobat"
"BRO-common","32dd797c3a855a23a26a088b8b17954903c1ec93e1a29be8d17614855a49a8b4","bd101a9b-4c1e-44c8-b9ef-cd79c4d28f36","Tawnos's Tinkering"
"BRO-common","3937b0012e1cdf7f3c03f05bdde9517b0dcc6a3df20d76b5ddae69b67cdd77ed","e43e8c00-f1e7-49d2-bb27-f1c16d85cc22","Recommission"
"BRO-common","39552a1ea6ddd3c10ca3e8af10164060c461123dd05f5fe189986b38d8d66059","bf037457-82e3-45fd-bc17-5bc25e66c15e","Fallaji Archaeologist"
"BRO-common","39dd2dd0bd5b2f4090b4162c88dd32f9b81ddc7c4ed3ac8b2449cecd09959807","f13baf38-27fc-4c5d-8fee-459eefdb32da","Powerstone Fracture"
"BRO-common","3cdaa2280f922871e6b13a43ca115f360d14edf88586abfb8afaea382c47a070","82caf3e2-da42-4851-b4db-546e2403c4bf","Boulderbranch Golem"
"BRO-common","43269d43b5bc5a2c30d7ebd5f5b582fb2f32c9acce2caab34c8b3ca1d7d8b8ac","4de71245-9d9b-44ca-9c13-37dc3dfbbcd5","Mine Worker"
"BRO-common","45fa0c933aca97b67d26cafeb75eaf004066fb95afa8225a127558bb63def14e","ee2c8714-6e85-4eb5-9bd6-057b6abfb136","Warlord's Elite"
"BRO-common","467235077d8c58390a7365b84c6de44752ecdaabaa64b42b51d0311d290174d5","0180bed7-892a-4af9-ac4b-96c9cd4beb42","Gix's Caress"
"BRO-common","46adefcc5b29a117e1bf71746cc5027eeffd43f449439bfdb82541f2217484b9","8551e1df-47eb-419e-8dd2-e96b9a450912","Burrowing Razormaw"
"BRO-common","48243864495bb1cc2ae32beb058eea40fc9f0369c51a53838d710d7453a72f1b","054c6250-ac96-42f6-931d-925761ab7764","Power Plant Worker"
"BRO-common","49c3ef55c509ae7ee957c79b179f14aa507c0c4718e3ea02b41519de7f4ff91a","2a89feeb-9e66-4539-bd75-7d9d53f52d49","Shoot Down"
"BRO-common","4a7947b0ea239597496a45d74fbd3916c058d45ad26bc9390b73b10bad5e982e","2f995678-c315-4afe-845b-8c8ae863de6e","Tower Worker"
"BRO-common","503500809a90cee8af31755852413e7f31872ef10f96c6357a760f13089fecb5","01cf689c-5a64-4ecf-b45d-3f385c9b212b","Thraxodemon"
"BRO-common","53278a1a4c8266d9ffbb5c0f641e9ab2b5efa327d0a1782f7e4fdb8d77432814","c1a7d108-8073-42a5-ade0-a0643d078268","Ashnod's Intervention"
"BRO-common","5688156b59557cac80a3a86404e968772efe77eaa832d10cef0342ec1272fb16","0956c0f5-ff1d-43d5-88de-4c2d603cf798","Koilos Roc"
"BRO-common","56ea407ca220e40f6c783e04e48c8efc25270b400f806fd8e265d068e6e0977b","dae81b1b-28dd-4f7f-9bcb-65e72eaa37e2","Desynchronize"
"BRO-common","5ae4816b134996b8b475b129cdb137351c52403198eab218cb10ea8816f08161","bb4507c1-1e5d-48b5-8fc0-1d26bd1c9e72","Overwhelming Remorse"
"BRO-common","5f6399f385cc7f977d50071e7638fe23a7a4d9d40febad96120249da486f1aeb","18da85d4-2a51-45c0-a18c-bce9bc39fa64","Gnarlroot Pallbearer"
"BRO-common","6039bf52f846b38cb7caff489b8c696e3896dae3efabf0f39b3b32b61478f5cc","61df991d-32e7-4b6b-b8e6-700ba915c3f2","Rust Goliath"
"BRO-common","608bbeab63f0539b28f7bc82ca60e9985f66af4e7c13b490e2a75dabe03d2b22","0b2a59a3-cf87-48fe-99e2-4c2063119b55","Gixian Skullflayer"
"BRO-common","6106cebdd18149cc3d367fc7f5cde9afd25c076a85b297dc1051391cf10ade9c","423c8465-82cd-4f54-b5ac-022b7ebcf3e4","Wing Commando"
"BRO-common","61dede4636f9efb479314d0e91700358e6f7cbf8b05a28b1c5bd240733a4885b","4492c329-174a-44aa-be4d-9f018173b9a7","Union of the Third Path"
"BRO-common","62e23dd0b8b714a6e3c0e66c842540c936b3a4e1006a6db5f2118b28f438ffbc","31d9a771-09ae-4cd4-bd19-6012f839a9e8","Stone Retrieval Unit"
"BRO-common","639b47dfe0d3a35b5ed1163eea887a2f2cb5d8037ffff9cb7ba6c6d1cd2109e7","719aeb50-c8cf-4cd8-b74c-d2cef408b52e","Airlift Chaplain"
"BRO-common","657ca1d848b2fe6284066f143643c6ffa6ac9dbef58efb5e379bfa3c4084046b","59b2edf0-00e4-4cd4-88ac-6dd74e9b1b14","Air Marshal"
"BRO-common","66b7c5f902472fb7f7e9c2871966a71ffe05c5ee513a0cedc0cdb568ae70df0f","db3b294a-87b1-4dda-b1f6-ea63a9722faf","Urza's Rebuff"
"BRO-common","67c9c49ef42c7356055e02194dfd1649d3590d91b753efbf6463a97f50422f69","449ed4b4-9e1e-4181-9090-af91802eba49","Coastal Bulwark"
"BRO-common","692dd84b02f3b4dba7bb469ab8bbcc5911b28b8556a1aafa71515494d7b930ac","31123cb5-2dd5-4f2b-a2fd-8f87095972c6","Epic Confrontation"
"BRO-common","6c532827b6b941b1ecdb46750d98e733c498b1603ab0af58fd9323ec76c99912","efe24eed-e1e2-4807-ae61-2e5be529ae3c","Raze to the Ground"
"BRO-common","75d14b78a82ca2b2169528cd7ce34422377f3be4d82ff9171e40bc0294971530","75e8907d-f726-4a63-ba8b-c0fd4936734e","Curate"
"BRO-common","79e144c38e7daf2640fa43a5841cc5e81cd4b8132fb58788b2df730ee128905a","3684edb5-bbf1-4ed7-b5b7-f24b452dbd64","Mishra's Onslaught"
"BRO-common","7b8ac588c98815e6dfc4306add6d5d05d555d2ff81bca92d4a348f15b98e918c","149694e6-5cf0-4983-9546-a4bd579b2ade","Scrapwork Cohort"
"BRO-common","7c69d561a1365cdf4dd15a4859f21add42daa42cc71c0ba492f9fca6e0a35368","4c3745ff-6e1e-4660-abe6-1a30611ec00c","Weakstone's Subjugation"
"BRO-common","7f5a2d8d551e14cec73665119bd5b459d19ab0902feb641c2436c0c102e4a05b","d44627c0-1617-4706-bbeb-0169745364c7","Wasteful Harvest"
"BRO-common","85c6f904b3e34754e808083383051eb2777b6e2a713564346337780a6d72fd8a","02457c7f-eced-4bf3-9b61-309b4ceab2d5","Goring Warplow"
"BRO-common","87eb348b3934c4aa237087a0278d1fd4ee92a287faa89d7e0cf0e22d3fdb1732","de68a69a-0c4e-43b9-821d-2fe2269b5e48","Mightstone's Animation"
"BRO-common","8a08fb73b80a59d4befaff39544201a6558f8d9c9cb59f2fde26393b1bb7663f","1a9048d6-f3fa-4f3b-9baa-35318177bc6e","Loran's Escape"
"BRO-common","93285288523e3d52455d406a3395c63546da092990b5735f6f4cc1d137027fad","b515dfc6-1a1e-46d6-a7a3-0e3af8279f49","Scatter Ray"
"BRO-common","95cfcdade8d7c1c71a22f8b653f1a028d285ad3fb4c3c72a83b550feeb697669","6024cb2d-a6e7-4adc-8b34-7f4e0cac16ce","Third Path Savant"
"BRO-common","97a98ff7164a493bc0acbd7c355ebe309c8215379790c4037f5ede1aa0144312","2cb95721-56c8-4008-8055-579a5a97fc8b","Gaea's Gift"
"BRO-common","9cf1cf8f187f01aa5ef23f6c214bf1bf1bf9988fa197bafcce439984aa150aa0","8b69da01-3ba5-4a61-9e26-e879b6d8b63e","Goblin Blast-Runner"
"BRO-common","a3386ea30d3d7a463c9bc4189d62ff455a6a84c05d82a3e1def912fbc8518ea2","fa6fa2f5-eb9b-402e-82f4-e0a8d30df245","Mishra's Juggernaut"
"BRO-common","a3b525d65115c570847fe01fba5c5f38d6687264ccc7fbd89a08f341fdd5a31b","4bb75182-6dd4-42f7-9541-d484d0b57897","Excavation Explosion"
"BRO-common","a40ba3c8c3020eed22272bb9742d6de63a025d116c485d6e4d5e49c77e7f420d","153292f9-e0d1-43a7-a083-275c49d0554a","Aeronaut Cavalry"
"BRO-common","a7e5a6ad8de3f25a975d4196f66f6256ba115729b3b20bbb661caa9ef77b2d03","8d1a367a-542e-4b94-b466-c922c5fb717b","Blanchwood Prowler"
"BRO-common","a99aa6170e266cbe004c7059410be0136ef8ac019f50b2894a30007bb3d3be3a","5906b378-c7a7-44fd-a63b-55a347d97854","Scrapwork Mutt"
"BRO-common","adab4cb9da6660b03b33f40754512a1262c9655903142890f648d38046e2fb28","257f81fb-b3c9-4ebe-9889-dd0ef960bba3","Moment of Defiance"
"BRO-common","b3602725c72a6245782e16664ee7e40379b6ae7fea20e4735d5cf657ab86bae1","cf0f3aee-78b6-4a98-8e09-8861b73c2e74","Conscripted Infantry"
"BRO-common","b445b50a1788b9fabbf7152d31f591a391ce04384ba8248583ff37d2e769d4da","19f344ee-031d-4346-9553-c5d32b02df43","Blitz Automaton"
"BRO-common","b9499ccd73326323239619cce0f4d10099384d0bf83fc478151fe3668f3a488d","e69a8970-3ead-479d-860a-26ed65f9c846","Dwarven Forge-Chanter"
"BRO-common","bcb29bd4028d9f3925f0257140c3cf737ba38d011aa7c5896761825444435315","86b0e978-5b4e-4bb7-bfda-be899c632d8e","Emergency Weld"
"BRO-common","c5365ff4c9df1e456af86f4e2b865e5181dcbbffcfa5248361e4ca018abdc343","8315aa34-08b8-403e-a2e6-796a2d6978ad","Stern Lesson"
"BRO-common","c72c541bb0c24905bc03da801cd65452c13cebc205bbabc435f5c0ce50806e30","da0b4e01-b312-4f37-a034-824ce58db02e","Veteran's Powerblade"
"BRO-common","caf9308b959a95f2f58db2147d3a045da2e1d5f304bc30525f61bc715af67775","54d32245-c796-4e8e-b61e-c218e3902565","Combat Courier"
"BRO-common","cdf8724bb4d707acd74c038bd121d78a881aeef842c6b64477e7998e0f038aa7","ca7a25f4-c280-48b8-9e04-b15f4c13e569","Survivor of Korlis"
"BRO-common","ceb6a322c9bea65bb1199e1b98d7a5611a56a183f4f6536d8e1c2cab8450a89f","c910c1c0-2b78-4e0f-bb55-e0581b2e07e8","Military Discipline"
"BRO-common","cfdd3ab47e31338054e4add34a5827f5d3976621dd48f5fe6ffa92699f273668","6b37b0ef-7e89-447f-a189-b3ea7b42143f","Whirling Strike"
"BRO-common","d025748f0158dc3e343420a498dbb22a7def479bd4a9a57d9f70f7e40b34d81a","2a6a1e58-85a9-436e-b1a0-373baa44d6f2","Retrieval Agent"
"BRO-common","d0369429d3ebb33f9fe8a732280058aa3b04aaeb1ad28b0f87891d579a4d9397","6d9f2fe0-5657-45b4-9431-36e0f6c8eba2","Prison Sentence"
"BRO-common","d10bfcc09fa219163052c6294bb1e8205ba7b379cd14d50ff27e72fe3f0cbdf2","173e86f4-17f3-44f5-8073-78e7e2e12c4a","Bitter Reunion"
"BRO-common","d464bbd32a59070059c6963a1ebb33afe5268c727f9559ddf070a164e227ff9c","e341478e-c3f8-45d9-9430-abe3a58fa2fc","Deadly Riposte"
"BRO-common","d4f3059a6b46909bb7a9d473d6a829e02afc010a19e5658a4497e59b030bb367","b68cf4e6-205e-40b6-b28b-f4b7d8af7017","Tomakul Honor Guard"
"BRO-common","d6b09f3fffd8b4c39050c36be3e9472065d21d4b2e59d10c5da1143a49479ec6","f2ffc999-609f-4424-8d40-ebc042357a40","Powerstone Engineer"
"BRO-common","d8fa37c7684f3bbb35e12dd72a6c1e7a6642047950ed46b7fa1da7ef574a61d5","5a0c215a-2164-4cb8-89ff-2558b6b42dca","Trench Stalker"
"BRO-common","de75506fd68b35fad3e559ada41a8b6b170cc9dbe79cba7b4a04794520667ab4","103ca069-0bfe-4976-bee1-75406273875d","Fog of War"
"BRO-common","e06fa8575a56c180e9e644e630162094bc9510ff9a4040688a8e6e089aa3b729","265f461e-d076-4119-8ea4-96360305f3a0","Phalanx Vanguard"
"BRO-common","e29a801dd2079432e807f60b6df7efcb41bb5ea0829ea2d8a04072470a57d08f","ef625caf-c5d3-47f4-b1fb-bd040c5d864c","Perimeter Patrol"
"BRO-common","e46e609100de77cb1b8efe4e4d08b78ecb48518e4809c11c7cbda49763947d78","f376f4c6-4526-4ae3-a84a-e8ea50fe78b6","Depth Charge Colossus"
"BRO-common","e50d0046a47ab334a7e9a48aac5b9f8bfb99dc1ceab553abe646d16461cdd69a","68f4e3e5-2f0d-4d2d-84f6-d1e824a0dcf0","Ravenous Gigamole"
"BRO-common","e7190d8d8f12823a1065b23bb26b3d4075e30e00614a913b977705c58625663c","fd9dde4c-bacd-48d8-b4c9-a6a04f0b3338","Energy Refractor"
"BRO-common","ec47a058aecd6498937364ac0437d796fa5671d77cdbb04a6a933718f1fd6675","9594b8e0-a176-447a-a52e-e1a77175b748","Supply Drop"
"BRO-common","f0e90da734d1d25fc6cd052842fa7b319d0e811952bc130cbcee0f6a24675c1e","d1559911-6621-4fd6-8b3e-16e82baf849e","Tomakul Scrapsmith"
"BRO-common","f49ecc21d8229b7b409bab752d27d0e7df5fa5cda79bce7a9799d133d80d3e51","9eaca93d-6c3d-4489-8652-b575a4cd931f","Unleash Shell"
"BRO-common","f84fd52e0e5d85a411d9839fc79ebda5a61b8d602d29620bc41a8bb531c263d4","150dd67b-4de2-4fcd-b753-e4096de911a2","Tocasia's Onulet"
"BRO-common","fdacdc8f6e66dcacdcb8db84af3b4b0aa924a12aff3ebca7d1d5cdd9520810dc","a4e34111-aefd-4c61-a6e3-ac8895799c3f","Penregon Strongbull"
"BRO-uncommon","00b5d77c22c60cd2fc930a349fe4595fe27bd60ddeae73daf43d5a693ccd3ae8","cb7e451b-a9d2-4f50-9651-b5df34e34d99","Disciples of Gix"
"BRO-uncommon","03753a1c76447f7c641663f193d20612bc0a97ecf9902ae5355eaf62d3084c0b","06bea0b2-1d0f-4d64-a13e-723d08042e83","Arbalest Engineers"
"BRO-uncommon","0a12500fa58765203c16d8a89f67954d758e6e18a32440d85f9d5bcedacd4cf5","b13c91be-079a-46f1-8a99-b7dba99bb9c0","Fallaji Excavation"
"BRO-uncommon","134fb3b233e76b53726037849b0af17de56f592bed689a6dc3a3bdfb491daa4f","c24e34e7-0ac6-451a-b73b-31c7f96d123f","Gruesome Realization"
"BRO-uncommon","144e0a1ec1f3d145f3ce06f824a8eddfc580e60b01f65f488703b72f27ccb518","b65f20de-52fa-4904-bbfe-7ba53ccd8ae5","Flow of Knowledge"
"BRO-uncommon","1647a22c9b90090569d018025094716f17cd1713422f779c805940129f9ab890","0c460bdd-460b-4312-9ed2-32f3809a7d36","Combat Thresher"
"BRO-uncommon","1bfa6c81dab0f617965e3c825c2d673400b39b8f74a66bf7ea40572d06408090","b1870fff-b87e-434e-8d4c-d9e60f7f4284","Mask of the Jadecrafter"
"BRO-uncommon","22b417b0d84921ebf53f02ef2dc1bd8c2f34ed5be216e49c47df2e8bb3870286","68d4d753-5e53-48a6-8ba2-56020893c239","Junkyard Genius"
"BRO-uncommon","26e3a18643161cc80c2b38569064d5063b47b68f4efc612d10ecf580f88028a4","b4cf61e5-b2b7-4fb9-addf-db84dec49681","Take Flight"
"BRO-uncommon","2a17cb0adb12f2e6a2b7f02b19ae3373ec0c19b01ca35e0c1c41d78ebcafebc7","20150b58-a442-472c-8191-b44581322eeb","Mass Production"
"BRO-uncommon","2d052d692cff534db516f244f4f574026d01eb0659c4a5d45287075c7e091adc","4f42517b-e62e-4b8c-8c56-cb32fb62c478","Repair and Recharge"
"BRO-uncommon","2ffe59afda6a8eaa00f145e32403d903d48d2aea2b49b827f2ce0f373e8648ee","3f285781-ee03-4a58-a85e-a33f5efffc9d","Static Net"
"BRO-uncommon","36a1467d34dccacaade8466fa374bd8a84c5283c59961542eb22a3ce35e7d7f8","dcddd143-a7d9-4a38-a2da-dd6bd2e48205","Zephyr Sentinel"
"BRO-uncommon","371c873de5233db371e394fe6509082d102a7154a5c055f3c8c09dc8deabdf20","afe8fd01-f0c7-46a5-9e9c-e8b9599cd19a","No One Left Behind"
"BRO-uncommon","39be38a0d8fddea1699c6a41a64d04be66fc2ddb81ae4b4507f3fcce7a88d0f8","a7e7be75-646d-4c99-8388-15bb422c8e25","Thopter Mechanic"
"BRO-uncommon","3aa5fe3a25de946174ea7f4c602f76fe97506836063c6c74a6dfb24eeefd998a","dacf7f0d-9ce2-4e28-98a5-e7ec270a4c83","Sarinth Steelseeker"
"BRO-uncommon","3ae2a191127d73bcd79ae0cdef7528f0790913d15f9f33d0c807c6ac57f58b69","749d2994-44e7-40d3-8630-7bebed239e9e","Haywire Mite"
"BRO-uncommon","43e0ebec2626b01a7ae407bf49c95b072150b3158194c7855dd20d843c9a2a34","9ea87566-43da-4ebd-a904-ae8b8830c3a2","Ashnod's Harvester"
"BRO-uncommon","4a065fe5d7caaedd369e6756c4b9e70a4b4550d96b5046f53088857ef4c1de15","28264920-9d14-4661-83b8-56f950fbff39","Su-Chi Cave Guard"
"BRO-uncommon","4a6b71d261590a2cb23473d3006ad1b1fdedd79e03d2d86456671006557545df","dc0bc051-2d5c-4b7f-9902-4f9d5ef8f19d","Evangel of Synthesis"
"BRO-uncommon","4c41facc706a67c50d942a2cfbd3f387f7d6671e6f8929f4d4929e2165f87f4f","178828a5-c202-4503-9755-fc6bb2390209","Splitting the Powerstone"
"BRO-uncommon","4fc0c219d3e65e4f72d5ba840148a6563906d170d4cc9608cf655e3cfba22aac","d215cd4a-412c-4632-ab2d-de51103e6a7d","Argivian Avenger"
"BRO-uncommon","52d1e0f742b868caf9b17391095a7e35d23182383f18f0bcac1781da360d9089","b2b09dc3-8239-4f3b-91d2-e7cbbdc062f7","Hulking Metamorph"
"BRO-uncommon","52f916403d3ba014a5985ff68df480ac5e498b30480fa09909c398be69eadfca","a23c4378-9242-46a0-9f62-ca91f0baa428","Slagstone Refinery"
"BRO-uncommon","5306d4e8c0a950f94ee59b70f237782f60a9cb269ff78441515047182fc8581c","ccf13531-60bd-4ebd-9a5b-68e2d05ce620","Spotter Thopter"
"BRO-uncommon","566b8614a71e24fc5264f28a40305d55d9db7cc48544967a56ce2f390f27814e","7c13d0ad-1235-41f7-8f9a-f39d7c544b74","Spectrum Sentinel"
"BRO-uncommon","5d6949c52a5c10aea24886c64c7281ce20ee2b607e653268f5382614ade77d4d","4eba0e29-985b-4763-9a70-0946ba044b43","Mishra, Excavation Prodigy"
"BRO-uncommon","63666b20e50c8fc7c4ef764e2d74d5241b066bc9e7a21bd989f5da9e84ac2c80","95ac482c-c6ad-49b4-937e-460241ae355f","Mishra's Research Desk"
"BRO-uncommon","6d333d1bfd4e8b156c33cea2a7b9e1200893b2abc21b361c13cb1fde5360dd64","67158085-4807-4f0e-8599-c55ec7ec252e","Skyfisher Spider"
"BRO-uncommon","6da8e07bf03628d5f2e40f8ba8d7eb82a62201545e4795f4f5eeb5b5d4cefff2","bd0c0e85-ff24-46c9-a547-4f633355c131","Giant Cindermaw"
"BRO-uncommon","6e2074332dd14049fe6e305aaf8bfb14a4a49797864754efdf768d5d1662fe17","98ec58aa-8776-4a19-bff8-e288a9bd6bac","Pyrrhic Blast"
"BRO-uncommon","75ecc7a1b7abbbe55b1a8dd7e3957f1e7d0521707e73fab3f2e1ca7db0a1533c","9d1f232c-e904-46f6-a4b7-24ca2ede711c","Loran, Disciple of History"
"BRO-uncommon","77fc97351b350a924b3201fb596845b472eb0ec01bf6716881f0280fbf47e2aa","b04f45de-cb35-45a4-b039-0bf008c3ca56","Iron-Craw Crusher"
"BRO-uncommon","81a8ab409395d2d99087521caf72e859be210134d91cb99436a2979c50f32c60","e801c5bd-68e6-4a74-bed3-addd18db3b2b","Arms Race"
"BRO-uncommon","8505cb87d21ccc085fd8869d3979f63eb4cbc3f16febe797d57cd66077ad0427","aa91d092-7f4a-4e4d-85db-e200692f3d9d","Lay Down Arms"
"BRO-uncommon","8c2f6b5ab6fe2206b5835efc5ba81300071c9595de3bc34ac110ee91e9ac5103","20f3bc44-c7fa-4d5a-adb9-2dd1d2d66ffe","Sardian Cliffstomper"
"BRO-uncommon","8dfaf4318dae88efa554d753fa3e8e52c7dd2b13f369ba9d022d09d8226a9aaa","2f6d129c-e6ad-4f35-b8b1-56a101fdd5db","Symmetry Matrix"
"BRO-uncommon","9810ab7d05e75bf6ecf85b3a0ed145d4f5acc46e4d022c4f66363c52966e50c3","ab3b72e3-9a49-4c95-8016-22fa02ad7663","Steel Exemplar"
"BRO-uncommon","9b25bd7af184f6d476ffb26366d33d251b177ecdcd07701981f209b18124939d","33ef3d51-845d-460b-97a0-95e7591cf466","Gnawing Vermin"
"BRO-uncommon","9d43006d31a3db5d84b705c51466f15da8ade67f861ca54a7e221986e4990340","01c179aa-533e-47e1-b6e5-c35587a39680","Thran Vigil"
"BRO-uncommon","9dadf27fe9613aa5360b68fb8067866f97ff631de66e5193091c71d916a824d5","4eb8d877-ee46-4bbe-99da-fee9e238ca58","Audacity"
"BRO-uncommon","9f119b6752845009327a70f21177fb99b628eaafa587055833b20ffe82b4cbbb","5d13aa6a-5a04-45e0-bb33-daa707ffaf9f","Gaea's Courser"
"BRO-uncommon","a1b34cea4bd5f303af19adc7639d60ca8baa320eceabe34324ad2ef4919be927","f7156897-2b02-4ecd-868d-d4d59244e9ed","Third Path Iconoclast"
"BRO-uncommon","a2a2e6c381213cc1766eab4bc98fdcf77b8470597d45552c8a32ad0db6cd0d73","dc8cca38-df2a-4cef-973c-a482505be66f","Fallaji Dragon Engine"
"BRO-uncommon","a3d58d41621103332ee73237e92ab3fbfc3facaf983aca033938924ddadf7c3d","8c308ebf-df5e-4f47-9b97-5c31944fe91c","Dreams of Steel and Oil"
"BRO-uncommon","a7bf26ab05065b75ee8c086e355c9f0e4e9c4128017e6db21678871ab0b570cc","22fa5324-ed3b-4b97-89b4-31c1f86d6ead","Gurgling Anointer"
"BRO-uncommon","abc29b2280ae5f38a6ecf9efc9a60dfff9da0e3787a2c23c240030f2a2023c2e","a6436330-f35a-4d31-9230-03e0c62f9e7e","Calamity's Wake"
"BRO-uncommon","aca603b25d90fffa599710808596d7d5a35896f2ebee656f199842a8977300b4","6ad61622-a70f-423c-99e3-b1ef6ead0b31","Yotian Dissident"
"BRO-uncommon","ae76fb1a5ed5d9bd301802198cc26273fe228c3a1356bff666716dcfefbdbd21","225f53ef-da42-47a0-b773-d2aad3338c72","Cradle Clearcutter"
"BRO-uncommon","b02f323d93e0088a29c5e304232d679cf57c9e4df219c6f4f1305ed39e9bd1aa","eb6f936e-8dba-49da-84fc-de240b11b8e4","Hero of the Dunes"
"BRO-uncommon","b0c47f5fb0948f5bb92449fba877776044f2be9e9989d2ed53c7ca3aab67ffc6","6dff1d15-604f-4eea-9b7a-0c0ba6afbbac","Meticulous Excavation"
"BRO-uncommon","b1d1e4ed03d59626d251903e83cd64ed914bd4b0fbaa17e4daee7a48d43dcc7f","a88a1c53-7de3-423a-a95a-24ed5666ab96","Corrupt"
"BRO-uncommon","b58a73a09d1f9c0a199e909f1898dd4e7cc09ce7a8b6cd42e5830a33cc7cceb9","8ad7fdd2-bff5-4434-a3f9-1f5ce0ed573b","Urza, Powerstone Prodigy"
"BRO-uncommon","ba55757cf411900beaddb3470903b77ab81b03c0b8392b12d79b1cac0c190682","3b3c5fc6-6c4a-4e23-9625-5954d1986160","Keeper of the Cadence"
"BRO-uncommon","bf54d2a8dcc7c7597084e79d7e68f597a8e001adecfbbd5951d6fece57ac7f4e","c87ff8e8-a3da-4848-9881-fbc896acf7c5","Reconstructed Thopter"
"BRO-uncommon","c226e5573507e74f215b95ca757630292ccc54728a80e7b4507495312383ab4b","80ea56ad-e741-4a85-b4e8-ce62e7d593d5","Blanchwood Armor"
"BRO-uncommon","c5ecf0b8d756dcf01c49012b8b604b229760ebfc0205f98e6b11e2680f1be2b2","e60b23ba-2258-4da1-b873-452ee215846b","Fallaji Vanguard"
"BRO-uncommon","c74289a11764da678bc67cd4c2628e296641ad9ca7a51b8654736f0ff8800a5f","dafd2713-d1bc-474b-b390-d2ff20b5375e","Monastery Swiftspear"
"BRO-uncommon","c99a806f7c80c47b1caf91caa8c76d43b9fc1846ccf2b7d06f96a7fd99bd7be3","60fc5eb0-95d6-49b0-a538-945ef599e484","Defabricate"
"BRO-uncommon","ca218e728047a224a276c4db08ae5d5c8a543926377b076c8480f1cdcca74a80","0d9d7f04-6319-4596-8b74-de5a794936e5","Yotian Tactician"
"BRO-uncommon","ca6734c418ddd70c1cfeb3f079300a3c2513db8e024abe5dcd2d0cb2103ab505","78d74d6a-e1aa-4d70-92c3-b5338959d2fb","Horned Stoneseeker"
"BRO-uncommon","ca91696351641d648256eb2e1c11434c8ac1eeaa3cad57f1b48ae556a2ea5159","37278877-e7d8-47b6-a65f-37c7f85e3a0a","Great Desert Prospector"
"BRO-uncommon","cb502c6a073f966df9e2e538a3dd0e77411cf3a3faabfb9e47882095776202a1","bfd8d447-7253-40d0-a153-78e9700045d7","The Fall of Kroog"
"BRO-uncommon","d0aaf449bf0d9388d75dba235a4c858526f17dea71d2ba072958276bd8394132","93953926-a644-49bb-9b5a-4c8f19114c7e","Demolition Field"
"BRO-uncommon","d11ad98bf660db63f3e4b0654a54a41424407417cc86fd8e16eb6ec11b96e4e8","239fea8d-c49d-40bc-96e1-b84d328a0e1e","Transmogrant Altar"
"BRO-uncommon","d5eae7fb787c450745b23847e03cdb6e6735dd402cfb62ab1018ca64fc879529","259ca16d-7753-402b-bcd0-2425500dee99","Levitating Statue"
"BRO-uncommon","d70ea6983f80f482a917a1da3517b6cbfad7b6a239878b96f6a31ba7439c2299","57fe941c-a830-4570-afe2-18f93c7a7b84","Obliterating Bolt"
"BRO-uncommon","d8cf062c4b5ada90c7ddbaea1e4d07575a6170aadd3e9d422c940bfbc3f2c486","4acacdd2-a736-43a2-ad67-891b9bd124f8","Alloy Animist"
"BRO-uncommon","d97fa6f928119b77f83abcb03bdae58ef15b19577401749fc721bf4d136d2efb","3194fe3d-57d3-4dab-ab39-3778b75150fa","Thopter Architect"
"BRO-uncommon","e20ebcd429dc7f293900debd4f231ef71190d877518da5da514b2320a07056f0","3952c288-5633-4e40-abe6-18940d079644","Thran Power Suit"
"BRO-uncommon","e2c5f0fd5a55fcc1fd707d12d3d9736aba3109cb42f9590eba5aa357d629cba8","2978ba77-c0ce-4411-99c7-ef05dd602c8d","Battlefield Butcher"
"BRO-uncommon","e829d7499dd37fe4a34f7dd51371629d0da98ea3ef97b583f36068c452274347","97dfc025-afc2-42d8-a20a-f29d60754a2e","Recruitment Officer"
"BRO-uncommon","ec66f6b79ad0038f11fe5e6e91bdc1dc3cd2d6d241c559dd96a812d7dc58a183","ee2ab1ab-be1e-4e56-99f2-7784f7350b41","Obstinate Baloth"
"BRO-uncommon","ed4ee8baa9077605e55e949685cffa540c5ba1a674d7be9249d26a5e85502e9b","4640ce0e-f82f-4bfd-93fc-2d865863fc2e","Involuntary Cooldown"
"BRO-uncommon","ee81a0aec1ebe7b87a6721d92936be64d304a32d9140b3e28ad258d6a8146eca","17c5b5c9-5c58-46dc-b0a7-a635b9997bb8","Forging the Anchor"
"BRO-uncommon","f1e419d73a7ce2d49d6539c7249015d525f884cdb1054e72c84be27b005da8ef","fe71ada0-ac86-4035-9b6b-4c24ae65034c","Heavyweight Demolisher"
"BRO-uncommon","f6d37108e43fe378f323365c972501dee1ffd31adae747bcfe720603ee90753d","de6fd93e-16d8-4855-a655-1cc0755c5d15","Battery Bearer"
"BRO-uncommon","f71cbec4102de72fe70d59accdb7b013ac99b1f7b425b1c858d2b980d70814b1","cd39e485-71ba-40cb-8608-f5a0dfb7ef5f","Yotian Frontliner"
"WOE-common","02a305054360b5178bc7c6c972b5c369633e6bc0d9116f0458061ff6828387a2","b2b0a5d0-0084-43a4-b6dc-e893ef42cdb7","Unruly Catapult"
"WOE-common","02f723ef8a73a9c44940994bf4627fbed980212f3952a47290a7495106de3ed0","38eabfea-5ea5-4baa-8ad6-7a7cb00e1fed","Spider Food"
"WOE-common","062aca8d7ec84fb5e81a121da06937deee792ddb1f6561d0eb427eac14cf9996","e055bc6d-d395-4f85-8e15-3bce65b7fcca","Redcap Thief"
"WOE-common","091c16e97f6a29f014cfe8ae21f13a5746114e663485ddaab3508a0f7d56daf1","c7b235e1-746e-4467-be54-4e11e2bf6362","Johann's Stopgap"
"WOE-common","0c0a8576c5373da056f23083859864c8983fb0be02dd3e66c33a877b21c210c6","21153db6-552a-4956-a53a-a9dfb6968629","Feed the Cauldron"
"WOE-common","0c8f4b000030791975b0054c0f33cacac91ed1ed8383d3ad65301d5dfa7b5ec1","df555f60-2164-49dc-be67-00aca9eb0d45","Minecart Daredevil // Ride the Rails"
"WOE-common","0d091d181a47cbd4b03b53ececa85cb3be73b928604774b52c6c5fe1f687a4de","87bedc9b-b4d2-41b6-b9f1-e1aeb8e75ec3","Rootrider Faun"
"WOE-common","0ed8f556a1c27500b670ea043fe89f5e643c656bef0d94a72b61181665f3dd93","89078485-c438-4035-95dc-dbe37fb13e50","Slumbering Keepguard"
"WOE-common","15b56628bbeb0153394fb76bed89f33fc0c2e1e9fb004aaccb26add22cbc9d03","57085b8e-a85e-4d50-a7d2-9bddfdaf411c","Sugar Rush"
"WOE-common","190345887fd085ee350758d12dabe7813f69919b48dbe024819840de1b6868fa","27ca3201-a374-4a9d-b0ba-93b391f36844","Eriette's Whisper"
"WOE-common","19857a50c64be63cbe13f78fb57e9918012fea13a465e977145722e15f32ecb6","64b41b54-ca22-41df-8bd3-dc4f7832fbb7","Curse of the Werefox"
"WOE-common","1cc51f29d984da2c9c5b1ddb6ccb80c9ebfb8da0d96e3f50d716a538c043437a","a3ae6694-6314-42e2-bc12-d0e32d49b347","Bestial Bloodline"
"WOE-common","1e071e57f5c85c42b15b2ab399744c76f13904cd16cc2a887e720757cb3a7aaa","37043e1e-4556-45f7-9484-15dd8ed5272b","Rat Out"
"WOE-common","218865fe6973f541f118490d56ebcc6527c060ab7806bf8c57fd2d1f7aba4448","8fc049e7-a16d-4b48-b930-5c346f6718b9","Verdant Outrider"
"WOE-common","2714d8c33379eb24e1b039880a96f783014017d61074c06e33432c59721b1f19","1cf4e16b-2273-41c7-9bcd-0cdc78e12198","Unassuming Sage"
"WOE-common","2bb09a7c054fcc2bf1d1511786ef28ce720dd8262f783818ff75c34a32e59c1e","a7736614-cdd3-43bd-ab3e-461e3e24ed40","Warehouse Tabby"
"WOE-common","309604b52426b0147d88da1c32e459c8655f71fdcdba90d20a1a374e950fcaff","77b48b3c-c780-4c5b-90e6-33c5fd940c16","Toadstool Admirer"
"WOE-common","315a94c6627d2992cd3322c40bfb21895e461b054385341bb8ed65355e10139f","a2192c80-c48f-44e2-807c-2f9ee1aa1152","Beanstalk Wurm // Plant Beans"
"WOE-common","34d651871d8e379af77858984925db042cdc1ea25577199004ce453214dbe6e3","66dc3237-3543-4fc2-96f1-c8d1eff7c04c","Rimefur Reindeer"
"WOE-common","3926ca972266c8d971001fa1a1de8208d816de3d9ffecb0dc9fa559aed1cfcf8","89ae3475-9063-4700-a7bd-47d5dcd43a3b","Vantress Transmuter // Croaking Curse"
"WOE-common","397e6278181c94e56b35fc865c20ed2f7794331be98b1c535fe37291c14ddb6f","2e8433a2-ad71-4d30-84fe-12b709197824","Skewer Slinger"
"WOE-common","3e615361092cdaa69ce4c95cbda1494ab70ee5fa863f98d4a61074c709ba3861","c1ed20c0-f75d-4aca-8874-6955bd9fb21b","Kindled Heroism"
"WOE-common","41239c3e43dfb6474f0fbb1bf94fe17b9a2d9a39d9a899df03ebf076f02991b4","1c751201-24ba-4e5c-bf44-71c3e4693a92","Conceited Witch // Price of Beauty"
"WOE-common","42e1e7b094e188e442198eee61c32dab832ce2e9600c827bc996170eb3534b3a","541adb13-1277-4c9e-ae1e-976f7aac1c72","Return from the Wilds"
"WOE-common","443291734988ef6ea97b3b7ed6c76b09afd5ea48a65dba0966570c03da2a19b7","68f7d1bf-48c7-483e-b17f-a60008854b46","Armory Mice"
"WOE-common","457993c27c5e95ee684d61393b1a1fa56a0336ddf52c7a1eea4a59fe25f828cd","f15fb0cc-8e96-4f03-94d0-b51410415afd","Crystal Grotto"
"WOE-common","482034e97f336be0dfdfc5ce7d6e1f4a3d2e70e9ef0d08aa744de754801fcdf3","8db0a379-4cf2-43a7-932b-c5646a604578","Into the Fae Court"
"WOE-common","48272d5f14ba51fd6694860c9955cca31384048b694fbd35b2fd7b9376e784b0","4fad3816-41af-4fa4-85b4-ba37614ec848","Hollow Scavenger // Bakery Raid"
"WOE-common","4cc90f1a33c27d884c9bb0efef126931d3bc60a1bd597bbb4dbde8267cc419e3","d9717522-358b-41ac-9183-8a6b3981f921","Protective Parents"
"WOE-common","4ed3d354dac1eb1c9ef0a39b1976e1c7465849c3c1bc68cc63fd6e0e0138213d","061e7fb2-2c04-4845-b60a-0e2512a2dec1","Living Lectern"
"WOE-common","5352d9a2eb4cae49f159ec6ec1a1d166f616eaaf177fff4f9ebe80a59b668150","05a039ad-1689-4d13-b393-6c1219583b5d","Sleight of Hand"
"WOE-common","53560dfa8c10500effc4e69c9ced7246c279d2ee95b01dd47607843f6c0a440c","95664c29-9801-4dfc-9dbd-465abf6bb4ee","Barrow Naughty"
"WOE-common","5880c6d2a7c61729a3d1c1edfba988267aee212652690c1ad4690a62f4328b1f","134a9877-5cfb-4a2a-a0f0-930dce45f58b","Prophetic Prism"
"WOE-common","5927e6c6d3cf91c855935c66dc92dc54e8d96d3086681d59fb49add6d64b879d","a272f15d-caa2-40e9-894f-19638bd5f375","Plunge into Winter"
"WOE-common","5ed72c91d4c9ef3c1ab3a417dfc4c49186b76bd5f14fe198b08be777b4fbedb5","fab8d954-807b-426f-8057-99a5d2fec618","Fell Horseman // Deathly Ride"
"WOE-common","5fcf261a4a78732c14d4f1b1043d4fe8375d43fe7fd4493aa6cf44944117c820","b0632f1b-14e5-4534-b2c5-af9d557fdcc0","Snaremaster Sprite"
"WOE-common","602b850ec0c8b83d09e491c5e2cc758c152d3768522967d75a658ce6442ba6bb","0b0fdb28-f7b1-4c30-9f2c-14a9074da22d","Grand Ball Guest"
"WOE-common","642e28c2051512ee042dbe7ac6f94e985e2c0bce2bb4300d3e20b4e25ecc3d8f","05f3638f-3c66-47bb-8a82-ad173e152573","Merfolk Coralsmith"
"WOE-common","658cff630d5e21f596ad947f435bc39d6372f2e6ea1f24d7542b4b9204b20dca","c7b6d2cd-9105-404b-88f0-a67037fb2120","Besotted Knight // Betroth the Beast"
"WOE-common","65ac2d84187950e15c545494237a058b206d81a98759c93a598a1f5ec8434340","0332f7b5-dad3-4fd0-b86c-78bd8301f59d","Gnawing Crescendo"
"WOE-common","66c2e0f8d8f42c42d790224196e0a453a688a8a035dfffdb73291676a34ae334","9b205900-ec39-455e-900b-615ece08a07f","Cut In"
"WOE-common","6891d12ecb7bec9ca7914b98e5a2a5146394c73c82836d394f946851b709641f","8d36d80e-9934-4b56-bf3c-2b18a6da3d2d","Voracious Vermin"
"WOE-common","6909618df9d1788a298361fc1be8ecfdeae32c6f5f212d9ae11286b799987da2","10330a79-a416-40da-bf5a-8b7cbd9a0498","Wicked Visitor"
"WOE-common","6df0af199c500259faaa99eebe09e935f984e60cc27be61c33c9416aa57ef0e4","aa1b7cdd-0296-418c-ac3b-7ad3c51f1760","Hamlet Glutton"
"WOE-common","6fcd4294ccf6806aff77620cbb4224eb1c3f8c648ba9014019390427f57aeab1","e6f59807-eaf6-4889-8c89-2ac915afefff","Grabby Giant // That's Mine"
"WOE-common","7154895652a74cc81fef8da169e912cec134d79eed2682b8be90944909e0fb88","ef702a1a-4ace-43e0-8e86-dcceb0b1e4d5","Edgewall Pack"
"WOE-common","74eebc90efa0e5fdb8012af0f72267a5631576212ea57699dd63417a06eba766","10d33e95-3e5d-447e-ba4a-acd3c33b4045","Torch the Tower"
"WOE-common","767df83160aa0fb6ebf97f534103501772026906b2a2f62b4ce7711dc29cca8f","a4814615-ffa2-4692-86bc-3a1b7fc2acc8","Return Triumphant"
"WOE-common","78e3420c5d396abba42e943dc24071ffdabf02d869fbcb125dbae95867e5862d","396b088d-f9af-4ee1-843f-dbe1633f9cc8","Obyra's Attendants // Desperate Parry"
"WOE-common","7c8adc588d32a37b47ac8c05e020b7e9f5d70346df0eb2b942c1d42bf5dca1f3","8bf90bb0-f9c1-49c8-905e-32747e921e92","Freeze in Place"
"WOE-common","7df7e9f9548fff147b09b214fa31b29f406a205ecfd29bb40f93c7b97371ccef","fed3bc35-4269-48f0-9133-a595ce49c2d1","Ice Out"
"WOE-common","7f9d53e5249e3b4733861af9c7df87ed0c6376218dd4ddac236371f6370c2aee","b46ddf4b-7ed8-49c4-8828-f0fbbc023c1f","Scream Puff"
"WOE-common","831c307160d70afe15b1c45e91b27df73559d0bd67111ef9178d8298e31c5a60","7c8e4f29-53e0-4242-8ef8-7a9476dce178","Candy Trail"
"WOE-common","85be9f43abad8fb5b5983ce1242bd90a8c9843d635400cb6d8d5d94e4a398c27","3e8bcb44-b875-4fe4-b96f-97a20cbfec93","Cooped Up"
"WOE-common","882a8f30769467211a5d5783aa63b6f51dcebc84cb413426a0d6470688a69f32","f545870d-b628-4acb-88c7-37c2d72a5a85","Shatter the Oath"
"WOE-common","88812ed14e0a37f28b8f3b61ad4f7c6cf5c740dd4c988c69af4470f0325a13da","bfac8072-2bbc-43ca-b141-9cd0799840f7","Moment of Valor"
"WOE-common","8c4a4fefd084e2aaeb97432a8640febface1b128e38a9945b8f53ffff32bf2b9","380c367f-73ea-485f-a37b-5af0ba160893","Not Dead After All"
"WOE-common","8e05c45858bbd97a664a9e68df166b8da8ab4c8dc336340f853571e4022bc0c0","2c53a913-8a99-4a15-9c47-e79af026dc05","Skybeast Tracker"
"WOE-common","8fbe2177c5abde4c67d7ffadb1d384210a077625fedd0dc4779d7004c0b513f6","990583ef-5bf4-4e14-a8f1-61d32c6a75df","Flick a Coin"
"WOE-common","939140ca9634aa26fa7c85ccc3b05383a90c076c5ddce99bb4e9d313ab9b367a","17f8e8cb-cd1b-4d94-9efa-ce268e8e7096","Water Wings"
"WOE-common","9732ea5616498a591a2cdd7c81e5980430ccff8fb40ad223ee6250077409ddfb","635b854d-de71-4c85-9755-8c97bf3cba36","Sweettooth Witch"
"WOE-common","97a3cee9b4fb4ff2d23625fa00274174ff05f1d409827918a97e405d95cd1b1d","09eec5a2-7835-4b24-9dd1-594612ee9152","Misleading Motes"
"WOE-common","9bbba91f15f95208968de5c091601c507bf8d25108c8b6bed8445c3a26291024","10b8d4c7-7553-4d76-b643-d98b80701e13","Gingerbrute"
"WOE-common","9ca18f288940089599ac097e423b3e0ed4889c1ac8cc6fecd0f4322510eabf73","16cdba97-73cf-44ba-9d64-f27009b829f8","Troublemaker Ouphe"
"WOE-common","9cc36211fc077fdaceef9b9403cfa7c69ca60446b65ec310f5c760dd66e04c09","fef67393-9b7b-495d-8b03-865537386d42","Ferocious Werefox // Guard Change"
"WOE-common","a2ad6c7b05e981a8ac3cde25f3b62e7f50eb000fa52e6388eada046d09154c27","b2ff15b8-1be4-4f94-b4cc-aa959a50288e","Bespoke Battlegarb"
"WOE-common","b0fb34122d4527107a2fb11509bc155836a468336dd5ba4b4ac165d648132798","e3542d0f-fcee-4df7-aa95-b55138caa2ab","Harried Spearguard"
"WOE-common","b46447e99e68bcf2ed33b4904eb188615eb553da769a9f8b29263b03dc112170","515c1604-59f0-45b4-91be-d2f20fdd3e1e","Frostbridge Guard"
"WOE-common","b55b06814b8f0c0a04e55d89bdf89b06d90784ed665d7d8f1d850cb3a4f0e2cb","c2283655-f6b8-4399-ba1f-68a7107f9485","Diminisher Witch"
"WOE-common","b66e8d2eeb0ec402e852cc29a3a9d2a723e9924a139fd3507f228a7908c7c6da","bc5631ae-494e-4987-8d17-57674bfbdb9f","Archon's Glory"
"WOE-common","b895a9286e1b79238eb454420abba3140e754244f84d3d8bf522c78dd67fdbf1","f1882cc8-c81a-4131-b639-1bd6e083f8ba","Frantic Firebolt"
"WOE-common","ba1cce5d36e66c060d114f8ecb60be3a4282954a217ee7df8e7c868784ef7c76","a78b063a-7f74-465a-9670-34f927f4bfe9","Aquatic Alchemist // Bubble Up"
"WOE-common","babf12bc0847b39a1148bbefa0530755fef4938cd89a585b82c3273dc683486b","9588a7fd-bbe5-4a81-9a7e-d8e8f6c0537d","Candy Grapple"
"WOE-common","bc5d13a1b2ab32323c4abc75f37d9dec92b7db6debde69f7b40444e692b50d80","cf7bb5d4-c33f-4879-a793-6d6f2a4d94be","Scarecrow Guide"
"WOE-common","c2a8e22741bcdd7017a7d2e9dcfa5fa5be245f871a1cff69d08512cf66571716","f60234e4-9b53-47a5-a21a-82c80b5af072","Rowan's Grim Search"
"WOE-common","c62673786d1ac572e05bf2bd01e3ed367dfbe52f536b9e1f648c106f7a4cb70f","b9d51e07-851f-4b7b-bffe-7c1efff0714c","Break the Spell"
"WOE-common","caacf67ca42d92dee289e21d2d8c2f7d1e94ae7ca37be59fc7c2b05de2866a14","171150fb-dbe1-4a07-a7ac-5f45762a26b0","Stockpiling Celebrant"
"WOE-common","cbc821a89ccaf23da53084164fbd9a2245a8a36b9b585cc4e41e253808834c15","7938112a-3832-42b4-b123-27a42c06a290","Stingblade Assassin"
"WOE-common","cda6a4691cb8da5b0b12cef821a4410f7adcccfe5a970051173c9716d91f70e8","52fd9309-b849-419a-8d19-5882c00a72b4","Beluna's Gatekeeper // Entry Denied"
"WOE-common","d5740fb497c3390444b8c83d1abc6c79407f0aab802f2690c784584f32aa22d7","e920c955-66f5-4c6e-a2a8-8b282f9e456e","Leaping Ambush"
"WOE-common","d5bf602d51bda427b491cfa23943db5e223ca0348dfb05cd21c6396a7cf1be5b","5e63b69c-d901-4a01-8dfa-88e044856239","Hopeless Nightmare"
"WOE-common","d636fc218bf9a1915a291fafbfa9f0daf6f948d4494d983171869508ee3f24c7","49d189dd-9ce7-434f-931b-7110cd5255e7","Brave the Wilds"
"WOE-common","d75d3874b3824ae29594dc1aa7e4d139a49a16149e81472cdd743ca48f0a76ad","699fa8e6-84f5-4010-a8fe-7b2e4f280ef9","Merry Bards"
"WOE-common","dd695280d555e8bf50d89c17c85b60a82a5b2df5fd8789b544afdff579f8d2f4","33fff722-5cc5-4d0e-b788-166b3edb1223","Hopeful Vigil"
"WOE-common","e036a02b81ef9e46e20195048e19f17973d40f2138539fc63c34e910ae61040b","f9bf996e-ae14-40a3-a8d8-f5725ddaa270","Spell Stutter"
"WOE-common","e1c357c8987a548e165b4220b9a60f0f09c75c7552ff802302ccbef66626717f","dab16c93-9788-46e0-9345-838ebeda8d54","Tuinvale Guide"
"WOE-common","e260cef18d020f787371c97043a01484acc2e454c7d9c5352f88defe52ddd5b2","f6cb9c5a-601e-4580-9fab-903e9b00e35e","Redtooth Genealogist"
"WOE-common","e278f450727046248d391e5a711664569503edf4fd2b4d787df86f826c8d07ed","ecc91e38-90fa-4d89-b262-d5f36dce5be4","Ratcatcher Trainee // Pest Problem"
"WOE-common","e5a82caecb497e4080ab90b5e352eccffda70e5441a9377e1d45c3c07ec594d5","4b803bf2-025a-4bf6-9d3c-a28d714b4781","Kellan's Lightblades"
"WOE-common","e8bf72a03c55f4749dba65cd48a0339337eb8ece2cdd1d6eb596684740ab878a","d9c0e089-92ca-4fbd-9ddd-1802ac3553c9","Stormkeld Prowler"
"WOE-common","efdcc5b9a350b4416955e2aa295081738d1f04a6018c57f974874eccb6cea1f7","c8c88c33-b8df-4b19-b12c-79c9709af8f1","Mintstrosity"
"WOE-common","f40268e0e3735eebb45191d68502d932795bf83b079b9b3a76b29da3b601c1bf","412eb5ec-bf13-45fb-94b3-c41e62b19d1d","Savior of the Sleeping"
"WOE-common","f8bda299f209474b180b83867ce83a36b20585bbe6ddc504ebc8678b9c85a1c0","97b9e3f1-7569-45e0-aef9-0d8d2845dbf1","Territorial Witchstalker"
"WOE-common","fb2963e2f8befdd22d008b85aa6ecd49d785f836084792216efcfd19a587cd12","ad0e6b12-a6bd-4860-9eac-68b2492d9567","Charmed Clothier"
"WOE-common","fcab8a45a73508bfaefa7ea3aafaa620063b0ccb7d3f00a4253eeff389a4095b","00807825-88e5-4b88-8527-a49f553a91be","Witch's Mark"
"WOE-common","fcf86bfdd7e2c347564b51ba6022c7209053c18dc92201466d2bde3c7e17742f","cdb84830-faf2-4beb-8d57-ad696d75876b","Bellowing Bruiser // Beat a Path"
"WOE-uncommon","01b210acde7a3f2171d83058ac04484865a9a7ce3cfe03ff4926c8018c3610c4","bbb6867f-7186-41de-9828-21be469178c1","Frolicking Familiar // Blow Off Steam"
"WOE-uncommon","02709d0d84a9af15563d15b17e3915132c132f87527594af6d3c39a43cd2402c","4dfd33e8-7e30-493b-8564-f7df5f0257aa","Edgewall Inn"
"WOE-uncommon","0ca75aaae826cb1dc158c5d2f58bfa5d26dd7567ef8e0c8b3460c1d88fd650db","f46befcb-6a7f-4f5e-8634-393cbf4b3308","Witchstalker Frenzy"
"WOE-uncommon","0f3e4fd20f77d6823ab4e9c1eb7e879c7aacda47cdf0d1fd22991bc10e6fc1cb","de52b262-418e-418c-b2aa-8d5a776e3a75","Shrouded Shepherd // Cleave Shadows"
"WOE-uncommon","11c0f5d1dbf9e71e5544e0e3bf2e0b1dca8db45091c7fdcce0852119dea915fc","bd575e82-99e7-44c7-ab93-d33f5678e1ad","Threadbind Clique // Rip the Seams"
"WOE-uncommon","168b76b20382c4013dc59a64d28121c8a96fc94142b6ab8f166c5c98a5dd873e","d6e68414-80cb-4e08-ae84-b084a3f4b6de","Faerie Dreamthief"
"WOE-uncommon","1ea9f78c40de20a261a727a28d077d2dd68f74b33a4d32d6d0ccd47f2e8ff660","450a9b73-9024-4103-b9f9-216a2f395cff","Faerie Fencing"
"WOE-uncommon","20c24edbf389ad14d12b5ac4691967fc1dd51ba3f7f97823d2fdea8bdcfe9c30","4c0a8eed-f2e2-4821-8011-6e6ad2081936","Solitary Sanctuary"
"WOE-uncommon","21efe672ae3b1aaebe95715b685c1398c09484e63f41112c0f2e2b05e39c54c4","48ab8ba0-0e85-4656-a798-ceb961fb02ce","Galvanic Giant // Storm Reading"
"WOE-uncommon","26333e3e0562454ac48958b8bfbf3ad9f48db8cfc1daab169c049ff84dc8c083","529f259a-df66-4283-bc28-de3933c42e67","Chancellor of Tales"
"WOE-uncommon","274bf8bf32e4968e00bf3bcda096e7dcdfebd16cc68549c87be458023f08e771","0828d891-f7c3-4e51-b42e-6ce88d48ac8b","Icewrought Sentry"
"WOE-uncommon","29f1b758d5f4dd07c9bf99d2da76eddfc739933af485ce4ea15d628a6c33afff","07c3e91c-3593-4797-b7be-ef4fb2913cef","Dream Spoilers"
"WOE-uncommon","2a2f0c79ecf12af56f10b0e7f14f72699993e1947eadfb0dd269a50769fdfe12","ad2793f3-a36f-4a09-a38f-eb98ce0a2b79","The Witch's Vanity"
"WOE-uncommon","2b9b8c7ae4b6df31e388ffc3494209f65bfa7dee4b9def75cf379131679281b9","8068f80f-88ee-4c0b-a0fb-3a6337f83f22","Johann, Apprentice Sorcerer"
"WOE-uncommon","312fc29006b6fbf7bfb427f3da433f7e90853032b6f50b1972a3209dc38c1f60","73992788-8084-459c-8375-9ccc8579c5d7","Succumb to the Cold"
"WOE-uncommon","3245a8f95db47eff856a94525d9435989d54a7c450754d326ef1b44c33b1810b","b4fc198f-3595-4880-ad12-96c18fbf9c33","Ego Drain"
"WOE-uncommon","3596e512ec546cc36c6f034572e65bf0c13f123045cc569e19747bba8186213c","debdfab7-454f-4fec-9ee8-aa5b570ea7fb","Agatha's Champion"
"WOE-uncommon","37a21a8616f077ef608e1a3a41fe8e0f45be0e931f5e4fd22ad89499f76d83ae","22d82f4c-2896-477e-8d20-8fe43acd4ba2","Picklock Prankster // Free the Fae"
"WOE-uncommon","3d2af6928b2d9f832f2ef62e96f3fd538b4a75d0cc69f48bf0765cf9bf862a25","fba2fa87-3f2a-4a9f-a19e-a1f9dada4118","Gallant Pie-Wielder"
"WOE-uncommon","449505b0fb1630e37212516b037b3a846b087b15f00f2b33d1fd102b96ec2128","bcae7f20-b601-4669-b3a7-c32ed0c6b9d3","Korvold and the Noble Thief"
"WOE-uncommon","48664f6f759c2b5be1e0d8a5f3a990a176d904517ed55f003364cb85e0247a65","17916cf9-1e6c-41bd-96ce-2b050d828838","Cursed Courtier"
"WOE-uncommon","4c81a47015eb2129b8fbcfa97f02e02be749ce842f357722db8119acec5a9957","4bcf4f12-470e-4f73-a19a-643a20084e16","Night of the Sweets' Revenge"
"WOE-uncommon","54bb7feb39458fff5d34c8d2ef1913ed1c7e521cd43daeefe78ab8ba3900aa28","c736935a-e006-4a67-b942-e8ccf1cd9abb","Sharae of Numbing Depths"
"WOE-uncommon","568aee3392b741cb84c625bb188d28f7ee0c8eed55c47a2a7fa4b0f23ed4e2a7","5005df36-a100-492d-89b9-e221793cfb56","Tempest Hart // Scan the Clouds"
"WOE-uncommon","56c66abf3fdeeedb1b36fe38a265dbc7f4dfedb03d1597818ac581b7796e6dfe","1189b5d5-ca8f-4b4e-a5f1-91122a485cf3","Boundary Lands Ranger"
"WOE-uncommon","5ece832aa2732b0b96c179a72d72146c8e14dc76fe6be2e14a999e642473ea72","f460ff80-8175-43f7-9810-540cf3817085","Collector's Vault"
"WOE-uncommon","63fba8ee9d897f4949ce98a4f9b12828eee9a61cde9ee65ab51030f865ba09da","b07bf08b-d9ec-429f-be6d-a7afa27c60c4","Tenacious Tomeseeker"
"WOE-uncommon","676ebc649a31a27a85b6b5ce07634991b9e0435aee889188215e4c78d5f8a954","322e3bc1-2dfa-4d5f-848f-a82d9ce02a67","Gadwick's First Duel"
"WOE-uncommon","67cd5324808a88b28fe88587b031d77049217917caca1a7c250ee9b6c60dfa3f","ba610f08-61a7-47fe-9a80-32b5ce51b118","Woodland Acolyte // Mend the Wilds"
"WOE-uncommon","688fde268234dee5c5c62120d48ce0ff280e49b8a6c8a09e424307afbaa13334","fd0f8fdc-4065-41f4-b8fb-ecb8f185774d","Royal Treatment"
"WOE-uncommon","6a5acd06ad166bca98a4488761f7009c89423dd948242e393c6b6573db954769","b580c6d8-f501-4623-843a-5bb2b638a339","Graceful Takedown"
"WOE-uncommon","6deda43e0aee2ef9ce8be4c10302ebf4d13eec866da42f1941eb5cb111e7f0f0","646a2371-54c0-4492-ac2f-20f109d6108c","Monstrous Rage"
"WOE-uncommon","7114008cc01f0eeeb64d16c443b96689b5c7c0cd165f0b910d09316d8a8d3ad2","1322734c-3c3e-4885-a6d2-d6460a16fca2","Stonesplitter Bolt"
"WOE-uncommon","7282a6b8a2647dbb5d9814cb4ee18083b712475db70ebf0d8f56e05d8fd37b1e","734a5186-caa6-4811-b6d7-91b7b32fc403","Discerning Financier"
"WOE-uncommon","745e158d27f833a5d6bcbdbaed66679e4e587397f666ac08c0ac2684a4a459a9","8a31c49f-5b3f-4f84-a08e-58b30a6bff7c","Stormkeld Vanguard // Bear Down"
"WOE-uncommon","77ab179a7126eb535e9295a34452ba0d1ad1cb1532f1d37706155ab304bad624","b26a2875-c704-491a-b82d-07c316e53611","Eriette's Tempting Apple"
"WOE-uncommon","79cf860a86c306e273cc0658dfe6f22c876157f001c9b920527c2afbf69ad8a7","be0dcad2-8e84-4e9f-b69c-837b40b8fb83","Bitter Chill"
"WOE-uncommon","7b4488b406ca486f6fb3de8aef012cb5b86cce16c408fad53f3a09c7489c6dad","11e02134-7b1a-46a4-a89e-7539dd1efada","Disdainful Stroke"
"WOE-uncommon","8287deee6fba8bf25a8b85cc20a871eb3bef4d38211c495d00cc857333c387a8","467f756f-75db-4748-99d3-62651776adfe","Lord Skitter's Butcher"
"WOE-uncommon","82e07059c118ea3072e1551c552ea21ae0f6e9ecd94193dfb85461732c9ab02e","334fba11-e500-40fd-a142-41ff553642b5","Picnic Ruiner // Stolen Goodies"
"WOE-uncommon","84b0090cd916784fedd39804b5fb409b1beb90a97270b14e259c4af1c54a1a92","050f5733-7c0b-4991-9a6c-7ea12ccf0ca9","Up the Beanstalk"
"WOE-uncommon","85cf6b327705333cffb0d68f939ff56c52239b3d322a692d61d7128889a49a18","e5557c9f-e4c2-41af-9fcc-371409e1dec6","Taken by Nightmares"
"WOE-uncommon","8eeccbbf67cb72a65e2eae386056229a44cf3d6685877a1a39b8863ac5b64020","2be2f6c8-d8df-4e5c-a0c1-7566183bbe81","Belligerent of the Ball"
"WOE-uncommon","9204cd71961a419989bda2985e4d13438f4a9fae0d6e2f2d374f7eca9309f3b0","9e459e48-d2bb-4c4e-9a87-58efb56cddd1","Redtooth Vanguard"
"WOE-uncommon","920a5d4b4584e06d106bc3c4ff20e961a10618dc55d6ef205c3c9ba00a3409a1","9357fc7f-c9d0-4ce2-a6dd-0ff1f24bfc56","Spellscorn Coven // Take It Back"
"WOE-uncommon","92f054f6b3a48035aeb852845af5a6aaf9b695bb7685b18df17e02be2822eae9","cfa46f8f-b3ec-4ee0-acdd-622f3177e02a","Totentanz, Swarm Piper"
"WOE-uncommon","97a48d72f8fb8e44ecb9ec37f35ca4bac991848d9c5fa9c260c4602ff2a2121b","90ecd452-333a-43b0-be08-a61f3779b3bd","High Fae Negotiator"
"WOE-uncommon","97d9b8be797f1bf97e385892a8ec58b1acd85070694e3213e0d4b7e794b61fe8","d2e6fbcb-ebbd-40e8-8a01-b675fcacaf8e","Knight of Doves"
"WOE-uncommon","984eaf5c9c10ea8a27c2ac51d30cd6ca0e55a5ee814cb71bca2f850e288dd35b","5369e40a-5fd6-4a9d-bdc9-4af510449649","Three Bowls of Porridge"
"WOE-uncommon","989d259713ae13db76ec799e0406049ebc95a8bc97d6d9299954e64f99e94c56","ba5895e1-f12b-43c7-b47c-376588d9d2d2","Neva, Stalked by Nightmares"
"WOE-uncommon","9ff60b3b7df1dd15b0e20a4c8659ada531ff6f6e0cbe3468d78a2c46038e752b","d9167046-7908-4d16-8cc1-3eb02d1ba547","Glass Casket"
"WOE-uncommon","a6a0c5ce7a209ddc70a9df38187ca0285c4a7cb7413eea11aee4330fdd905b31","70d52457-1867-482c-ba7a-1f7dacc4514f","The Princess Takes Flight"
"WOE-uncommon","a9f104900af4874f6f7dbd1e5a2b5b206a81c1a3e85711cd2d3ca3f53583cd63","00173df7-a584-410c-af1d-ada9c791056a","Greta, Sweettooth Scourge"
"WOE-uncommon","ad16d98b1453ccc6b606ecdd8fccb4008ec090064faa111ccadd59860e2434bd","cddbd819-4895-4712-b44b-d6b51f3d8646","Archive Dragon"
"WOE-uncommon","b01728784adfb4929fc6b3c5fded59eaa4699d12a9fa9a89e6782e5f896cb19d","0e7405e3-e9e6-4213-a73f-e0c01a7d6721","Callous Sell-Sword // Burn Together"
"WOE-uncommon","baa422e0e427ee5cf834c4943a0ab032d96db8115e365bfa12b1ba42d1b00033","f762c225-1c8c-4f12-aa88-c8c89e0a7185","Gingerbread Hunter // Puny Snack"
"WOE-uncommon","bc74b2edd93f4b2b37ba9f9d4dbb8774b5cb7cc53fae7be8403f97c67a9da815","2c232056-9dd6-4a78-be08-3bff19daa88d","Embereth Veteran"
"WOE-uncommon","c2ebfbcebe95aeee32c1b87accdd5b3890b123d84bb53c342d0ae78acda5479d","f91ff377-a997-4f24-926c-76edcbf91a6c","Dutiful Griffin"
"WOE-uncommon","c32549ace7d3a7eddb00a77d55fecc4dc9b221a96d15b100b7e1537eaab10d04","53fc09e1-1e5d-4f22-b623-2c5c770183ab","Syr Armont, the Redeemer"
"WOE-uncommon","c345340d70f2a185d056e4a98145dbbd4777077f79fb7dba3d4459c637f860ae","a5ae75de-0dff-44bf-9dc6-5895ab3ae731","Twisted Fealty"
"WOE-uncommon","c555ee35b1397a89a6b2f63158338df46136369871df755842781ece1ec59f0f","35ba0e70-da7c-4ed9-b8ec-7dd5c5ce110e","Eerie Interference"
"WOE-uncommon","c89c898c8d99410f3c0cc0fb47bd060b214b377e0786bd14f647849bb0509319","4162e60f-9d70-4b8c-a838-df57b83c208d","Obyra, Dreaming Duelist"
"WOE-uncommon","caa88720bbb274ce7c2805a250f55fce5339b83de8a8d34d6ae1c5a9fcc74cec","8a1a5862-c027-4c15-99a7-1795d0da96da","Tough Cookie"
"WOE-uncommon","caed06f3248c6e0e3bf28da12367c9395a28374f81507718fba22f93d48519bc","0f222f3d-f02b-42b9-aedf-fb7ed92d4889","Two-Headed Hunter // Twice the Rage"
"WOE-uncommon","cb2b281b34030c6d71bd9c9cade0a78481f4cab525f7f9f8a03d597c61189a5d","6f1e5571-ddda-4cea-84ef-36a571d8fd51","Ashiok's Reaper"
"WOE-uncommon","d0ce514f4f3bba3a270c2c663fade83e80c6496c0301bc647aeeffe98553e241","1b5e6560-ff2e-4475-96cb-63f64c8a86db","Soul-Guide Lantern"
"WOE-uncommon","d3115f3e58e0898c66139ac78754100e425ddf902665ac32e9b42097981bec4f","f01cf0c5-0ac6-4ad3-8642-dd21c8e8563e","Hearth Elemental // Stoke Genius"
"WOE-uncommon","d3d8abe6a8f1e3feccf68deadff591095c4b2c2b8d52788d1a9d92178989684d","d6a767c2-8bc8-4686-899a-0ba3a525977a","Tanglespan Lookout"
"WOE-uncommon","d48f5db30765f8ef1b99d650df2b54495baf978604864935db940a9920c4d7b6","50bee80e-89df-48c2-b608-ba66ff3e794a","Imodane's Recruiter // Train Troops"
"WOE-uncommon","d510c76a4c2ddfe5aa2f19ace373ac2697132c7183d170b2e126c68d9b6cc2f7","f12c2b65-4a04-4fab-ae77-973fe5cc823d","Howling Galefang"
"WOE-uncommon","dad6d7fb94edf3bdad7a194ac3a778f41bd190aa93b1e69ea7fcb36b5f9f640b","5d1b0eee-3a7a-4f22-a40d-7658a368962a","Ruby, Daring Tracker"
"WOE-uncommon","de9ed76fe5a279e4a37e313b508302b64fb5e41bc49b9a109431cdf8c5c830ea","21486218-70ec-4c60-9844-8f7c80912333","Splashy Spellcaster"
"WOE-uncommon","df419620912f2da136b3784c8f3a9a2e434321cddb987705a012ecd1e559a21d","db70ddae-0ac1-47f2-9158-8448e337a08f","Cheeky House-Mouse // Squeak By"
"WOE-uncommon","e3806dfae41a1696fd173b74ea7ec9c14167e4f30095bb361d05056ef58c312c","1bc701e2-913a-45d5-bc3f-16f87e7e2653","Ash, Party Crasher"
"WOE-uncommon","e5cfdec7a27668f2ea646689668f734ed1471da4d3acb581070145419c22d9c4","ba36f27a-08fc-46a5-bc55-2a71091cebcc","Tattered Ratter"
"WOE-uncommon","e5dd025aa9ee4e559905abc1c22a1ab3fc895ad2854f40b3288d86cfcad17bc6","ee3d21b9-58b4-480c-bae3-26de50f1a5c6","Back for Seconds"
"WOE-uncommon","eb9e8c7e55d1ef40d6c351a4074cc2dc240a5572a9738b46322bda26bc706e07","9760c396-fc7d-41bc-8f03-5ee359eaec00","Welcome to Sweettooth"
"WOE-uncommon","f18fe389b7f795609b9d6f81ffd3771129bf34b4aff78cae3ca98f9a05968863","1135ebc3-9537-4341-956b-6e22d8be5f20","Troyan, Gutsy Explorer"
"WOE-uncommon","f320b1c18eb86a5fe9366f0de10899f13f856ce4b048fe15ec87d768801ea8fa","9a107e48-3d50-4941-95b1-10f2b29a4245","Stroke of Midnight"
"WOE-uncommon","ff221563329157ba02b1145eee6a3d825d1023a6e154934be2899b707cc73d66","99c9920a-f84b-4626-9fe5-d94cc62cd277","Twisted Sewer-Witch"
"LCI-common","00f50068e108b2d93111ce9d5b5a2e83edd2aa4ec3280bfae9b187d10bfdc42d","05da6b06-fb5f-41e8-b0a2-d949646e36d9","Mephitic Draught"
"LCI-common","01d73c2951f695983c6534f433c262af97f8ee6b246c119e1c7e0326d98a59b4","d4a9d63a-5a8a-4f51-9e49-43d6dc3234b1","Greedy Freebooter"
"LCI-common","0bf539e078f73fd3aeff15a2a2be3fdf8da34c6119902a7c17e73120324f4f6d","db65f874-6bf3-4fdb-a977-10b01b7ee2e9","Waterwind Scout"
"LCI-common","0bf91d9391f0a21036a31e4cc545640959af9fecded49efb3204c8b30cf59571","861eb7d7-7616-4620-a4fd-4b8c3bf00dd1","Promising Vein"
"LCI-common","0e06dc8b5320febccee362ccd914c06be988716088299a33fa40a6834a955777","26b441b9-fdfb-43e2-bc02-b358653eadf4","Over the Edge"
"LCI-common","119392f065f70da08eb7e50d9fca00ee711be4985a922e8ac34801597921db61","fab5f694-4a9c-4e72-b164-f236e8212ff7","Ironpaw Aspirant"
"LCI-common","17e293294c2b3b0ce3ea12fb3e03e6fd32a7b469ea481e6dc7bdb80d858fb7ea","5d840e49-3ca5-4e4f-9152-a365ad2b1773","Soaring Sandwing"
"LCI-common","184b2525ac5c483b1bed4c56ff520b6ba2dc76c042afcd1b6f3dff6df293bb45","0f85714b-e731-45a3-aa65-8cd59cd48280","Attentive Sunscribe"
"LCI-common","1bc3fa255bbf3eca0406a9237c88bde83a0cad23a31b237e755d2906517f24ed","54452df0-560c-4561-9dd2-3903ae49c91b","Pathfinding Axejaw"
"LCI-common","1c6dc6f9cd25e234fefa92683abc25ef2f10a6baef1fdf0e571ec86c802a06fe","142a960c-4d8e-4b3b-a0db-435c22df8f92","In the Presence of Ages"
"LCI-common","267d7797cfcb453079a8d2a6b186534d43a82ea859cb37cb1a8b90f21a97d7f4","f780ee53-62b0-4c32-b5b7-047651f48e5f","Hidden Necropolis"
"LCI-common","2a551c000cf15327a3a840c355028fa9b9ba945870636bc75db7aca7ac3bf837","9097243a-39fa-4e18-8316-c0e57699c783","Tectonic Hazard"
"LCI-common","2e3263e6894b9190f4d44a51d7743c3b65bac3f10ad04e4a0347e0c074b4f129","ccc2eb6d-21cf-45cf-b4e4-4b2a2517136a","Deconstruction Hammer"
"LCI-common","2f2e5470a6308136ef7cc8790518b544686835e6541d099a411dbf0724ffee11","f064a39e-ebb3-47b5-bd06-f39b02b95eaf","Thousand Moons Infantry"
"LCI-common","32e90e5dafee8782429d068696d1b8cebfb3e4011f0d0e2e70af5254e18f0ba3","f05575f8-4961-4780-83fc-3584d9146a14","Shipwreck Sentry"
"LCI-common","3333c870ebc13545cecfbd41b5a0f7320445fc4d7136ee792e5e7f6d742bd7e7","6a381297-ebce-403c-b1dc-b7405fa6902c","Disturbed Slumber"
"LCI-common","3980b36b09947d51b2c541c8e6af8b185685829d03b7ec6360664e92bb7d6f44","19afaf35-b420-49e0-bddf-3180bf1dc30f","Sunshot Militia"
"LCI-common","3feeba9a8998a5ba7970965a4981b68aca27e6a3087e0f2933cb4082b1943690","7887f060-3024-4dc4-aeb5-fb5546db6b48","Relic's Roar"
"LCI-common","402d0d3528bad3fe5401233ae95b1b7354a49a17f9b90b2d7727d3f90cd9d41d","a0292e0b-7bb3-46d3-a29f-b54bce5b20f0","Hunter's Blowgun"
"LCI-common","419b6438c605daa9fecf16a939e2300ad303a8116b44ea354eaa5566ea065911","324d2aa8-6dea-4b0d-898d-1e52ed187565","Acolyte of Aclazotz"
"LCI-common","43c4b1b8e116253cd05ea2c1d65f8b699e666534b22507c657893418329e256d","41f6d6d9-3fe5-44b0-904d-1cb90d36f2b6","Rampaging Spiketail"
"LCI-common","44bd947fcfca7850eba460f18cff3720c3c1e7941d5bef04f20ccfc78cc47e1e","b7f56bbb-961a-4641-9446-7292ef188b1d","Deep Goblin Skulltaker"
"LCI-common","48d7fcaa4a6be8be803a59b164df5a8d1117264b416c352bc7217838301f0313","57f15861-82cf-4faf-827c-9bc7f4844d2a","Runaway Boulder"
"LCI-common","4c7e2632e59b391bac37ee19d0dd9dcf179084da503803cf7d59ae4f2b54ed75","eb161d0b-e534-463c-b1d1-7210bfba5d28","Miner's Guidewing"
"LCI-common","4cab54f3c7f939180a2b641147b89503225a9a7012e64cfb99e4373ad74528a8","a1c7cd7a-0795-4135-b787-effeb981d95b","Hidden Volcano"
"LCI-common","4da3d471a271eed94f6f521a53d34f1f0fb1eaa9422d7a370fcdebdeb9f6f139","b9080653-87cb-4443-a4a3-36637d5ad165","Pirate Hat"
"LCI-common","4f8e2eb552448d9ccad8bbc7b9621ad3ec0d89494812bf14e43139840b80efa3","d2da26d6-b0f7-4af0-9ce8-fb8d82fe2d85","Sunfire Torch"
"LCI-common","519f964b24718956583189aeb3a75b903b70574843634d447c23288aaa43e543","a06a35a9-a23e-4a0a-90bc-84e7a52d2cef","Oaken Siren"
"LCI-common","51b908a83eb2266484bb3a42f0e73123da545b0a951777a6477bb99dd260e53b","dbfa2743-34ff-40e3-81f7-740fc08cd18a","Ancestral Reminiscence"
"LCI-common","5558bc08dd02faf56e07054f53e967fc23054ef1027b2b55d3031497b2836b0c","656fc672-efa5-484a-b5e8-eac262331439","Sage of Days"
"LCI-common","59b72d1c6dbe8d8f76852018271a9220d3e8419070b93436d7755cfc07005745","3ab13412-1eaf-40c0-905d-8a3ca0c51be5","Plundering Pirate"
"LCI-common","5a198f5e3a7d49ecdf110bd54fff365ec9c9dbd472fad0d94b55b457e13d7a52","d32f570a-3738-4a9d-845f-6c7892b69991","Screaming Phantom"
"LCI-common","5c91566b8f8f9af7d56e87493fdaf08ce166fd85d397bf4d8e842e2fb8f15ecd","4ad34f85-a185-458a-a7a1-eb60f7efce5b","Brackish Blunder"
"LCI-common","5ce7a00dd2c45f4a0c297ea1f2096972269abb83b2752c9507ac7f668d8b0bcb","cba9d6a2-1772-42dc-9bfb-c933a092be19","Seeker of Sunlight"
"LCI-common","622c8b0e97d2ffc7e95415f7c36369b4a67ded7e0c49188a543557e99afe12f0","3e5402bf-ce7b-4c23-9333-0acdcf349caf","Fanatical Offering"
"LCI-common","6623c2ed50701533f17ea3f3893c602dab1dd351a2406bd6933114a2d83b07e1","3feedc63-173e-4713-8e96-8f1c9576055f","Inverted Iceberg // Iceberg Titan"
"LCI-common","669a3e48ccfb4ac49f99e8873244cd6217bcf0e58ce17449741685b14bd0d85f","cf73d2e7-584f-41d0-8fc7-50d886dcf9fe","Fungal Fortitude"
"LCI-common","68b115ff83848f095c2d1d397f94832596acbd280cfae952b5565ec170f65662","927979d7-9b5c-4448-aef0-baf2907a89f1","Hidden Cataract"
"LCI-common","68bd77c687ed54a2143f49c43c21cc7c00635592f2a91844d77830df673ea18d","03ee49c9-95a3-44f1-b010-f7c4b2f86a7c","Vito's Inquisitor"
"LCI-common","6a622cb61f4dfd775297d3bc0f4e0d46ba82110d11df127a453620960abcfbed","a95a0b13-d50f-41cf-8668-de60d445e7b0","Ancestors' Aid"
"LCI-common","6b3b6f50864e2320c975fbb19d81a7596338977c87621f1cee078a164094e8d8","cd1e6225-31b7-4a70-81ab-681abe860328","Tinker's Tote"
"LCI-common","6c1a8680a42e72d0eae6e0f55b150fedfd92f980d46a1d40f1a43878aadcb214","25a9c864-59c6-4230-a234-bf78bf1ef24c","Malamet Veteran"
"LCI-common","6e3a9c81e7445e898c8ee662780acab033b5f195a1534be0a9b872526ff3a307","e88a2b71-c90d-4e16-99a3-93d11fe7a968","Poison Dart Frog"
"LCI-common","6eb4c171337f59d0e0c2f69e6a3aa82344df392e6746621958ee4171e23517aa","3efb64a4-04f6-4b78-be1c-5b6320c02a71","Hotfoot Gnome"
"LCI-common","6fe9913139e6885063bf862618e099c5f77da12b2c8d84769fd4c0a62c02f160","ce657a2e-461b-45fd-ab98-35b5c8512777","Walk with the Ancestors"
"LCI-common","73ecac74defd9d76920d38e2a9d79457923195dd2d188d38fbabe2c0239a36e4","b19c4bbf-258f-4436-8ef9-fc905c283776","Oltec Archaeologists"
"LCI-common","79e28f98a1cfd7ed38b8173fb2ab8dfe6f5935635af7f202fd29a691e70f22a1","922a8e27-a367-40c6-84df-86ed32f71c7c","Oltec Cloud Guard"
"LCI-common","7b5fa90eba7f0bf0e51bb3086618dc298b0e815d046dce763cb15e40b0b2288f","e5aa32b6-2eaf-4b48-81cc-cd3db976513d","Mineshaft Spider"
"LCI-common","7b9950a24fd400f3a22fc3a2bce09fb9dda2be1b72dacf1cbf9640821dd9b2e8","701c8624-70d8-49df-84b1-d7b2a8e83552","Child of the Volcano"
"LCI-common","7e373306bef4e9b38921d5401a0a0babdb3d5e4963c92af5de5c014dd2600cc1","56f5ed8d-ef53-4766-9ef3-1e24a10e267b","Buried Treasure"
"LCI-common","80879a4d0821c29c053a30f65c9eb010285328caee425439523359dadd3cb4e0","1a26e2d6-6bfc-4cdc-9bd6-8b37a9be2961","Hidden Nursery"
"LCI-common","821c7971000a065442546ff92cfa42240d87abfca33473f1d35347b21e639422","99c5630e-cc04-4203-9006-3bc6a6807762","Malamet Scythe"
"LCI-common","852d8de4cb87426c8a26480fb2239a58af3e3f5c226da6f694288f7c06ef7c1d","1347224f-421e-4270-8e50-cf25c875909c","Acrobatic Leap"
"LCI-common","85ddb1fb1a5cb0bf89cb747028a69e8cca14a6081576a7c2820a52752529ab4b","b1804304-fac1-4b19-a48d-6ade9407972a","Dead Weight"
"LCI-common","87eab4db37c3f8d111ea9dd1be723fbff83e919ece12fefdc9087c390c88b6fb","b153fc70-0312-4856-befd-bb6b9a04a26e","Join the Dead"
"LCI-common","88b1b6266c10d5cf0bcbccf34e8c99b330152b08341dee4b632f917aa10c7dfe","0909cbce-b4a0-42bb-8a97-47eeb99606c0","Rumbling Rockslide"
"LCI-common","89cd7501c64ae3d4ea98bcc90b721eb0615f9fdcf18f84a8126170d8e9a8b288","ebc70734-bf1a-4754-8094-bcbb4db91f30","Envoy of Okinec Ahau"
"LCI-common","8b74959fc973cb02d15486db995d98eeada769aaba04825b175d91a921b57849","d33509d6-9d0c-4248-bb6d-0a9b7712f3a0","Nurturing Bristleback"
"LCI-common","8cab6830abf6682495d71316856838e300358d65e4bc7455ff908a751ae9a55c","6de64e59-0a47-46c4-90bf-c56e63266f19","Panicked Altisaur"
"LCI-common","8fd12ff53f05d8b202cf0e0dd0375940333251f965b172bf50ef2e0067ca5edb","07a8ca73-9890-4c87-8b39-fd9eaea5ef45","Glorifier of Suffering"
"LCI-common","93f12ea201daa9f12d706017afb5c560e76db00d608fd3567b1e81878fabd730","e19d5071-4ea1-4883-b067-a21e553f96e0","Hidden Courtyard"
"LCI-common","9c41b29afa8180478bbf8747e6b3f43a1d9e14f73a4e1b01ef86ea995052ccad","9da7e8b5-887d-4174-b7aa-982fd052fcd1","Burning Sun Cavalry"
"LCI-common","9f4b9550260b708278e8d85875d8f066148bcdd009a2ac6b4abdb0b7180bfcff","3b66d2c2-be7a-4296-9888-f0cfb2975e89","Seismic Monstrosaur"
"LCI-common","a0b110860806f366d5ee07e1bc3ef89b0b2897c46655c0492ef1b1a5f5493573","460c0f0b-bbf4-4307-9b44-350175d83bfe","Cartographer's Companion"
"LCI-common","a0fba67700cc02090972bf5e10766ee614ce697bf523e7638024259593c85c90","eeba4706-b4f2-48f9-bcb1-e42a5fc68c40","Broodrage Mycoid"
"LCI-common","a34a9f99c79a6c0b9aed533a992beb8a44b241046b1614ee8084a74e99cb134a","021428b1-005c-40ed-9d47-fb5aa970598b","River Herald Scout"
"LCI-common","a758d14471e6eee17f256e0c9d96aefcf6814f72599ee13e1b86d3aa2211f20b","57bda813-ad4b-40ab-aa35-3f8343ff8668","Staggering Size"
"LCI-common","a9d51e0507d4f0abd45becb065f725c2059d104beccb1fa371f2fa9763f1f6e4","8151668c-6459-41b5-9e57-bb47c3876b81","Didact Echo"
"LCI-common","aafe89be83102361b1f87bd23791707900b3745cd88422dacfd3f1a79c783225","0ce678fa-6495-4857-b178-231c283b4514","Basking Capybara"
"LCI-common","ac9bdbeb5414c163103135d0704b317fb08cb62f4614b5c49cf4d7a04ebc1aca","4c77767a-8133-43bc-b7a5-09a73259d354","Captivating Cave"
"LCI-common","aedbe255ac375368fbb25530fdfc65cbfd55ce5652bc1ce636cd4c7bb900621e","6c4247d0-6dc8-4139-bbf5-c83dfdc7be1f","Deathcap Marionette"
"LCI-common","b09910d90794b16eeb9dcf0b31579446cc73b2f50c6f616a54cec2f573150f65","6aad6906-96ec-4994-bfc3-9a76f893bc8c","Armored Kincaller"
"LCI-common","b111066eb468dfcbff9b9eaedad1365d37d2054441e8aecbf02e2babd3c2a811","db27e3f0-5750-4c4b-9da9-70c3ab627f9c","Cogwork Wrestler"
"LCI-common","b73dcb9c35c451892a58ce32689f5fa3de0a7f66e496eccbc9ccda6bac07e6a5","fcea912b-58b1-4068-ac4d-1bc89aa7f33c","Out of Air"
"LCI-common","bb992d04c76572fb7fd280d8fc63a26d635cb7c81673c0481be452e6bde68d07","87300967-1a59-4dce-8876-f008ff3bfb0b","Song of Stupefaction"
"LCI-common","bef4dc57bd45f2c00f5a802620a67aa5aaf393215b3b61797852dd947bac789c","e36b78ed-4e3e-406d-85b3-fe0deb493418","Ray of Ruin"
"LCI-common","c04fd039a05fdac1c1206d819efd55fecf4069823295fd5f3364523928933964","b9687fef-4cb2-4bf1-91ad-49dada07f4d6","River Herald Guide"
"LCI-common","c168cb8ab6fdc6193050291f3eac9769d2f086332604884d7c821570b3422bbd","ebec110e-aff3-48aa-abf6-309dd2ffb478","Petrify"
"LCI-common","c3dc70786a7625631c6be6e7f4ec88c246caaa352aacf5199783c58958e2e832","52c96b5a-ce47-4bde-b530-0033b9bfd808","Cosmium Blast"
"LCI-common","c4d145da28264f41dcc5b73583499a0c4b4cd6c9472a800e178372f9b66df5ac","6420e8a0-3ef4-4f95-bb6a-12409eef4d48","Skullcap Snail"
"LCI-common","c62950d42bceba89c40ee775a1c0d1657e4885621a007442029a9f22a5baa2b1","b1ce2971-fffa-40b3-9bfd-29afdb929e74","Thousand Moons Crackshot"
"LCI-common","ce21d96018094f583915cb837550eb80765c4fb3ac7a3be1cbda10bea939bd23","b64051c0-e791-4fcb-b79f-4287e1b06468","Compass Gnome"
"LCI-common","ce3d11bc8c06420431046ac9d62c089c518069b13a19d41a85b910d93ff65538","e7ba349e-b9c1-4373-b79f-755688138b7c","Idol of the Deep King // Sovereign's Macuahuitl"
"LCI-common","d0273e53a7a369396742dfd469226caab764bd749d953efecbe00335f6c86c61","1ac3e4bc-1678-4280-a071-3dbc8ef4a2bf","Kaslem's Stonetree // Kaslem's Strider"
"LCI-common","d2372af4b4ad6ea14ee2257c75dbb41ab3e6ce3f41615da82cbb3dce2f3b7fe9","2fdc0d15-ecb4-4a6d-be77-7a3fca188c9c","Adaptive Gemguard"
"LCI-common","d870f87274e5841dedc4e866b84f1f0245bb8ffe4fec1f31ccdbecf7fe6b690b","20acb8df-2ea0-48b0-8dcf-54dd0e1f8db8","Huatli's Final Strike"
"LCI-common","d882f17b066be79f338ec3243738bf77f237e015df4ada4aa1c18a89f2b7b674","06905dfb-b2df-4849-8848-fd3c964aa8c9","Malamet Brawler"
"LCI-common","dbbf72f91def2b8dd04053efd88c5247f40285899b41f50cf62a4ea7f74e94d2","43c92618-0aae-41f8-aa39-393e5d6b5ff7","Brazen Blademaster"
"LCI-common","de0a592788a3827e73b632627285ef4bbe231ffbe9754331c666f01ea4fd88e3","94657522-9977-4d2b-8eb6-f1e64e82cd0f","Cavern Stomper"
"LCI-common","df35935b8902d5ebe4b1512b5e5b5f02540efc92c43cbed80205f6d89c8d8428","43fb0f35-8eea-4344-9415-6ecb8aa46491","Quicksand Whirlpool"
"LCI-common","dfdd1b02269e03a5ecdafdc1a424a3c9353f9c43537cf0b91bff806203dd5b74","81dda1a8-72ac-4e69-8367-4f72c445197c","Disruptor Wanderglyph"
"LCI-common","e08add272bb37b80bd5ddf64be4b0e207c00800d38cb5fc7303d3313711cd719","ebc3ca0f-35eb-4606-90ab-eb64556f81fe","Volatile Wanderglyph"
"LCI-common","e3e1184b6f662ff9d2fd7866fc9b9747ff0d8734e7d7733ff5afce2a85af2236","37ce95bb-8ff5-47b9-85e4-21be7a794940","Goblin Tomb Raider"
"LCI-common","e4f842e764613cf7b48293991dce121bfeb1b60bb6dbc19d3050302a6019cfbd","443f2272-6475-4966-8ca2-717d4cf208ee","Dinotomaton"
"LCI-common","e67a50c6e01fe46de7330dc3730ad45b9d07de2dc7230f7c1d5bac1978f4848c","8972de18-2c49-4162-a285-264a44c0e675","Family Reunion"
"LCI-common","e735c2f1b1891af1fdc422f70811d5d796adf40cef25b282d9f330ea2186bd1e","cbbd507e-06da-4b47-befc-61db8c92539e","Marauding Brinefang"
"LCI-common","e75b01a599b9063e02a9e94affbad413d951866456c65d7c602cea1642eb203a","98ebde8c-b47d-440b-93cb-a1407b807074","Unlucky Drop"
"LCI-common","e9d475e7c9d08d43e6bf7c964d1fe6ab7beddfb63f81f7bb56a353070ec38dd4","fd0980ae-eabf-45da-98e7-23d81bfa185a","Echo of Dusk"
"LCI-common","ec2fbbc7217066300f56b75b8ae026da1abe17735018fe523e46ad576d18cced","ac5294c6-bc79-4a0f-b8b3-52b554561e38","Frilled Cave-Wurm"
"LCI-common","eca04a5892a567bb446f2221b76875094020e25c34e55dd35f5b5169e69acabd","80ca6596-9763-4310-b30b-7153ade9f567","Primordial Gnawer"
"LCI-common","eca62ab28b8c2a640575156162ad0304121ac8e1df730b042d8b760d41a449c2","a9564593-b5a6-4a83-be1e-2af8caf647d7","Daring Discovery"
"LCI-common","efefbc8097b92d475fdceae36685628b03f90132b17022e2e20b6bcad37858ba","883a4180-9ede-4249-a4b8-3a29c998fb63","Tithing Blade // Consuming Sepulcher"
"LCI-common","f18fbea5ca904cac0781e565eefff120a7676ee00b4f42c5ed7f4c427f3dde54","6bcf21ef-6641-4752-a0da-937a9277c812","Orazca Puzzle-Door"
"LCI-common","f2d83e6bf5aeb9d6e5dd55a6f9ef4f9f7782dcaa22b534d49f122b8a8985efe6","2420828e-b886-42d3-81ba-8ee81b6e1eb8","Oteclan Landmark // Oteclan Levitator"
"LCI-common","f599d1e6bd92c8d9e78c960652468b45d0d295c162a4f975572c8a30c996df15","f9db72dc-9a5b-48a4-a86e-7464d9a2166a","Abrade"
"LCI-common","f807fb42090aec47c9214050d9ed918e69a9d42b026b4912d44d9ee0a4512bd4","df98b93b-0aa6-4bea-9d8d-798ebc795b0b","Etali's Favor"
"LCI-common","f8f7cdd6d873db6a6cb6f6a219d176bdb1031c8fe4c68629f15bfff9bcb521a8","df9cdc11-cb92-46ce-a83d-eb26e3cd004a","Another Chance"
"LCI-common","fb6114eed8556ffc8e5539d0955b8c5df18b1438cac5dacf93d5f2453badf7a1","5453e4fa-49ea-43fc-8de5-6873d29ef627","Waylaying Pirates"
"LCI-uncommon","00d6de35e3b03d9c43e60b8b93dfb357db9196ec40e713b4e2312020e4ba5b8a","18ba355d-a25f-4a5d-b734-11739b0b86af","Guardian of the Great Door"
"LCI-uncommon","045ce12052c810721834da939a877d34e72523ad17cc80edd6330a53f66e5680","542e7d60-3fc8-46e2-8786-f7c8b3d4c979","Diamond Pick-Axe"
"LCI-uncommon","06afc9576318ad5c66943cd70cdcdb6a2ff87f001e593b4a5ad9cca05f75d017","e90f298f-c54b-4fe8-82db-5b9153a57712","Zoyowa Lava-Tongue"
"LCI-uncommon","07ce27ed843bf4c15100a6ddcf3f61eae81e426334f58518658faaa96094f980","7cad43df-31c9-47b5-bc05-4a0f6544b396","Visage of Dread // Dread Osseosaur"
"LCI-uncommon","0e0d6794e1cba5f1b1a161d3e9964e57da979bff483080227b7deff4f75efb0e","483a0caa-e912-41e9-aaa3-bcea9369ec06","Malamet Battle Glyph"
"LCI-uncommon","1078dc3f923b95a5594e212511e098da8cb2ba10112494bc1dbb6b3930a287f9","63c8f510-eba8-4f00-9f80-fbbc74801a4a","Scampering Surveyor"
"LCI-uncommon","10ba60c9235932840b73e6e5dbe371995b91d06515f77f4117d2d5a903fdb952","2962fe4c-bf48-454b-8a6b-0f8253352ae8","Spelunking"
"LCI-uncommon","1279bae78c0b09eacd732a8bba4e04a9de06e4bd9f17f86010ae52ce62c221e3","2dfdd358-e3cd-4bf5-871b-37689b7951e9","Master's Guide-Mural // Master's Manufactory"
"LCI-uncommon","1eca9ead1a6271d5e3d88916a25242cc79fd49622ff1c73455745e9da0713902","044d2788-6daa-4849-a813-1f577eef9295","Pit of Offerings"
"LCI-uncommon","24b4c9960da66996c8675b7b4403480a7aa9d8e89db06b3b1a3696f2d411d7ba","d491995f-e9b2-4187-852c-8a4c2495eaca","Canonized in Blood"
"LCI-uncommon","27daa950a6e3bc963cc8ee54df6fd1ea10e039bffde7a23ffa78b1ea553013bd","f429ca15-c578-4c1d-a604-fd5509c92dba","Lodestone Needle // Guidestone Compass"
"LCI-uncommon","3614cd17cbf53afda3b5ff3519c54a129c1a55c44a6bf5febc9ca500122edb77","3df49c4d-a285-4826-824e-b742b0deed3a","Confounding Riddle"
"LCI-uncommon","3bd6e5a08a47a677be5ef60db982f60812d52da18b5480a4de530e6890e2613d","91d01119-9b3e-4629-8cf0-bbca2c19a7cc","Rampaging Ceratops"
"LCI-uncommon","3cbc89a58e4f2d603341a6c25dbda4397a86b13132173cee51d52b722db759e7","3233af43-7826-4895-b67e-03c6102c2cd5","Kutzil, Malamet Exemplar"
"LCI-uncommon","40a78c4ccd90e28e06e4446382bafb7f5404f85e70326650d8108b45a040d34b","558135b3-babc-40b6-9d9d-57ab0965ee3d","Calamitous Cave-In"
"LCI-uncommon","416700bcbd3520e993e9f969863b09e382dbf962c294b737eadb1538293a2a41","36bfcc4a-7f66-4649-ab6b-18d360299d46","Uchbenbak, the Great Mistake"
"LCI-uncommon","41d5f6935383be777110edb1f70f772a383c359142414d8f64d7f4b5221d73e8","f976a244-1240-4430-9182-bb8d6d932ea0","Itzquinth, Firstborn of Gishath"
"LCI-uncommon","43b3193ccb91657c980a0029f50bc1f0d5c99d64f2d6083a504114ddd060988e","68c56db4-c97a-4c1b-a6f6-096392488e21","Chupacabra Echo"
"LCI-uncommon","4e6cf75d643abf8d7987d144016ed0dc369e7f3141bd3637f46f1ba46b198368","7534d0b3-4211-4add-8e8d-370c033518d3","Goldfury Strider"
"LCI-uncommon","50783e0b658f3ceb864f521d5ed41835500da075a7d23d4cd406fe261f79f874","454cbc6a-b7f0-445e-842c-5db267917a18","Earthshaker Dreadmaw"
"LCI-uncommon","519b5f82ac3b8156c1b7255c83e9cd3b9417ecbf89a3ebb85954f7eb7c09be33","6bda307b-1508-4582-952b-c690db85e045","Hermitic Nautilus"
"LCI-uncommon","5662f370dab91f23acc8f223b68f26ef184ddd532342cf5a182a5d101ccd46db","d2824464-963b-48db-a482-cc08a0a97332","Tendril of the Mycotyrant"
"LCI-uncommon","567b77f15c3ec3733cff293dc89f6011404c82eda88abb98065c01a32b835119","776341cb-d2ec-423f-9250-92dc8bd8d503","Bitter Triumph"
"LCI-uncommon","5794cd13e3e36a653ecdf95aa530b3919eb733e09a109a47fa166a5a99619a36","90e1bcef-53af-4c08-b713-bf10dfcbd577","Clay-Fired Bricks // Cosmium Kiln"
"LCI-uncommon","57af990eeaf67846ca34c367101ebc52a351306a0843b7821e6493f9d15f6925","71393988-ad6f-43fd-9978-c0de15ae8e87","Forgotten Monument"
"LCI-uncommon","5c3db016e52b943a40519eaf74e8ccaf3ddb4c7a6eecaf600049c21f17947ec9","e75b187d-0e3b-4d94-a940-8b7e4e7ed1ca","Mischievous Pup"
"LCI-uncommon","5f753acec35790105773624116f0c20b42e3e9c88d4bd699fbc67c722dfd46eb","7f87a770-af47-4345-8dc1-0a1e8bae75c5","Caparocti Sunborn"
"LCI-uncommon","60797be2e9e8b0b7c51103f108f53e9a240c0df687ddfa62365d215597a4a147","c69742bf-f0f5-4216-a602-c21f9c5a6501","Sunbird Standard // Sunbird Effigy"
"LCI-uncommon","629a70e0ca1b1d1bc7b0c7cf62e80cc738d04d880322d4dd475591fdb377c3dd","535f9bc6-9a07-4850-91eb-c00d06633e7e","Coati Scavenger"
"LCI-uncommon","63358fb69f66a0e606522a6c334ca9430da8f8b3fe6b4893388f4ba862dcbb3a","97607bf5-ca7b-4b1b-963e-390faf6e413e","Enterprising Scallywag"
"LCI-uncommon","64c69f181afceb4e311893bc5eae21552e5be900a0410887dc18606ddff3e7e5","95c44f28-f7fa-4785-83b9-0d81be0db0c8","Volatile Fault"
"LCI-uncommon","657cde96864a6941d8f60b039f1253c09488a28cd5101221f3be85de1faadafa","e6f379ad-96b1-46c3-bbc6-a8cb57156a7f","Ruin-Lurker Bat"
"LCI-uncommon","68c373b89d72acb64547ae6a08daa1d3e11323053ce5a3bb2962be63997d4f05","170a5dbc-6a43-4715-9501-178b1eb7b08c","Helping Hand"
"LCI-uncommon","6b8766a52bdf43bde393420200b6a11a31fec5260a69f513c238ac3b4b8d7984","fa2c984a-6bc1-4ec8-93d7-87f9f06b841e","Jade Seedstones // Jadeheart Attendant"
"LCI-uncommon","6f940c3b4e5aa0704f66dd0ebf14bf9f100a62824345f05247c49e28b7911d05","0e636c98-67c7-4f02-b909-5d43e276fa41","Curator of Sun's Creation"
"LCI-uncommon","7268d229d7011865e0a252ecffa41b0fd5677176d359ea6760b5dc72620d3248","8c653a0d-e35a-4596-bed6-b5156192955b","Scytheclaw Raptor"
"LCI-uncommon","73a69700fdcd68ab7510d38f8a349554d9599da3c80e6a872d4d23f0ab933291","781d6981-d389-4677-9eaf-9c46c9192ed6","Dreadmaw's Ire"
"LCI-uncommon","78db1d21f0ec3e8da820ff3e441a08a3d36d175b6ef1cbd2536fd4b056c0a0b2","2f1019df-3e76-446c-ba33-f9dfe56b10bf","Merfolk Cave-Diver"
"LCI-uncommon","78dfe88cda096be379b2dfb8ea6b8f6a7f342c6b001aeae0284a98266e7232bc","d3cad867-142c-4e9d-bcd8-0e7ed1fd2f77","Sinuous Benthisaur"
"LCI-uncommon","7adcef1a10a7cc5905a2d812687e79faf3840fbaef33677374321b2f98d91703","4ec9d9eb-14e2-47ea-88a2-d2394e363784","Spyglass Siren"
"LCI-uncommon","7f5ebd41119ab749c77acbf272da6f07b5c8edfe0312e3d0a40195e5ecdb3522","f47e4c56-0a0b-422d-bf3d-7a20ee289f15","Bartolomé del Presidio"
"LCI-uncommon","800cdc786e4897d30b78e2b2b3bb2ba45c4df3253f1565151cdd29c2a8a703d8","0679dcef-e1c3-4739-a769-18a4ffdcfde7","Akawalli, the Seething Tower"
"LCI-uncommon","809b09dbd6405f48a12df5d3d66ea7c8ce263e1ef9c8083ad5a0f04592aec16d","d417f574-38a4-405c-83bb-49c5cf542648","Triumphant Chomp"
"LCI-uncommon","81dcaa46970240cf05177680b77a158505f33849a45812989919397734e7c61f","016718df-2eb5-499f-adea-18231c0375b3","Hurl into History"
"LCI-uncommon","81fa732f7a81fc9750c04597ff376a7c8993fb5d97205b6ea63fafc1da96c8f9","876c9620-216c-45dd-b8a6-b9e0cba63e3d","Contested Game Ball"
"LCI-uncommon","828f74174556d4674d07848e48f1a806cceb06b0da9cfd7e24296878ff8d4544","2f4374f6-c695-4a5d-a6d6-0e41eaa587ca","Dowsing Device // Geode Grotto"
"LCI-uncommon","8382340e08520063fa47b4b177a47a3900bd0452fa098945edc6134d63292a3f","64399663-2c1e-447e-a3ed-c49ebd9f2231","Hoverstone Pilgrim"
"LCI-uncommon","865cd760ae3f16fdfe93d3ecdffd41fa562ceacc9cb6419d79adb4b30ad7e39c","30820f71-9fd4-453c-b377-c2e0b01c07a7","Waterlogged Hulk // Watertight Gondola"
"LCI-uncommon","87c042d7f73433f3fbb8142ec18591771b62e8dbd63965f7f9e706f14b8b841e","fa1ed9fa-5f77-4f7d-bab0-47c719cdc5bc","Spring-Loaded Sawblades // Bladewheel Chariot"
"LCI-uncommon","8a022dcf7e239eda691ac80125019ae500a78c1f0a72caae606abc210c3b1035","24c3c505-ddaa-4adb-983e-7c78d9933cc7","Soulcoil Viper"
"LCI-uncommon","8a4c3f90799b9c3741c460a07e0f46f4970493464b9a45f3f4b1d7da5acbb8d1","60bc63dc-ac9f-4a2f-aef5-c90d0aa31553","Thrashing Brontodon"
"LCI-uncommon","9163cc18e75832bef597a9ed0fadc2610414b7dcd9bbdc2e4ec24aaf16d644d8","073f12d1-eaa1-4d08-bc1d-b216a3dc0c67","Gargantuan Leech"
"LCI-uncommon","9241360dcf3b843a2110420b8c3f1533dbce14568a0da0fa7f82f04b306267bb","01ab7724-1967-4da6-aebd-3729983d6a0e","Bloodthorn Flail"
"LCI-uncommon","93f8a8bb601d131ba329bdf323f07de961f5b8d002df21f1dc8366e092fb3e0e","c37eae65-1afe-4242-b677-24dd40e6f401","Eaten by Piranhas"
"LCI-uncommon","988b66ddcddab3b0ec9c849627b292be630d7f95d193e38b8f6445c97f42272c","ec3911c0-686f-4c78-838d-a683eed6c01c","Cenote Scout"
"LCI-uncommon","99eca3f4362e751bac4d5506b5be8e2ebe9d5a8b493eaacfb3bc6ea608c3e71e","17e11f0c-4ac7-4060-9e0b-27cd5c151e50","Zoyowa's Justice"
"LCI-uncommon","9b71e932bea9396700b56b7d4cb8d05226cf68d695f1a24a71554fd2a008f59a","8978a30a-7918-4851-92ef-f40fdf90c379","Malamet War Scribe"
"LCI-uncommon","9d00667e8444a111343a6b4db4329bda2be5caf8c55d26913391fdb0ee1fc990","c2022f95-2c26-4a2a-b83b-60efa937cdde","Bat Colony"
"LCI-uncommon","9e08d249b648e382b576593aa1bb2b6cc4d90be2c75db7cddf39239b58da2a27","5cdb69e5-9395-4ef6-be18-71e3dd70df66","Swashbuckler's Whip"
"LCI-uncommon","a1749bb02cf7cef0736d9b4f41b57e44aa85a5898ce98a0aad2b0c42be39ca4c","9fa0c9d1-2a63-41a8-8733-39bfaee4eb0a","Explorer's Cache"
"LCI-uncommon","a184c0570bc8190c1a18b72620a415b7dd3897c8cf4daa1adf4ca76314349dbc","5c68853e-4fb8-465e-b262-e6dbaf972533","Self-Reflection"
"LCI-uncommon","a42a6f2e8131306dbf4c6d251c5f5840979c8ead4155fa751fb3e30bd8e61bfa","b6565da9-773c-49b1-85f5-e34f07ba84cb","Kinjalli's Dawnrunner"
"LCI-uncommon","a7da9ee3a4dd38b85037172a475e252c7d9fed2f66b5e628285d532108a8a1b8","dca7102e-c020-4fdc-9b59-f186e3e615a5","Dusk Rose Reliquary"
"LCI-uncommon","aa285ba6d99a86452f1d8743d9521f708e5de1a42c0401f35f56a5c3c320d6d2","5beb8d6e-d3c1-46a5-8516-d6bf66413cff","Malicious Eclipse"
"LCI-uncommon","b42e731ec880824d4243dc807eaadf4f897efbf56ce7bdd719625263942adc79","2034d41b-5e77-49a6-884e-d3a6017f84d0","Glowcap Lantern"
"LCI-uncommon","b8abb476837278fc1dc3eb66f96cd68eb80c36b91cd9267639657219a03fcf24","1c21efcf-1007-45bb-ba21-ac33c2a8d751","Zoetic Glyph"
"LCI-uncommon","b8e07178b941b97deabb280555963da12c136a9200d85332c12646323567f790","7b513bd0-27df-45f3-a85f-1f0aba3cae48","Council of Echoes"
"LCI-uncommon","bda670349aab5bdcb1aa7c06fa6a97a7eb642a8a96adc6c45ef06615394bca55","2d785e3e-8e19-4eea-b09f-9a30c792dba1","Belligerent Yearling"
"LCI-uncommon","bdd66d1e2abb971064878a53667f118693f9b55c40e7a972b38df928d3819560","5e4107ce-8450-4501-9cb3-a6344ef320f1","Might of the Ancestors"
"LCI-uncommon","befeecdf322c5e7af124704787c8e35dc329ad5e47a79bedfad5b0ceef2009cb","a0a1cd2b-ed7c-4cce-8497-4873e1e5e3df","Geological Appraiser"
"LCI-uncommon","c0429f22ab0f3b473bc89e9ba0dadcfe7de00a9bb83c1a744d42eaa319861c1f","7129bdec-83e0-4c1e-a87b-ac0da1a714b3","Dauntless Dismantler"
"LCI-uncommon","c22843555053fa15c61b9fffb45ff3929db3a782afa08c23c94f5b8fc166b7cc","522a4b02-24c7-45d2-9097-2803cc9fffad","Grasping Shadows // Shadows' Lair"
"LCI-uncommon","c2933457d08d77f8b0ba6fd5dc17baba3ad9ccf3ed9f0d0a0704f8b31ac2ab56","465cda20-c8f3-4a7c-a250-875877bce21d","Abyssal Gorestalker"
"LCI-uncommon","c2ed957c4feab45fa866edfc38f8556e182a9bfcd31f69d80b8a8f657199d442","b2187f45-80ae-4ac4-9f83-5eb7a00978e2","Sorcerous Spyglass"
"LCI-uncommon","c386d4876e6632d3b8d86b3033eac60490600c5d796f2337ba8ad7d9c3287d9e","de4678f8-a441-4e4a-a339-9b62ebfb0100","Vanguard of the Rose"
"LCI-uncommon","c577ff1f97a16a33911db719b8cb0fd493466930c5d37f3cbeda7274abdd3380","fa44fa48-d270-4f0f-b672-d63e1c1942ce","Glimpse the Core"
"LCI-uncommon","c5df531d04ff71f8cf2fd55efca94997baa31de7848b8a07272805eca8e86956","e46f6644-6bf1-47b1-817c-906bd3eca99f","Deep-Cavern Bat"
"LCI-uncommon","ca1579f8cfdf2cbd6769987aae42a8973cfeaad76a20879e4e952bde48603cd0","8ab49974-3f06-4b6b-a416-d6f872b3887f","Staunch Crewmate"
"LCI-uncommon","ccda5dcfe06e7f0bab9dc32c6d6ba5039e5e9d97355b2ce7dace60fba25aeb66","05878e49-93ad-4144-9c50-a0bb86126c2e","Chart a Course"
"LCI-uncommon","ce2559049a082a74adee5fcfe5c20ff18bf7291ee858ce99e1a064a87570cf41","12fa17b2-158e-4d53-897f-81111f912b00","Market Gnome"
"LCI-uncommon","cef13c6b5bcd952b30f889a5899d6a3fd3634b274d37a7d5d6da9331f6fec96d","ef8df503-6160-4e40-a689-49e97fd56cd0","Saheeli's Lattice // Mastercraft Raptor"
"LCI-uncommon","d55bd960078567b64b5c5acbbb12a7ebe05b383b578ac80a7ad450e8c3ae0905","f5eace41-0f53-4084-8bec-1e079c04287b","Synapse Necromage"
"LCI-uncommon","e6cb7d33d2eee75bc2864a71e441d690e1694377aa55b59ca5f5bfdba8b83e9a","952ab8fe-f7d3-4673-89de-8c6d3f8a081f","Cavernous Maw"
"LCI-uncommon","e7253de1360e0a25624a555ddac510fd740af6e700fc316860031865dfdbad86","431e85e3-15e6-471b-ba71-6058394c9a96","Captain Storm, Cosmium Raider"
"LCI-uncommon","ed38b03640362a2373649cecdf7e9adcbc10ccd872eebb450632c3c2087fbfd9","740aa9d9-91a9-431e-8bf9-1344e5273e27","Twists and Turns // Mycoid Maze"
"LCI-uncommon","ef005d700da43014853b7007ebc915b551c6982a2d7d333a8d1848c4ba1fbf6f","a9a35c77-637f-4d56-afa2-6c8a4ded4838","Stinging Cave Crawler"
"LCI-uncommon","f78f6cb2ef27958cf3457f03f22d9d31a883b39a75801a1096799aa74eba0239","a3ce0fa9-8742-4e2c-a8a0-00fc009f998a","Ixalli's Lorekeeper"
"LCI-uncommon","f9b28de4deaaee02eda83dbf77a1bf7c1b04b0f8e24bdd1fecd8ea26c8e63502","4cb86fb6-3e06-4c67-aee0-d5952178f664","Nicanzil, Current Conductor"
"LCI-uncommon","fb70c38a4cedbe28e3bec5604bd3215814d807d4f6e1225ad46475635e1ed182","d620de15-8141-4877-9330-8328a3fa85e1","Defossilize"
"LCI-uncommon","fcbaaed5c29a887da97404b38438d4e697f3be5c25a5ed5930c58c34e707ee79","ced2ae56-988a-4c60-93d0-85a2261be72c","Digsite Conservator"
"LCI-uncommon","ff488f5092c67f7ef1bff3ac1f17ebf8c25957cc1fd587c7f4dfbc839b95593f","c3775748-ff62-469f-916b-8e551ccce23c","Careening Mine Cart"
"MKM-common","00e54e99858a40b1d91a6bb453188f553ccfdcfbf149dc55ffba3f9e1e929978","c293f1c0-93de-4a73-aaf6-4e9f01e557ec","Innocent Bystander"
"MKM-common","0290e399b0c8639ec084f7404f8e9805b02148524f5e273891280197a2717743","1f3b0b15-2c38-4aaa-b527-afbb540a6715","Toxin Analysis"
"MKM-common","04899582d083cc54397492bd82a5ee17e9ffd17a3e7dea56e6c0979492e2d0f3","b759e8a6-8dd0-48ce-8816-e45b35a79895","Faerie Snoop"
"MKM-common","0ca6de862997080b0bc31216fcb0554af708b17dbbd9b70a73688a47dc4b4d54","91f7672c-3090-48f4-8586-0426341c3159","Suspicious Detonation"
"MKM-common","0cccc7ffe422a8812a688f093cbd36465ae24f93250b1e4a9ad13a3fdb21af15","0056fc91-4398-471c-b561-7ff99750ac8a","Escape Tunnel"
"MKM-common","0e684f51f31dc2d333bfce8bea4dcb9321c3cdb0db51160367ec18eb81ed2e03","1ea71ea2-65ca-4907-b857-dbd1ba8efacd","Cerebral Confiscation"
"MKM-common","0fac02935c3cf900e852815cf85c6ba09ef53db8f10b2e273222a10f9b10e9bf","47951720-9584-4ca3-a73d-3d259102b2f8","They Went This Way"
"MKM-common","11169f07c9326a623a6957565b1f9c76d0fb9e02d9ac1a3b525d051a114a51fb","3ba223b7-743f-4f99-836e-869778fb2e99","Undercover Crocodelf"
"MKM-common","1cf13488622568877c332e20c5928ae60a4371945d0b08d6c3ef69f2e36e50c9","141a2757-8f20-4e10-9866-bb5d612ed62d","Loxodon Eavesdropper"
"MKM-common","2010e2f377edff4ae8d76f30c069bbbff848ae448eaddafa354c06e46c9527a0","a54fb3de-0581-461e-be33-dc4f4d16a33e","Thinking Cap"
"MKM-common","21643d1428de5da0ec7119d852a17d5c43b87520c792d01099110e565765fc9f","efddf972-94c4-49d1-a844-b4aba70c93aa","Topiary Panther"
"MKM-common","22bb72d723c22ea5342de6fa03249aabc1d349322619e3ab276ffd00dcbe85ca","020503f5-0915-4cd5-a617-1c7bde045e10","Reasonable Doubt"
"MKM-common","246f57e24899409437f6fe16e2be120f8afbf86da1d37030410710b0179d50eb","57eba48e-87bd-4b54-8635-7348020f2ba4","Alley Assailant"
"MKM-common","24c790ac3911416494fa7f2d64c85983bb511db0419e2d7765d7ab857d4259b9","1f4d3a96-bc30-4362-9c1f-40bf79f78e78","Rot Farm Mortipede"
"MKM-common","2713cf417cd173c6c108e066055acd4375bae80527186be2e03dd752aa1b96b2","e1905321-180b-41d2-b7ef-0974ab90f188","Felonious Rage"
"MKM-common","286b0c25bedb16a0550368847b3add6cc50f108b72f0ba8214ad55b0ceca93c6","eeae4161-9f35-45df-8b3c-c55e37f49cd1","Deduce"
"MKM-common","2959ad95ea3f273b1ae9b0bafcdb9b2c7eb3425200a3e3012dedcb01f0ad6903","e335485a-80fc-40d4-8be6-7eabf2bab571","Basilica Stalker"
"MKM-common","2f25613d44fdb0703b0c724e02203bd7d25b0e05cafc738a0438532cb865af4b","5539d78c-1acc-46dd-ba6d-cc0cdad6ff44","Benthic Criminologists"
"MKM-common","317f4d8867ae4bae9b142ee6b4fb7c2dedf2ce4f2d0f7a7354b3a707716b7393","b25d5b06-44cf-42bc-90dd-3b238f702361","Auspicious Arrival"
"MKM-common","369f8a6747cb961f477ee31a50627c4ff12a295ba0d55d23a51cad6241b9f079","6b0d4192-bc76-4ef1-92b2-b5fca81970bd","Marketwatch Phantom"
"MKM-common","42fe266338c3378205be006b3344e270421e3671b607ee03854ad6ed1928c965","3d145811-adb2-46a4-b173-bf8152e5de48","Unauthorized Exit"
"MKM-common","452f38ca71e72956aeb70145770e68eb565be04599ee943be1ca7c45e047b950","3e7879d5-62ea-4c9a-9fc0-659d70f3a8e1","Unscrupulous Agent"
"MKM-common","536e51ec6f6bb45928f7f69786f36c2ed62cf384a6c20346a27d210c506b5ed9","1ba59349-a162-4444-b3e0-cddfc01ef03b","Rubblebelt Maverick"
"MKM-common","54b09612f6964619b56d142bb70ad2caa62b135c89bb768e525a1ce9ad81d160","e4733889-4d4c-4bf7-8a9b-fb5ad7a38395","On the Job"
"MKM-common","55576b4070ea95dbadb8fd570f5e3577ad237cb6852c55e0606e52e9830e6c1d","942f3f06-1df0-40b4-8537-71cbec111852","Makeshift Binding"
"MKM-common","5a6bf2e786fdd94cb1a4c6c3f381511ca943e5be37a3c67a7de4e69e5f3b74f4","6eff5e17-946b-4433-9f48-88f103844c42","Griffnaut Tracker"
"MKM-common","5cef416d6b642e85c8dc0191aef8dfba5597d81d62dfd2bf438bef516133005a","c206bdcb-d2c4-4bda-a979-6c0627ef8f73","Novice Inspector"
"MKM-common","5dd1b5bcc0be2297cd73d61654fd279d59b2bcb743b14b74af00a149f9dff735","37f2ec12-d703-40cd-a155-053ae2e4ddcc","Granite Witness"
"MKM-common","603df807a56c67e2f36b7994e06627cffd81a436b5d6e8de05a4302667d0a946","d412150d-3c70-44cf-97cd-965c438e7303","Due Diligence"
"MKM-common","6171da28c81364a27c2526ddc7ff40c647b098fd387f3e0179c2123a1b826cae","e73addfa-d18a-46f7-882e-7bc2f292230b","Defenestrated Phantom"
"MKM-common","618961c29f09f0a9134ce3622c5bdb1f140fb34ac44390c5d2bad893ac0f29d9","3686fd97-49ff-4a92-9cb2-7d8e9438d945","Agency Coroner"
"MKM-common","6236ee759610270b090683524370aa0ad0cf919ec9dc2f5c80214d96d87df727","e121f9cb-ed25-4be1-9822-b68cce2f2623","Riftburst Hellion"
"MKM-common","64844d2e09aa25e96421779d9db9f4ce00861883648a1a13b0415c6647ed06f3","f2ce9e55-07c0-4f36-a59e-127693fc0f62","Magnifying Glass"
"MKM-common","65e5b2d9531a738c3f1549d56fab748532f8f75dce812c9a06924fe6a64dd9bb","2d16d51b-47e0-4cdc-83dd-a805ba50bd83","Out Cold"
"MKM-common","6923e9f3a25b2847363d3b073a68140d4e30f4c2590c94cd22f4b9fb128c6387","2e18ee5b-cda3-428b-be91-939c410256ac","Cold Case Cracker"
"MKM-common","6a038bd74a83b6e16064fc1719cc8ad9b965967e0f7e58e7899beb39d8424fd4","f0ee45b5-697b-48f8-b1a6-cb3ae75e4a29","Red Herring"
"MKM-common","6b0a4e8c623a7ed23d2a021b297b868ce52ac144dbf7473a24a5edc41b957cf3","b92e97f5-a307-471f-be06-afa4fcdab757","Fanatical Strength"
"MKM-common","6f0fdf66c4efa4f885e744a024b46feaecd5cc76b1b3123a2309c6eee884fab4","439e59ab-0350-4729-9352-60e697eaa78d","Crowd-Control Warden"
"MKM-common","6f6f3a2ca66b69ffbab2de7213a75adb942b31293ef7d148db9e06526de47c5e","789899eb-3a33-4a41-b6b5-5e2f55a9af51","The Chase Is On"
"MKM-common","738d3570d9801ebbc3f9759f0c9ae73fc5fab216b2a5d375a77cbbf58440927a","cc3a6c83-a671-4ce8-b98e-434989fb6778","Sanguine Savior"
"MKM-common","749f614f2ad87ec7c650ac154c257a83fa1bb16e2e25b24384855954351781d3","c11e84a1-dbda-429b-8cd6-fd0deaefc689","Demand Answers"
"MKM-common","789baada3daa23cf29870107a15e0fcd1796015e3fe09e00c2bdb7722ae46019","288fcf5c-f5aa-4f62-9dd8-ba295df48f7a","Hotshot Investigators"
"MKM-common","7f7863fb189d56be38d3c32cd5bb0cc03bb151d53e394dc0a64b3fdc4ee8c994","8d0bf685-e521-4d72-acc6-86794f685ce2","Tunnel Tipster"
"MKM-common","83a23d7c6cd233ccbbde6e58507f46dc1d0fb843d40eea57dfd1627000728530","b53597f4-1a0f-4fa8-9c17-29178cdc4d2b","Slime Against Humanity"
"MKM-common","91e3c71dfcbb797b4cd36ce65d2c67a490b25f6b6fa8a3f969eabefc4f053376","d2b1c5eb-06f0-4ec4-9446-791faac099a7","Snarling Gorehound"
"MKM-common","936ebb0cb155b5a7cc00f751a49575e116b894a7bf6e444e099c692520bc03d1","22a33139-a730-4792-9dd5-2c0f99f96855","Vitu-Ghazi Inspector"
"MKM-common","993875990eef3fd62810b8afa825a70ede28049ea5d4616dbf4a0d4a14ba0d96","10d24900-cd40-4c98-bb1e-b9e66113f703","Dog Walker"
"MKM-common","a3448e8ad81dff5d53f94dae02bb0c67282773b4c342706ef8aa099dbd44958c","1f3e7420-86aa-4847-bc2d-21f6bae470c8","Gearbane Orangutan"
"MKM-common","ab39a510b44504e0477120f001bb9d0e90491655dd3e7a0366d962d032a6048f","4d1885d1-212e-47ae-865f-e6dc4148ddf2","Repeat Offender"
"MKM-common","aba4be2683e8d76f49b7cc9298a31800ec8b5b15177eee57cd1d1ac31eeef1ba","c8c42851-1b1b-49dd-a97c-7eda57dadb13","Offender at Large"
"MKM-common","ac5e2af469763982b05f14571fa3fa8e5bd0e10bab5f3b8f752537b690e74e63","ff387264-31da-4f6b-88c6-2843f56acbda","Bite Down on Crime"
"MKM-common","add8ff367479eaccdf3bdaaebd431d201fbd655337b60d6829d451ba26f20a20","58b27a79-ba63-45d4-84ee-423ce0d91f6b","Projektor Inspector"
"MKM-common","ade4a03af75de35c6bd3638ff14a7bf4627d5a72728cebb20e6da04257f299d9","96480e86-70a8-401d-abf8-a7d509311b73","Extract a Confession"
"MKM-common","ae5a199eb7cf0b35cde91d7d444d0119b0f727f778f6488f161a78b793374595","12bced67-69bc-4fc7-a585-577060afdd50","Inside Source"
"MKM-common","b19e938702db8a7a8688baffc0c171cbdd5ba3be591f18da91c5609c24893ce5","9af4a832-d634-47aa-91ed-79d44fe08864","Pick Your Poison"
"MKM-common","b5d5d0bc9a7c9b190d4a312eea1e310f7679a533c72652aad969c6f9ec10307f","4d31d3f4-4748-4713-808f-24699fcd7b10","Slice from the Shadows"
"MKM-common","bd804249abd0a4410517b2c2bf0ce9cb6ae00cb8d63af052a98fe2c205190b17","4ae7f959-9f44-4769-8bd3-49ca18928aba","Rubblebelt Braggart"
"MKM-common","bea8a6cd6ac2db38bbd830998f2a23d4a6917d0c2e4b053c5be7c9ea5e3f4aac","04633ecd-eac0-426a-83a5-8e88262fca30","Macabre Reconstruction"
"MKM-common","c05e0ee6a08f8dd62514740dba72ffbfce39d5e3c8a57fdc9da85fc66f4c7507","5e238e67-00f2-4656-bf69-0115e47321a5","Crimestopper Sprite"
"MKM-common","c16293ba81d9fb6d66d6f8daeadc7804e4eaefa95b1c19e1cdaf983fdb969727","be2ab552-df82-49a0-8f0b-ee66de34e1a7","Sanitation Automaton"
"MKM-common","c16bf68ad18a7ec1a29a7a24959ee3f6344bbc07f33f9022e90bba514a2c38a8","3891a914-e597-4126-846f-39bf8534eb92","Museum Nightwatch"
"MKM-common","c1eee8652142d80f49302c54b7b8c818032b72d5d3164aa04ad572e52e88fd7d","d5b7c283-357b-409f-9afc-985a3b89cc40","Vengeful Creeper"
"MKM-common","c2a7409e2e035dfcb634b7dd5f832efc65673cd1402e66bd07ac454dab3d92dd","15dca6a7-8367-4b86-a86c-e44f10fb3c53","Nervous Gardener"
"MKM-common","c5b5baee62ee80a611a861229c8a5eb13d87db77b3f566de9d0d2784a64e9dbf","de5b995c-9691-4555-9070-66bcbc29f955","Public Thoroughfare"
"MKM-common","c70c51fa6d7a664ad1e837e6b1ec8dc1897833d2e5f200efb6d5a30aaefe9dac","9b44c005-6799-47fd-8b0d-7179b5281d78","Galvanize"
"MKM-common","cd8cf2dd5aacff01ffb77016164b594b6f0aeebf70da2c08870f854eba8a6a1d","3d18cd9b-6013-48d7-9269-4787e7585a51","Person of Interest"
"MKM-common","da35f13c1c46bd006731e6b1f26be35fc4d148275255088e5f26393d256b9b8b","5cf3727b-eb7b-414e-982c-3acf4c05ddf1","Shady Informant"
"MKM-common","dbac7496dcbc4a0338d7fc50dfc8f3e1380074f48414b619f10db078909e1a47","e43400fe-3df5-4942-abc3-b9bba34fc7cd","Jaded Analyst"
"MKM-common","dbd82007ac2ba0dd8a5f50b78ba644351ba6e583ecff60df3899d5b05d1224a2","d7f777ae-6122-4af9-b962-7574bc8e2691","Gadget Technician"
"MKM-common","dc95033c5ad7701a04913cd589a88c32c219cb958c641214d88f763e9022b01a","9ee64b00-6619-451e-bb48-10af107dcb2f","Seasoned Consultant"
"MKM-common","e29dfb0dcb2c3fb8e7c2d95ad019907f8bc3b87a1da681fe2ab7bb65e1548688","677b9c19-4886-4e06-88f8-9afa94e58aa8","Dramatic Accusation"
"MKM-common","e42e2606e347b0df0eba8a39983f151e500a783fa04280e9f59297a143e43939","85ac3efc-5e19-4661-b52f-116f57e39581","Behind the Mask"
"MKM-common","eb2d88f53a99556670e80cdff106793fd12adc5e17784aa0162147c22388560a","4b707ef4-2c17-41e7-8dac-583791a98055","Haazda Vigilante"
"MKM-common","f1f3d59d17a4f3addaaa9db81d9a478ece9f5b623626eac3ac586ed0294eca49","cb666ea8-55e3-4e27-ae6d-806677dfc17a","Airtight Alibi"
"MKM-common","f850672beee22f17c036a4fafa7aa621c90229af939463bd907126f0242ab2b1","ca22fa33-5460-4d31-a9c8-4115d35b994c","Bubble Smuggler"
"MKM-common","f8808b743b7b040319d215382761c3b0406829e01e2acaa3c262ef54de07ec20","ff4b9723-d5f1-40d2-aa35-fa3d2a6f4b5c","Goblin Maskmaker"
"MKM-common","f974ce794b38a92d81931ff95d1bf27413c3a37de5e9d9df7a1f40993fdbed35","9ea58a77-9b2e-4ae2-8a31-a51804900a3b","Gravestone Strider"
"MKM-common","fd20d84b940418a06e573a5584aaedfd3b9766e86118fccd789e0ac6038c4787","d69cb63f-98cc-4699-a03d-4f1beeeb7065","Rakish Scoundrel"
"MKM-uncommon","01db9ebe59f8a9791f8df424ecfee0d96750b0c3179bba9ecc1c6e5bb6d08666","ba11a517-1dbd-4797-9f5e-46ce0f6c77c0","Scene of the Crime"
"MKM-uncommon","05512263e1764648ee2aeda02aa9b8f87464c3806773a2b5a01e751b34dbfcb2","85fdfa3c-4912-496a-bbcb-1ae13a34e917","Krovod Haunch"
"MKM-uncommon","0810694a52120936333a433ea2adca17e8f911075dfe7861829c2ba3bbf97aa8","33b31fb0-71ce-408a-a256-2a5a3b085cb6","Case of the Filched Falcon"
"MKM-uncommon","09b7a3d4fc8177d7b7ed4a99cfafccb1eb96a254d602b236e579e4daee168f53","ead1ee6a-e0da-46d5-89e8-31e8c0270bc2","No More Lies"
"MKM-uncommon","0b444b9ca71a8f8a10efc6ceb2364d852982af9ccdeff0861c5ef1025cddb592","2f7b46c1-3d82-4fd9-9882-589315cab47b","Candlestick"
"MKM-uncommon","0bbedfbe6faaed542d03eadd0f1828a1d64bd2d870718932c370a9ccdcbf0657","06a37f16-c929-4b89-bf18-1b3f8f472eef","Leering Onlooker"
"MKM-uncommon","0ce2dca223c01afce5f825e1533817e3e62865b8a6dc3df1444e844f9a51e936","87ccb151-a948-4e5a-878b-0d46c921a2b7","Mistway Spy"
"MKM-uncommon","0d5dbab2f3b415d7a2deb3916bb811aec5539c4249ff72022d34068a683115d0","73f44500-fe83-40fa-b6f2-ed5673d0edcc","Karlov Watchdog"
"MKM-uncommon","101995afafbf703c11c9d8357b7205cf15cb2d508014c819407372f666a1cbf1","93cb9c7e-d6d3-4b1e-8bcf-2a4a1d95a549","Undercity Eliminator"
"MKM-uncommon","11c2eb5690ff45b1e182f3405f94e695419eb423ebcbf174a732bf6be7abebc5","05fdefb4-2be7-4d9a-9ab9-14bbbe72aef7","Hard-Hitting Question"
"MKM-uncommon","169dd3557552002e33067c5676f30038f3e1dca8568fc45965b06db619d2cade","66e74e8f-036e-4b26-a4a8-2365891765bc","Flourishing Bloom-Kin"
"MKM-uncommon","19208169057c9a09317c77023617bb7dd46165a8411c872ae594e5c5d3955419","eebe3fd6-afd0-4bb3-9e8f-c737497dae33","Glint Weaver"
"MKM-uncommon","198b055515ba3eb17957ecec13ddfefea7aa79ce3ec3249cbd542bcab136dc2d","75e7f7c7-fa98-497b-bf5e-8f74571e190c","Forensic Researcher"
"MKM-uncommon","1cdfc4ffbb9002586b5a3675e029f3502b9caf00cb5a415c0bc8e2fe17205297","79d2efb2-145d-4377-a4e2-832ff2cb5677","Exit Specialist"
"MKM-uncommon","1ecd03b9f35b8b70f8a1b5b66f4c3bf4c800bff0045e81b1978899bf0c951af0","b563ae31-338e-4bcc-a05f-d7ed7c3fe46e","Kraul Whipcracker"
"MKM-uncommon","218aef183d48b219f165fd838a0b5a80c57d1363d3925207c06ed2ecaf4079e6","42a9aeac-5b9c-4675-8c96-7c8ce7e9098c","Case of the Gateway Express"
"MKM-uncommon","24da11e1cb6a07699a47e136a76ad768dd65a4cee6b1e00120959d6b9d973658","58f12f0d-e2c1-48f9-9e27-d1de8db743cb","Soul Search"
"MKM-uncommon","273c5f4aba9beb55d78b0e508c016c51acfe270e508d03727e3d8a72fcb778cd","a2d3e3f0-7399-4eb9-a0cf-831710c3d431","Presumed Dead"
"MKM-uncommon","280cac75596dc0aa35dde10fcb2e9860626ec519c4181bf6ef76011d7830ebc8","a89f9072-cf06-429f-a9b8-c11b5731ddd3","Case of the Gorgon's Kiss"
"MKM-uncommon","2b02ac509659f7ca6763c938bc7f87e014099105ecc242eb7b967d71f17363d9","6afe9cc7-80e4-4607-8633-6013d96bd19c","Lumbering Laundry"
"MKM-uncommon","2cd00ff9a78f5386a8b57e47766a440eaf44a8eb8048cf23339167ec3cc64610","8c612741-2b30-43b3-bd3f-7df19662d298","Case File Auditor"
"MKM-uncommon","2ef45dc7fc0f773a403944b68a7433fb0dcbcabf31b78b42d0764e278d0d8d25","9038a457-ce01-4f6d-9e2b-5220f08b4290","Call a Surprise Witness"
"MKM-uncommon","301d980b23a7586d8b8a6d73bd929db5d57675f17376d0df84b5cad588088566","b401179f-eded-4973-8182-df4627133886","Persuasive Interrogators"
"MKM-uncommon","3471ffe9cd1f6928be8143a774d7d721b3c5cbffb10ba80deb40689a79f53c28","ccb1b532-92b8-4ebf-b3c2-fb5924b116f5","Slimy Dualleech"
"MKM-uncommon","352b22700721c068755f79437727ea5b687f4867f87a5f1d8e87cb207a16f515","dbedd45e-f76c-4be7-ad89-ff57bed6626f","Absolving Lammasu"
"MKM-uncommon","3ac99bba3eb7735e4b6a8e889a9d63ed470add4933a32acc16ece258dca6e667","ba4d644f-1931-4fc4-aed5-681a476a5a58","Cease // Desist"
"MKM-uncommon","3e1311cb5d8f07fccc2cc80a02469ac9c67c3a01a1f311b50a512a3f174c1b34","fe540a23-0357-44fa-8e1c-0a5c2a04cb01","Vengeful Tracker"
"MKM-uncommon","3eb1a508bd71ec6f8f99f2509ec8914ad1e6bfd8327f1f80c2473e5adea48821","88e9006a-cfdf-40f3-80d5-23465f3dceca","Fuss // Bother"
"MKM-uncommon","3fbcf10a804f1b71a121d1d0df355da264f9b7cee3629e2e6b2ecc36c943f434","4debd0e4-3bb6-4dd1-addc-08e4bda69d11","Reckless Detective"
"MKM-uncommon","4101765d955ea299e26c1ad1df7e74af86a13ed35f8846c3932aa72f911f34ef","611bfaa6-b098-48d9-9e49-1e7dc8687f15","Repulsive Mutation"
"MKM-uncommon","417bd87b0ed30954478f1a9ff7cda5440eaf12d9c6938a86556f82d6ce3b74d5","9be5a350-c38e-425f-9d6a-8eb111132a89","Surveillance Monitor"
"MKM-uncommon","48b32669ec3d81573177a0522f656ac33e1b78198bb2a212ffe694fc8530bea8","4477eeab-a51a-4dc2-9c97-83f2551d8b54","Cornered Crook"
"MKM-uncommon","4a74d2772189088f7848e98544a6b31d53b6e3be43cf079269ab24739551f801","c11fef0f-972d-4756-9902-fd3e3af00707","Culvert Ambusher"
"MKM-uncommon","4bcba83e02a73d4230ca89cc96a9f3e75f9fc7fd3e39c6fa47024dac58770e21","5996b1d0-7fe3-4fec-8730-9db901d887b1","Crime Novelist"
"MKM-uncommon","4f7725c66d1d002118cb0fd9ab2a0f94dd7a8ae6617a722c8ecdad40b02468bf","a6e2d8bd-8fe7-4de0-af25-7ad3e9dcb81b","Harried Dronesmith"
"MKM-uncommon","5150e3daf4557ab0ed13b8427b735b51d4629094e1e88ea6511db4934a24d5bd","dcfc8c59-d032-414d-9da6-125ebcb1366c","It Doesn't Add Up"
"MKM-uncommon","542788558c7f34809b663944af82cb90342f544f5e25b3b20e759301499b85b0","566b65bb-fa5d-4da6-a766-b08128ee0049","Sample Collector"
"MKM-uncommon","568ea13f60d0a25a078bc03347a30931acb9e182ece27705fefcb965c5340eb4","af335eb3-f60a-44b3-a1ed-1e165f3e3605","Chalk Outline"
"MKM-uncommon","57b79e0a747884bf51e8b81297d12c053310fa814fcdaafc3962558719e62d0c","d00a089b-7d0d-4b89-902b-7b914e892178","Case of the Shattered Pact"
"MKM-uncommon","5f65d21515d0a875b7793604c0c79aecf5dbf446348a3c9e7462867d6232d024","26a7f92d-6914-466d-b7c7-9ac121dd5118","Essence of Antiquity"
"MKM-uncommon","60ae2efc9c6a5e607bc904381344b70ec4733114a86baa6def5a6ea8794443c6","e4ecfccd-b8b4-4b18-b989-30de79b4971e","Detective's Satchel"
"MKM-uncommon","60d9abad08c1529970f735da5b54186779c53e6e837a3b2760c8dead247ec877","e294d85f-caf2-4939-99d3-7ca5bba2b8d1","Hustle // Bustle"
"MKM-uncommon","62338c0b80efb4a3b8776e822eadfa8f83acd1342221fc0c4f44fd875207e609","6317d45a-fe02-4879-b515-bc5327ecb5ae","Wispdrinker Vampire"
"MKM-uncommon","688c7d22f133fd3f257889ab9b086d8e8c109b74f72d8ca8e0b50b0f1fc44ea4","7e050495-bed7-43b9-abce-866c61beb1da","Push // Pull"
"MKM-uncommon","69828bcd3b6cb4f2c95d332eec576d35e1e8a4f3a0ad2d758354f7a7867f442b","a80519c4-f778-4b8e-9920-64013e98c95b","Get a Leg Up"
"MKM-uncommon","6d6655d9d99c94adf8db9d5d0151178ff65985206bd0fd16981e9e4e0559f5b9","51473069-68dc-4e87-b345-d7cbcfdeea74","Torch the Witness"
"MKM-uncommon","72c5c03a23f9114e6acb1d4221a0a45c15f592e74730adfa88e3193417e5abe3","4f7e4aff-ef68-44fe-a0dc-b9ab0ecd7146","Expose the Culprit"
"MKM-uncommon","77da73b9136528697b7d68b54d334135183b4ebaad5b25389065162221bcb46c","7627163a-1689-446f-b5aa-a6c56aefb532","Knife"
"MKM-uncommon","7deede7e51a22640d2e6c83a2a8516025f8f122d21de8b2c2d0c48be2362ec5a","a3468804-26ad-4919-b030-a1906a7029e8","Evidence Examiner"
"MKM-uncommon","7f4e6fbe16ce80bc08a692d7c33e16d6f741a7d5b9444511f17b78b892161d7b","7ea0012b-b90b-43d6-bb5b-e4e92452bea7","Forum Familiar"
"MKM-uncommon","8154b2443a5a7d01ca0298bf1239dbcaafeccbbb4027015618268307fcd782d2","9d63ba8a-a5cd-4fdb-bba3-95612be0077c","Long Goodbye"
"MKM-uncommon","856a0ca7f811e10a2fc0089beb390d3694d86b879f946821adbf2c3b9c39c947","d75b2b8e-05c9-47da-b359-a867256d78ea","Insidious Roots"
"MKM-uncommon","876fe959ab70d4de387d948b12ddae5ff9f95c9d82028e87b6306934c6a8199b","fdbac0a7-18c0-48a5-a174-0d4d1473fd9c","Wrench"
"MKM-uncommon","880b34768fd02f91427e753d41f61b16423636512abae9cc119094afecb92839","b0c28b2b-a2dd-4b76-bb1c-cec55a0a6784","Flotsam // Jetsam"
"MKM-uncommon","8a37b79d8ab71d89bbb03244eb87718b1e8dd0b6912cc80388d4a141a7b92fe7","7c1eb874-97f3-463f-bf4e-4d82dcc16e69","Case of the Burning Masks"
"MKM-uncommon","8bc9b0227b33f2b7bb7d836e2a23661280dc09f51661608d77ad09ec3240b108","f1f0eab3-681b-4c2d-b590-555951920880","Buried in the Garden"
"MKM-uncommon","9122922f74a02fd02d8504dd5f1c9f5c4373510d1c87fd0676a6f6957bb2e19d","d181310f-404b-4f26-8024-b7b537d1fd90","Frantic Scapegoat"
"MKM-uncommon","94840177ba9716bf4ab584564a6a03f8e1870b4443ece2af03d7a14471885d3d","5b4508a3-1d21-46ec-8a50-cd3171a7348a","Soul Enervation"
"MKM-uncommon","980b168b794d39fbf8e21d831283c7c07931c76ade805ac80d38b9e41a09495e","a3f09898-6c77-4d68-8d10-8440c75f884c","Rope"
"MKM-uncommon","9d79f9e34614b51caa9dc67b23fa1e2cb7bafd12211ae2ddbf176ed4e8544265","d3912c82-37f8-456e-ba49-65c7f5b39d13","Fae Flight"
"MKM-uncommon","9ee647edbe909c279f3b581cf680f2a993d9faa38bf8015ac01de2dc80c20f07","c53c75a0-c248-4e76-8d28-f7e53b2dcc49","Deadly Complication"
"MKM-uncommon","9f11476f27e083f59485d538ff4f65c375ad998a7e8d59fd18ae8e168067d61a","52fe8101-82af-4aed-a395-54e7b7639bd2","Curious Inquiry"
"MKM-uncommon","a024c3410975bc4b56055ec9f7ce8b98e617b80c8fd57b3b835e38d9c25b6d56","79d577a8-53c0-4220-bc0e-70764d72d5fd","A Killer Among Us"
"MKM-uncommon","a03769d2d4e6dd90ca04cd2f3ee289910c621cbdb88e32af38469bacf1f7e94e","d14fdc1d-62bc-4e9c-b79b-8c9c3232f0bc","Festerleech"
"MKM-uncommon","a173d1540e79c9d8c1dff3d00dec8e130a13b7863e3b6b6f9111a172a037bf6f","8f85088c-256d-4925-a4dd-aafcc2632282","Magnetic Snuffler"
"MKM-uncommon","a211503a3545d2b9c5d24309ed07e87db49d496129e928a58146cdebab617937","07d830a7-f0a2-4d46-9a53-101dca681603","Nightdrinker Moroii"
"MKM-uncommon","a50ef62678c57f276465a72248b683a9205b0f118ff5fb32200966ec88a5cec8","be8d3788-709b-4d10-861c-a6f27d4b63a6","Perimeter Enforcer"
"MKM-uncommon","aa227738a5adcb7ada54b88cd367c9d471ef1e847d2086f04cfa1d429a1cc0ac","7a30316b-dcd5-4a4b-b959-eecde7ca92e7","Branch of Vitu-Ghazi"
"MKM-uncommon","ad65800735c37751a1c31686b083be1b5a7a3cf89cc16813e58b6f1dc84ff7e6","3a007dbd-18fd-44d1-a305-7cc8dd6231eb","Coerced to Kill"
"MKM-uncommon","b1b03912d26af1d1f5a2b9c9f6ea8b36c276f787d7000822690c1a0c1fd2ae62","af294df7-f8a0-4d52-88cb-086678463970","Gleaming Geardrake"
"MKM-uncommon","b4a6b52675ab665617cf48d7dcf60f5a9dd998fe4ed00461b7513c8b6ccd175f","374e54d8-8e73-4268-9dde-c28c77bbbf32","Aftermath Analyst"
"MKM-uncommon","b61f7776320ddb8e13ee4c3f1c90a30f1f93f840c00e04bf5e896bf440b83da6","923b2a1b-d7b6-439d-9681-c7ba88165c31","Hedge Whisperer"
"MKM-uncommon","b67d502511576b51bcb016277fc42574ed9abc1f0079d44e88d51e4cc048bcd7","378ae023-04d3-44cc-9248-3d787796ed6c","Living Conundrum"
"MKM-uncommon","b791daefc0b98523d332a46f5d9ce02768a5c26333ce62c940bf1830c7d2cd24","575a0dc2-206a-406a-90b3-72a92f2ea87a","Case of the Trampled Garden"
"MKM-uncommon","b91a38b2133bea22c8e03b8f73e08a46e1b3d4997e85f553cd777fe7bf6e2351","20750317-061b-4b65-9fc8-43477fcd7a21","Private Eye"
"MKM-uncommon","c0b67900558f8ea370d6aa3cccb638f907b76d9c5aacb23120d47ea39691d5da","23b2de61-a29c-4a32-b38c-408c723727ce","Agency Outfitter"
"MKM-uncommon","c61ba577dd3ef988b37295a04ac2ad79baf6ba7d6fb77dc694572d189854a858","104565b1-2db8-4c01-ae3d-14087768be45","Concealed Weapon"
"MKM-uncommon","c63fb3613fa007487333e49497dee29d76b7f1723a44bf6ba485db63b21312ca","2d400c01-d2d0-442a-bc3d-cf106a754dab","Not on My Watch"
"MKM-uncommon","c90bb6d8c84943b3d0856554d7e6af43daa50dfc0fa4ed8f1c07ec88dc433abf","92d24b75-419b-4068-89c1-db9945f74972","Furtive Courier"
"MKM-uncommon","cbac9c7f6e638f77ba242e6d650b4f91ecc0f3b7b64620f40c15c1a28a582940","ed2ef95e-8851-4226-9c63-4c19ea323b82","Lead Pipe"
"MKM-uncommon","cc9978de52b1b1407e890796442b559ecba903d5d8db0a04260ad263b38e0a42","c78d4cec-6764-4cce-96d2-a2d85a57b218","Eliminate the Impossible"
"MKM-uncommon","cdbbacb2d2760438483f8ccdf7e4c878ce4acfaa7545982a423b334cce67c538","19dc29a7-8ccc-4e54-829b-86cc102b082d","Tin Street Gossip"
"MKM-uncommon","cdfb9d2ca71dabc6c5f2ac2d4607cd07554c7bcccb53aea28f56a384ce7ddcf6","8c105948-4b8f-4615-b66a-2bbdb3f3d6dd","Rune-Brand Juggler"
"MKM-uncommon","d070e5eba5d141a39d2699623b8959cb91d0a967902d41385ae9d6d3d638edec","d0a4efc3-fa68-48f2-a6d0-2fff93e05c77","Greenbelt Radical"
"MKM-uncommon","d183989730abef4d0cde775ff14e01edc1877301eab68c9222ea6fbadd1a66f0","f11ec1c9-347d-4d79-aaa9-5919db5f9044","Clandestine Meddler"
"MKM-uncommon","d1afeb1e569beead03e59728ebca1eb58d46d41bb6e49e7e0a669b4024c0331a","99eaac39-28d4-4af7-984b-f75fd37902ed","Break Out"
"MKM-uncommon","d2d1b898bf105003da8a7808f5153825fad8a1353e91ed1e1b2448fbb4f73087","0361b9b7-9097-4aae-aa06-c63a5fb47a76","Pompous Gadabout"
"MKM-uncommon","d4335beeacf46ea1280bf0265a05126d4bc5b958f1c903225fa4e9e66e02235a","565ba85c-bad8-4cbd-a2ff-b4384b886308","Sudden Setback"
"MKM-uncommon","d4376861603c4328c4dc94ef1a909125336587da43dd22ab9155edea8406ad0c","484b3586-c0ed-4793-a3c0-e99f265e092d","Caught Red-Handed"
"MKM-uncommon","dc29e49773a4c14a1ca101e79beffaecd460ab20310976fbc283b921647118d4","800c258a-cfc4-4a54-a667-065ea8dea69e","Lightning Helix"
"MKM-uncommon","dc964da157573ffe7ec4a71e780cba3efb19521904c60e41bce2e2b595d5f0e2","bb039957-9e88-48cf-b41c-38d42eb87251","Polygraph Orb"
"MKM-uncommon","de019ad5e502c610410263d074defaa82302af3939f78171a107b544f3d1dea1","2f214dcf-9601-4ccb-bdac-2f9b9f6dff99","Convenient Target"
"MKM-uncommon","de5eb31e1fef0ffffe416175f6ef6c434703b8927378fd4ef1b076850d5b7f76","9acb74a9-f372-43ad-a80d-4f8d52236eb8","Meddling Youths"
"MKM-uncommon","deeb68b70847793ead8eff6bfe28df2dcfa749bd6d7f8b277bbd753778385750","c23617c9-53f9-4063-8241-b504e9b80cbe","Bolrac-Clan Basher"
"MKM-uncommon","e0a9ab121aed9dcfb99b943ebade621f3ef9503245120cd6a343abc6322bc575","6b869c33-a77c-4eb7-9df9-9815d70f7444","Sumala Sentry"
"MKM-uncommon","e36c160aa8bd0e3ceca2b14c5043f303ee1755b0ea519d56321bc67b46fda21b","68d3084b-0f4b-44a6-8954-6ebaf1db9269","Case of the Pilfered Proof"
"MKM-uncommon","e593d1d6d963995bf14cc91f73f71ddd3e2e92ab85d44bdb4c42f2b50ce651e5","cc5370e0-a0e6-4958-a6f2-093a3868b575","Curious Cadaver"
"MKM-uncommon","f038e7a3957b8c17a875189ddbdcfad1d5c3a8218cce174121e181d975488b0a","ef414347-bbe3-47cb-b900-88275561c43e","Neighborhood Guardian"
"MKM-uncommon","f97c8d145d5184a8186ce1853a5244b9bb67adb6d2a7be61f21d0e5ccf14ee4d","83856c3a-652e-4afc-9dc0-0072324ac36f","Sanctuary Wall"
"MKM-uncommon","ffa3db25e16868a75cbf801f301f7b79817f1528de1a4f973e12c068538c7f9f","d1767573-713d-4f63-a09d-e94150655093","Burden of Proof"
"OTJ-common","02223d37730f7817cff16beb21ea24e22cddb4a337a45b1fcea000eb4241401a","b45e35df-9032-4482-89a6-c7c50c6d0a79","Corrupted Conviction"
"OTJ-common","0314a97b8f3a606a6cf71839973132e0a6dc777bfa5fc292122da3796b3e39c2","ad01df89-29fe-44c7-a133-91425f8ff09c","Fake Your Own Death"
"OTJ-common","056ed24fb79f415b1f364d6485a78832fdadf27a674231999f6b262262157e35","ef574346-1d98-447d-acb6-4d8d53c5f651","Tumbleweed Rising"
"OTJ-common","08422597060cf3d635e1c6eebce32a8be63e960ba384d932adb9cb052be4d69c","7bbede9a-8981-4435-9854-af61a18c6166","Silver Deputy"
"OTJ-common","08ab6f75adefc90763aecb35246fbdd9ba7ededc6a1f37add8ec20ae45f6a05c","909eacf3-05ce-4c2b-97a8-49b6ea597b64","Desert's Due"
"OTJ-common","09030389ae3199e0e53185703e32fb29c65bec771eca1836b182bba2d34e8490","0db20037-35b3-4b1f-8dd6-3ee797c421ca","Phantom Interference"
"OTJ-common","0b2f6fb77111cfc35f48e6eddeee67665b10cc50b46a7e9efb89b57447a3082f","fb1a6986-39f7-4592-9039-7e30f5ccd009","Mystical Tether"
"OTJ-common","0be5528c38f916d7d0a17e62b6c784da0d33649420745098a0a41e3e63a82d65","7c57d4aa-d221-4b36-a544-9fa89d63ffbe","Dance of the Tumbleweeds"
"OTJ-common","0c9ed43e8d1058ce3e8be34168c6d9c4cc1b8ecf8e5c39113be5d41b21b06f13","91415d12-b13d-4b5c-bb60-6ec6f4fdde6e","Gold Pan"
"OTJ-common","14b3672c22918510176eaefe863dcbf48a8ea48013d7cd5443032f490657534c","f1136a22-b202-4688-a44c-a9979c91261a","Spring Splasher"
"OTJ-common","15591415ac778effdb0cbf3813ea73f2451f75665e8f1e00bc06b9544f34db3a","2c22af49-c6ef-4de6-bb84-6b3e99879148","Steer Clear"
"OTJ-common","1862e8bc230f796b7a42cc9dbebf30e1080615704247505d07c982b68b0261e1","1e6a24be-8281-41c1-a5ba-b68f0ef1d7b8","Snakeskin Veil"
"OTJ-common","1a8bb74532653a44b3938c8bb0e3f428ab9a30d372d3f4e868ce845d32081eac","d3ce7c83-986f-410a-ae00-6c1c1f918a2b","Thunder Salvo"
"OTJ-common","1f0ef5d1e73d96c39bc1315e538b79759ae8dd98928c45836b86b0d9c92dc5ac","36508a8a-d1a4-400e-bfda-09436bc4d5d4","Lonely Arroyo"
"OTJ-common","1f5c4a3ee11027419f8a949fe10ad0675ff313a1a65f6cde5cbd08c0a52034fa","f893d3d6-efef-4394-8e15-e01deed72b4f","Sterling Keykeeper"
"OTJ-common","221d1f0497133b8166c64c2c97d2ef89f4ddaca8a1f1b394748fa972cd599ac2","4faf62c3-3ba7-4540-be26-777305ef184e","Ambush Gigapede"
"OTJ-common","22d65adce39e76b14d77c5733a2c077de5e00dbca2894ea15502172ad937a69b","c116b787-5f7e-47ef-a694-58709770dd32","Creosote Heath"
"OTJ-common","29014da86aa05ebde3425bd80e290530685d05b3ca5b7589e2343cb0419bbf44","eec7d4f4-4141-49ed-8978-aefacc0a6609","Raven of Fell Omens"
"OTJ-common","29cf418a978af9d0c493c786e2038bb58479ef470e17fac7074722a6997061d5","e579edd7-4f6c-4f22-a72f-0a20d7a698a2","Soured Springs"
"OTJ-common","35eeaa8093e100415d86d8fbd4bb8bdc025bee6b6cc7e778d65eff4088c691e9","d2aa9649-8394-48ca-bee6-a044e5a86b38","Spinewoods Paladin"
"OTJ-common","35f0771386fdb3dd151c173923b5875929ee320ca589be055c67195b6bff00b5","f3baef8c-f8d7-4cb2-b5cc-b889a991e4e8","Rooftop Assassin"
"OTJ-common","36e6829eee1eda53b65bd60cd2fda78b7a9a0499c4428542aa465d85d582d3ef","ba7c1062-f777-4ba9-84df-ec340a9ec514","Patient Naturalist"
"OTJ-common","444046c54bbe0552db696e9a7408b022ebbedd46a3275222d694d63a4ea2f08c","09117016-5fd1-4590-9867-aad65d3097e3","Freestrider Commando"
"OTJ-common","4560b06548e988fea533fa227eaec767214f39a94ec350b9fe3faf93605ab033","d6780d29-0dd7-4f04-95b8-4ca6a55308f2","Throw from the Saddle"
"OTJ-common","47cf747862f3ea246f7b700aac6c3540993a5ea40806d29b4fa6861430f5a0ec","d7aaffed-a143-49d6-a516-b9bc8b503aee","Peerless Ropemaster"
"OTJ-common","4caf3924d921d1ebef9a4dd27ce5d0a9cdd30bba3617ca2aabce66b42f6efd92","6a1ad848-6fda-46dd-aad8-2f6a5c71a696","Bridled Bighorn"
"OTJ-common","5207de63ec7d28f6b782bdc295ad37d7d4c7f82dff173f3c27d525390c85a253","567fa6e0-fc7b-4502-9c51-f2538c411003","Mourner's Surprise"
"OTJ-common","527f5a33a9fe74abc0b444e38b6c55650f43dd42f0a45c36f05034cb51a0f917","7dbb540f-ee96-4115-b6ef-28ffc73da8b7","Djinn of Fool's Fall"
"OTJ-common","574557476907446069c7368cbdd20c1fa0624905b78333dfa7c2f62ab7116b33","116eea43-4235-4608-8c6a-599e860ae2f1","Hardbristle Bandit"
"OTJ-common","592773691951f2e3ef14443f3688c5f9e2d2286cc904c31cac101f3858d8e651","b6a965eb-cffb-41c1-925a-7cf3e8e2f248","Lush Oasis"
"OTJ-common","5b7ecdba53d99dcfeba36cf8e65756ef59b47cd76191e6a57409631708d6374d","df020a47-1784-479b-9882-be77b7f30950","Highway Robbery"
"OTJ-common","5bcb8032c0b0377b230b11bff9863ea77f960c4a39123fb78fb316504440f07b","6498e3e9-1a7b-4b47-9e7c-cdbd8928c9c8","Quilled Charger"
"OTJ-common","5dcf813cfdfc0d233c7c43a9424bc9558077b74fd7078a7156b4ffef88efec4b","9100530e-2bd0-487e-a4eb-13dabd55b678","Skulduggery"
"OTJ-common","652e72ab3f96eba033e4084b13746d032f24dd2f743d42a2b6298b696db5fb53","05852d99-8f30-4318-913c-d0b1eaf8c222","Bristlepack Sentry"
"OTJ-common","678c5f7b4b3ae014dbae0fda69039f63776e34fbdf0f4383c479bb43ebd6ca10","18a5fe34-0c97-486c-b09a-80535a99e982","Cactarantula"
"OTJ-common","6b717df5fe3fcdd693419390992130ba95536788d39a7a5ecd4d44f0fa21419c","ab23cca2-b59e-4d34-80de-98bd08985275","Sterling Supplier"
"OTJ-common","6b8a2e61a27916ecb5e8563a4b98603e8d4d07bd2af7e114c2e11f0dd619ead3","99da512c-e222-4e5c-aa64-a276ed9ebe87","Blacksnag Buzzard"
"OTJ-common","6d5a3b45cd12d88370b68be87db3389f81b7089d4c07221ca64ae07f9ab4b76d","15030c1d-7c0a-4273-a022-eb98d6c7a1ce","Loan Shark"
"OTJ-common","6dff455ff2241d705dfd4d27181b110b3edb642cae5cb63f3f22a05a0567b4c3","80e5d768-cc1f-48f8-b0fe-ed974e4d1a56","Vault Plunderer"
"OTJ-common","6e70bcf3f3ff9898f1e942893477a09477c09687d0835a8aff5240d479d0b2ce","db070312-9a27-435f-8b23-e538441103ec","Seize the Secrets"
"OTJ-common","71d9f43ee994d5cf3d5fb3698278d1f8408db9d515b7954669478555e9b4023d","748003fd-84c5-4c99-b146-d7d382eef64d","Holy Cow"
"OTJ-common","79045d69ab7f7fd58746cd6337b514b16652975fc099a7a1879fd8c290be75d4","5b5ef88c-f863-4f55-91fc-a63f7f3c1b3f","Outlaws' Fury"
"OTJ-common","7a0f87155ecb05a86bf26b6aee35845aa29ec8294a612af5d1e083a3cf5caf30","a1ac6d5c-b2d0-4ca4-8af8-16fd3dd3b3b5","Razzle-Dazzler"
"OTJ-common","81cd733ee3a3f8d3a7c1af65aa9db70bd859c724654fb369a0da5b46f7d21daa","9d3b60af-3e38-4d36-95fc-11b31c38f955","Festering Gulch"
"OTJ-common","8a4e3dd4ff1002432484fc0477dd20940ba78f16eeb2ff8b03e6726fb4cc1ce7","4cb63198-29b5-4607-bd4a-f449807fb764","Overzealous Muscle"
"OTJ-common","9191ecad82956e21e06c21edb1286ae1420f1054c8ac0d861275d904287de7e5","411b9158-e427-4099-bd30-3fbb22edb553","Geyser Drake"
"OTJ-common","97295e7cc4891123f22378009d4dbe41181139807cc2761448313269e34f030a","5d24fb6b-7176-407c-b917-6c88a6da40df","Nezumi Linkbreaker"
"OTJ-common","973cb1fc2f12f2ab5d420165661b1bf6d3fa2bf8bb6cd04bc401e2eff0724664","bc875500-f6df-4365-b2d6-7cf425daea97","Trained Arynx"
"OTJ-common","9951b01fe31ad12f701bdd84025fd22f5ae75a6a89ad8302fe7d5123e3b6242d","4b4589ff-d141-49a4-a0bd-1c73fc3651ef","Stagecoach Security"
"OTJ-common","999806d27856b3430ba7f92f44b4a2dbcf07d1ab01cafbcd8c4f2c3878d88203","29ef90ac-2396-4488-970d-d440297ba5ee","Deadeye Duelist"
"OTJ-common","99f1a16988bc39c65c60bbf7af34d75b901701c17d5838b393b84a33df6e43b0","2a4b42b3-6a95-41e1-9741-b35723d8da73","Giant Beaver"
"OTJ-common","9c3bbcf33a85c84a0ba61bbe0f84e15b92c1ed255d4e213303444e92a4bf53b8","637be5f7-ab39-4e3a-a5eb-c6e48fca00a9","Outlaw Medic"
"OTJ-common","9c6188154522525d1440d7ac7f011bec9c5139637aeea4ecaedf214d692947f0","b134a9e6-b004-4833-b298-10529f5a85b8","Eriette's Lullaby"
"OTJ-common","9fd1647055393d20158b9f0a5cdeadb2d5dab4824a5e9863e13a65470fbb4351","b23dc81d-01bb-4bf0-9932-5d32a6b22cf7","Explosive Derailment"
"OTJ-common","a231b3d22c3d31c197c4babcfadd5e614a74c9120e4d85cb10c5d11be0cb293f","dca25245-523a-4587-a059-a14ee2ef908d","Armored Armadillo"
"OTJ-common","a4ae47723f1cef0c579b590ef18cf90cc1c249cddaa0e99856b4827ca2d917f3","bc7f39e1-97bf-4725-a84a-2a04121530c6","Jailbreak Scheme"
"OTJ-common","a55e6d8acebeb2946870fb4d0cac83a6bb4f8387c01c88cf667785aa2525043c","c649d5ae-2f38-4737-8123-8069a2ba0bde","Vengeful Townsfolk"
"OTJ-common","a5dcb53c215a14cb2d62bd8d5c702af24c54623af442888b182e5a6eb3bf96b3","a6584af7-583d-4d89-9b46-d61be8236413","Discerning Peddler"
"OTJ-common","a5e261c0eb3c03244aff94b9c081f72ecf0ff6f014acbb1f7facf63ac6ab97d7","210a130c-d5d3-43bf-8a80-d796c37242e8","Oasis Gardener"
"OTJ-common","a66f314f1187997221e7a77cd0d3c5aa3cf3e60a41761a8dc26215ede467e2a7","ca7d093c-0533-493f-9ad3-8af30118fbfc","Abraded Bluffs"
"OTJ-common","a788688093e376fc30d2991b811fe16a91912cdea3b95f0afdde5c5af4610406","eb154ebb-d02f-405a-a557-3d5ec7648c42","Harrier Strix"
"OTJ-common","aa73255e2215424588f45a01ed0202c4a0ad9c2a491878839999250c4306d0f7","3178c1f9-f644-4926-ac9a-d40e4db79955","Sterling Hound"
"OTJ-common","aaddc6d9e065d62c6331000968b4e78114af548074434772d77df942ebaa45d4","e103f422-85c0-43f8-8a2f-8b7863e503fa","Mirage Mesa"
"OTJ-common","aaf15404d90e571add713657d0dfafa30498410f3c511815018928c7243e6b00","4ce8e0d0-6a3e-4c47-a7b7-c1b1ea1b9426","Prickly Pair"
"OTJ-common","ad48adbf43fc24b6657aca1d29c0ede7457a8b517b42c5b0754914db3da0c9ef","fe4bbe82-1d6b-4f3d-8cc0-f6df22d9e9fb","Failed Fording"
"OTJ-common","b1ce060bace0d2d6a199561969cada56b7cae51f6d794dc6eb54ec319eb9ec0f","852c6520-d148-4923-a312-05a9af821f24","Eroded Canyon"
"OTJ-common","b81d71971b2f8836723f12bae10517037e7c3f8db3ea7942fbd60d3f4271f4a3","82debe1c-31cb-411f-a353-98a952180666","Rodeo Pyromancers"
"OTJ-common","b853ced2536f5badc442ea10389efb8804c2817487d214373225d819fb671b39","e8d0eafe-540a-4b2e-a989-e98ff3c31105","Take Up the Shield"
"OTJ-common","b9224bd1aa59db2adcb0a4d03139fa286b815b4e8c12311dd09b2dcc5d80597d","e5cea282-9e61-47da-8c5d-f5fca6a508a4","Iron-Fist Pulverizer"
"OTJ-common","b927804bd6f99cc61a709bf2ea74483268c5e1e449a0ce67094e7bc96e686573","843c8485-21b8-45ef-9a0c-4967f07278bb","Trick Shot"
"OTJ-common","bd63fc9af746d127cb5458545e97e5115858d03b0ce7c1376112cd29ca8e7a71","e0206af2-8034-4351-a797-a1d996f080b5","Stop Cold"
"OTJ-common","bd9cb6996f6dd531a02eff52a321bf32c0e48cdb2f52065207dbf72f9b085f05","68930fb6-d833-40cf-8917-1a1bf60edbe3","Reach for the Sky"
"OTJ-common","c065c511154cb3872a787678862d392377e64584199b287d556a0e6b3bb9cd3c","279f3aa5-5807-4797-8cd1-e009984a3691","Take the Fall"
"OTJ-common","c20794425114eb5981e70eb1e5de90780efb706987399b496c5c16a14f129dad","445cd4bd-ba7c-42a2-a794-42aed823d0d3","Irascible Wolverine"
"OTJ-common","c8577b40ef30caeb9cdc200dc1551cb4ed0c709f3ddea21fc80bf9d134f3e76a","de8d7cad-02c7-43f1-896e-eaa73f016ada","Desperate Bloodseeker"
"OTJ-common","cc74515954f67323f90d4fa2551ef82095a6a5301cada294d4c3d6c0c66197ff","ebb3e2ff-2214-4e11-88fb-e0fa84288cf1","Forlorn Flats"
"OTJ-common","d15a91d278a7e58752bb1109e1a510609e41d5909558e6a8c855ffbaaf1e888a","96186b7e-3dd3-44e7-ad23-79638787004c","Inventive Wingsmith"
"OTJ-common","d26b523accfcf468c12b4f15aa73bb05af4a5af44fceb27e4737a7adb41e6ca4","9cbc9f83-8979-42a5-a466-a8d89c8e6de8","Bristling Backwoods"
"OTJ-common","d3bec7089ccc101e4833f124e6fd55dbb2c52ffdd73c027e9e43531cea9ed32d","9ef676f0-53c5-4efe-9341-e960d00dbc69","Consuming Ashes"
"OTJ-common","dc35fa508d1e3235030b49e2eb8dd4c7b9285f77340392259dc93826c330a8cd","bd785a7e-df65-48e6-843b-7831f3c1e5d3","Voracious Varmint"
"OTJ-common","e82d506fab820570f082d02feae3d5e058695e4ba2370cf147e2fe8690600efa","c3adc698-a0c5-4c82-8347-536745c9e928","Boneyard Desecrator"
"OTJ-common","eb1acd2ce58756cdb44bd4f3d6e923df62e260ac3975b865bddb3b8bfe529ea4","ae0d17f6-859c-4b41-8b66-b68abb837bbb","Quick Draw"
"OTJ-common","f0897f71796f84a4a64d5da52586224ce7cf5301c3a839e53152f855426ccd4b","37f924e1-7c25-4f06-88bb-054693a21e5a","Conduit Pylons"
"OTJ-common","f14cf317250682d121e20f275994970cbc5ec95d583ee240a03e2e6ff178958c","64ee02f1-afdb-474b-a893-31538ad7219a","Jagged Barrens"
"OTJ-common","f29c21d0de9bb1c45e2fedecdd2c40ca39560f4509743c1f081359c84b354930","5d575b78-3d7b-4860-abc3-e99e429279a1","Mine Raider"
"OTJ-common","f331b6116d268b760c19d8da720734724f87b56f700de283020bb035ae90d8e0","2085642e-29be-4e13-81dc-1f2ff6c095eb","Slickshot Vault-Buster"
"OTJ-common","f675293805eb5289edae9b6cbb88299c4f436464b457422e20abdcee333c08d3","73733fa5-d292-40ec-8f17-05ba5feb40ab","Reckless Lackey"
"OTJ-common","f94a9bd97fbec2df88781a36164288fdc76d320a5679dad381b98bdac5f05c2a","c1348afe-4dc7-41bb-9d3f-1e8751abd7db","Wanted Griffin"
"OTJ-common","fa890b4b35bee333cc45ca62a9b93024e07dd550984aa845ead6ff92dd94ad47","290fe09e-04ab-48d1-a60e-db47ea8c4d00","Drover Grizzly"
"OTJ-common","fcf5a485b9c4c02ad1286aa55d4a8aba0b817211bdc2ccf27529532e3164ad1f","0f5401c2-0189-4a07-8e7b-a765ccd7c954","Daring Thunder-Thief"
"OTJ-uncommon","00fcfa33eadd401861cf01ed20d2a6888e7789430f335de3da896b0b316ae129","00ff5598-2f7f-4e28-8b63-5ae1ce18f0c5","Unscrupulous Contractor"
"OTJ-uncommon","0471f08daafc531182ad49d0c4ec074845e41683451d657dd374baca36503e19","4f815ca4-0197-48c7-bfa2-5eb937c615e6","Take for a Ride"
"OTJ-uncommon","04a3eb4e6b703bc0fdc5e1797b3de478c96b6ee7dfd22c59025b7fc083a49f3e","0c9ec9a1-738a-4f69-b367-5dbf3d046bf1","Servant of the Stinger"
"OTJ-uncommon","0c814d836b5c48493da2f4469e1446125d04f2e12f52180c833d932eade5c21b","51a6819d-c8fb-4f52-ab0c-4ae845728ed2","Redrock Sentinel"
"OTJ-uncommon","101363714efcc338cc40b6e1873eacfc1b2fec875338409d411124ba2fa73fb8","1d764f70-985e-4cf0-9482-f30f73b9baf1","Kraum, Violent Cacophony"
"OTJ-uncommon","103ab45ff0575c2b97e12bb2597d6d26141f8d0ddace88e75e05e267bd168f0b","91e49e8e-575f-43c8-9263-a8568697e7f4","Rictus Robber"
"OTJ-uncommon","11821aecdbe5ae6bb0f5994c86bc938fd33e53c25e3bbde19bc33e73df1e4f34","d262f3e1-b5bc-4dab-86c2-cd89c2419e54","Caught in the Crossfire"
"OTJ-uncommon","119fdf33b0521a1a668946c403814d791b658a993bc5173f36738b62f3c9f232","45687a24-e8cb-4864-8721-410eb8320aab","Gold Rush"
"OTJ-uncommon","12030670fd7bff4c661ceea42841d5fc23e48f65db724539b782459d39eb0637","59e8747a-3e3f-48d2-aaee-af94ecee378b","Shackle Slinger"
"OTJ-uncommon","1352df8cc23992069dfcf024b9e5d4a7231fbf39a1d9eb9e1c6272d5e53fb08d","ddf34404-39dd-4dcf-a706-ec78d47167e9","Rakish Crew"
"OTJ-uncommon","14fa6190d43a99a32fc292c2ff4be8a3f758c744017dac25cf2d3140841a233f","07acb7e5-7aae-4d89-aabf-cbd329b3480b","Prosperity Tycoon"
"OTJ-uncommon","17988a58b6c01112bd470875bb5b38cfaf8e556b7d1d8a1cc29927f280a469cf","a66d8dc6-ced4-4b24-b0c2-3557b2a851be","Vial Smasher, Gleeful Grenadier"
"OTJ-uncommon","193f1e54a5d84c9b8b6a8d2cb4ca26d9ec6daa2b4bc94df3318e25aa83094e3b","0c38f159-367b-4e4b-94cd-bf1b0721c3a8","Magebane Lizard"
"OTJ-uncommon","1b6d48329e8db3769bcfa6ddb5178a19698222b26ca546b8c26a5502735a9700","534e74f6-52f4-4824-9178-cce5e4bcbcc2","Raucous Entertainer"
"OTJ-uncommon","1ceba1b05581974ec43720cdd3e030baec34937e9a1c2bf719f99662c31ba157","41246140-4b44-40c4-b92b-501e49c50bf7","Make Your Own Luck"
"OTJ-uncommon","22dc21848585b317be08d01f0938c7eab9a6d7197d46791da70f60aa2365e396","9f4d0133-0ecc-4498-8a47-4906321faae2","Emergent Haunting"
"OTJ-uncommon","29031bdff1cecdf95ff45e675398b8598f1cbba92aa7a43f8389000bc917cc3d","86dc3a41-4fb9-4b1f-8279-2b5edbc7e170","Binding Negotiation"
"OTJ-uncommon","2b7e8589011b7a86f15ac3a3334324b3fbeeffe49a67839a17479791cc27c171","c0535854-e4e7-43e4-bc5c-7cc95fb17929","Shepherd of the Clouds"
"OTJ-uncommon","36f20941f9c8c6435ff308986b1f904d1310e4c562b000c6d7737be90d855740","70bea459-f6e9-411a-bd33-339bf95ea47a","Marauding Sphinx"
"OTJ-uncommon","381b6e29faf053efde39761983f1f2aa5c2af38617adbbcf4cfd2a130a2ce44c","b00f316d-7c82-40e6-80e5-9f36434590a3","Bounding Felidar"
"OTJ-uncommon","3b35d6a216e8d0f90c8eee001695f97775b568d219f0c32c0cd4985d2968e4ad","7402d98f-6d58-4ff2-a0db-9eec4417a75f","Bovine Intervention"
"OTJ-uncommon","44dc05423229357013ab7e6f6f6d78e8bdbcd04b61a0821b2c5a611b244d3980","855a2579-8f78-46ce-a3a8-eddc808bd7b4","Outcaster Greenblade"
"OTJ-uncommon","4551a31e90855842776768f02ed45cea038db60b79b09f7685a71872dae9eb18","c68c2a98-9a6d-4199-af3a-78eb92beda48","Luxurious Locomotive"
"OTJ-uncommon","45bcfdf9f222c15b33c2e9eb5542488713107a450a20bb94bc6aa33d7db45bd9","0b23d9aa-d4ed-4ccf-8810-4a4d11d6fb9c","Lively Dirge"
"OTJ-uncommon","4d18ad89c316141ef0d9621b99ab594303aa5a9cb327fa366517fbbc9c714917","3ca32660-bf5f-4398-bef6-a0ec8bc767cf","Doc Aurlock, Grizzled Genius"
"OTJ-uncommon","518762852f36af6d3ff11e9e63294da077bab63dbbe0b8d0ba82ea07e1e1fd2c","5538d4cf-98eb-4e20-a9c1-42c7cdcad194","Rattleback Apothecary"
"OTJ-uncommon","533d57d45fbeb3cac778f2c2baa005e3a502ca85c6d7a00232a987a8027da31e","4b100e6f-6c19-49d2-b9c4-613d63d42151","Rambling Possum"
"OTJ-uncommon","541934ccecdfdb3928be31f2efe01da8b0c02a8b083daee46644609bdc38712b","9fda1239-97ca-41f0-8bfa-040484769396","Outlaw Stitcher"
"OTJ-uncommon","555f58495f3ae4b3c718f0eb306cf760967dd1f55f585ce772f12dc6b9b25b3f","d37e0127-6f68-438e-8b9e-a71bb3c34733","Forsaken Miner"
"OTJ-uncommon","57b2de8fa8bdcb228c3831c0759384c57806c3e947d7392f50509f6198151fee","19a32e29-45ec-433e-9cb4-b2c32cac8f80","Beastbond Outcaster"
"OTJ-uncommon","57dd4221e3ed0942bb13adaf51437af6001c1645b1dffcad3e3cf32883031f49","011558f3-3c23-430e-a08b-8f91238e7971","Unfortunate Accident"
"OTJ-uncommon","58c86948306070ab4bd37935a44fb1e79e0f3f70993fc76c4ed37eccc5e97ee8","bc983c67-eb5d-4a85-a12e-a410f85e949e","Gila Courser"
"OTJ-uncommon","5a3115704e6424c099ead31386ab2eb925355149808a9f0ab6ec4ab5db6a8577","b793141d-581c-4cc7-b09f-1fe8bd5536c5","Neutralize the Guards"
"OTJ-uncommon","65cd3bbbc1300e71a11d9d34baccdf40f219eee37d761bcb24d8b13b8ee90ac6","de417a82-8f03-4d7e-aee7-48f7d7eba61a","Sandstorm Verge"
"OTJ-uncommon","68adba7bcb6d9cba030e4176263eaa02472dfad13555f42fb00ae3c3253b4783","8f5902bf-4bc4-4d0c-84ea-a425307a4eb2","Bucolic Ranch"
"OTJ-uncommon","74d89aee65f886fc8597bdae09e64c0c290e33364ef8f2929633f24b3512c861","c915f815-77d7-4e08-b178-82b29a58bb03","Fleeting Reflection"
"OTJ-uncommon","7784f0e8e50fc12ff19c1b060d7dd369f0c9409c9e6c9e6f5c92430849910c58","3be3d7e6-7860-438a-b8c8-ef154c18c163","Arid Archway"
"OTJ-uncommon","7a9850ff7ad1a83f6c311083cb481806359ad66d1a85fbaf9401e7db99a53aec","a861ee41-a2c6-4530-9974-82f55ce712b1","Demonic Ruckus"
"OTJ-uncommon","7ae3d5fa987629d1be6c4a27fffbd79d0cd2628bfc19801389c20c12312314d2","e6e4ad3c-079d-429b-9f29-b9e42a1a236f","Slickshot Lockpicker"
"OTJ-uncommon","7bc54b54a6b068d033da51b254f3575f4f78817177e0983ba3e86243b3c1c303","8b153452-b4f2-4310-99e2-c729f28be6b9","Nimble Brigand"
"OTJ-uncommon","80da7414cb3a31d4099db4fa769e2a9d3ea73f2dda29277fddb550d4c31582c5","d22d3934-8437-4a18-81c1-4e9c501846ca","Tomb Trawler"
"OTJ-uncommon","81fb1cfdb3fe18b7038ac5b12ace4d7d02d58590f9ea3a6e3e16aedfd64bac12","1d88014b-8189-4a88-bee3-c2310d36f6e8","Miriam, Herd Whisperer"
"OTJ-uncommon","820a5828132b995e84cc69aa44d77e51e06d8ee9d7fe65aa832279bce76160c7","bb02e64c-0c4a-41ae-972e-ce83e6fc4cb9","Blood Hustler"
"OTJ-uncommon","85dbc97a534aca864acd3a4725617072ea360111c8a3da2aac3456fa6e2c05b4","814e06c0-9b61-4a64-8c67-73a8eb00a768","Ferocification"
"OTJ-uncommon","8ed206b2a6e228ee66cb1252aa21888375f99b23dece498e5b56cf23e618b632","55ede1d4-593d-433c-943a-4db12eeb5fa8","Scalestorm Summoner"
"OTJ-uncommon","93c8a03058f229a9805381abddabb470d3ee6d08907b03fdc1981366748d0fb4","a61267d2-2cc7-4208-a365-581d56b92e1c","Badlands Revival"
"OTJ-uncommon","9608ef69b9993fa9c282de927545339c7bbb9bc4ead5a0082ba13c05e7301cd0","69c8e690-c0a2-4c4e-910d-123c9c5b922f","Metamorphic Blast"
"OTJ-uncommon","972080347cb047596c27ff8d112e0a6c860eff3093a75cac840f122a69c8ea74","ef0c0f28-e1ee-42a1-9878-95a0ceb0a9fa","Rustler Rampage"
"OTJ-uncommon","978d22ebf020eb5a1f57a0b1c7905ef5ee2e8f77da9114a01e6a9f7fa3f75f1f","70987216-f84d-43b9-8d75-bb21ff37747b","Prairie Dog"
"OTJ-uncommon","990974960a64989ce6b4bacb6b23938331c32dd93730fa5ebf2ce5ac950ded3b","e25b516c-bf95-42bc-8b1e-04617a3d28df","Baron Bertram Graywater"
"OTJ-uncommon","997416346ee61b5913cc9fb534fee83e29c103619863b4033791a0e04e4e78db","e13113ba-1923-493c-a48d-ca320b7adbde","Scorching Shot"
"OTJ-uncommon","99b7c1890e4eccc9efef69ef7621fda73025ff5d4ea3e5f8f01f9f26e31bb18e","5915039b-3dbd-4a49-8bd3-23ff0fd9c90a","Intimidation Campaign"
"OTJ-uncommon","9e6d7675a9698d1661ac96309d9e9f5a9fadb308d9d8f05b5a62ccb78e414fb2","30377bd5-99ab-4888-9ea7-e5a069b527e8","Return the Favor"
"OTJ-uncommon","9eeadcef09246e55ec8d8756bd77fe00973c14e5c77cf7492562f3efa6661971","4ac8c118-3942-4c92-856c-20d764283650","Slick Sequence"
"OTJ-uncommon","a01d48dcd24c8c38f72c192144344f2737af07059a03f25ef6a995d6abc831c2","2038138e-2e52-41e4-90fc-443fa054c5c0","Shoot the Sheriff"
"OTJ-uncommon","a2f62ed16b6dffa83b381fbacfcf957a1d1e091df890f495ce0191ee5c545e60","8ecd3743-7c32-41ce-9ac1-c8c855a47302","Nurturing Pixie"
"OTJ-uncommon","a4d9e15250123b4a9a2568fda34fcfc42847815bb369ccc21656211afce79b10","97489ef7-98c3-4700-bbe6-185215d41b25","Aloe Alchemist"
"OTJ-uncommon","a5c2c885dcaa39d7bb8f32bf4c475deb1760877baf2b7c9d9dec3ba29bece4cd","98eac0f7-3f4d-46ef-9575-680c52e967cf","Getaway Glamer"
"OTJ-uncommon","a8f2e369999141d00f63e180579d1f91dfee48bf2ca68ce070385ff6843d8022","1a4075f3-6c18-4cbe-99e0-f403dd78a7b0","Hollow Marauder"
"OTJ-uncommon","a9c93b7b6ee369a479cfef39e387d63971ba5c99b1205bed803697d7dbdd642a","763d60ea-a0ad-4f13-b8a7-aa1515283266","Shifting Grift"
"OTJ-uncommon","aa9a0d99ca1005192273fb0fbc376a14d7d727cb45f20a584a7c80fbc06fb72a","a9471b33-b5b0-408a-9900-6964e5fe42da","Plan the Heist"
"OTJ-uncommon","ac4cbdfc76457ded2b9aa2941b3dd7a76e586a7c3f6409ea6959d81db2a3bc38","db11596a-6704-427b-aaef-0211e7822127","Visage Bandit"
"OTJ-uncommon","afe85494aefce79fe28288a09b4a95754f93286d302bdec79087784347aa8c79","a38eba6a-db90-48ac-bb49-889a7fd90ce9","Cunning Coyote"
"OTJ-uncommon","b052c5fe6faa159c737632dcb76c3cd8da1d1a4a891209a9ac33046a62df999c","852e3d89-64a0-4b32-be2b-b1d6cd7c2f64","Omenport Vigilante"
"OTJ-uncommon","b5e55d2c58909c97aec6809a95aac23eb590a7831d8627b6abd73c9ef81a911e","78c7c73f-847d-43bf-9e02-cf85357453f4","Resilient Roadrunner"
"OTJ-uncommon","b6515c6bc3527b47faeaaba520b532c3ba323f6f63455bc98db739972a7c3f07","8c81f7b6-38e7-482b-afff-727074a23888","Spinewoods Armadillo"
"OTJ-uncommon","b69e52631785512f09487a6f182bb0353e62c0f5a2dae0cec9e217cd2839cfaa","09669283-eb14-46a2-b37a-51d7a52da891","Requisition Raid"
"OTJ-uncommon","b7346bf15ce6a60185a695f6cba3202b1e0454f0b97e64c685a8614f4ffe7448","ca60623a-1a98-4153-a0ee-2f34981de5cb","Lazav, Familiar Stranger"
"OTJ-uncommon","b7d871dc73be56c9399b7987b83d61bf50e6a1a602bc81d4e9497c5a230c2824","d981977d-acfa-432a-b1d7-1808a89a5998","Rise of the Varmints"
"OTJ-uncommon","b852af00921cbbc1d6f32fdc6b78051d226868e0115611e7ad8cb3377b46788a","fb8efd6e-b8f8-4da8-ac65-5b745c02d2bb","Jolene, Plundering Pugilist"
"OTJ-uncommon","b85748fbb8b6be174c8c05b08f74bc9705ac8f5a28095dc76d3240278f60ae49","2550c2ae-834d-46e7-9ab4-d7bf7bfa6a78","This Town Ain't Big Enough"
"OTJ-uncommon","b9d897aab18414b0d3103fa110705c448135cdcf58a9f8e4921bab9ef1940faf","b75ffa62-a291-44d7-a950-b50c8394e066","Deepmuck Desperado"
"OTJ-uncommon","ba307e295a173a15f4b9eadc72b9df7b1352948047492226e2308eb93164bc77","9457f3c1-a087-46cd-a8be-cf665466b77c","Lassoed by the Law"
"OTJ-uncommon","c0e5998a31c9a7522fa4c7064c2dfa976d297780281044077e5bfc4607551214","4681facf-21ca-4118-a827-0e3d4233d8e6","Canyon Crab"
"OTJ-uncommon","c4a04e0786f0575933d989c1a123f605d2dabc5806107a92552f8093463587f2","05f15b7b-28bf-4b63-a4ca-b57712a1a66a","Cactusfolk Sureshot"
"OTJ-uncommon","c81d3bb5f5d993adf8764e127b4e4e3c3a2fd0c0073fbf7de399ad87195022d5","466cf331-2d9c-4ebc-84f6-30c890e1b637","Frontier Seeker"
"OTJ-uncommon","c9475ca9a6d9221d8da33afe6c9a6b2d043eba149d778c676a37a1eb73938cac","376cbc85-2941-4d97-b031-bffff86550e7","Congregation Gryff"
"OTJ-uncommon","cfabf6fc71bad275c6b974934467345250e3bc63c1a126d3ed7f6ece39fce944","a825bdea-3ea2-46b2-93b9-21586643aab0","Intrepid Stablemaster"
"OTJ-uncommon","d26a63d313304fe7bcfaeca77b4030ed73305fb83bf942687a0164efd1d2b9f6","b47f7f1e-2d81-4b1b-870d-4c1a4f020505","Trash the Town"
"OTJ-uncommon","d31385d40e6d5e4eff52f2101c3fddafbd742e84b8ef5658e6fdbbd8223e5523","63bfb9ca-d9d5-4c17-be39-82eb115bc20c","Lavaspur Boots"
"OTJ-uncommon","d53abfcfdb5a0748207d3325fd19abc03495acaec26ef7b499178f5552cea3de","439bf6d1-bd65-474b-a70c-7fdd446de4bb","Honest Rutstein"
"OTJ-uncommon","d7f3042edec7fdba1d06f157e5d969d5ccd7ace0fbc6341b298e681468e6ada7","6a0a7b02-10e6-4dbf-8356-659095519480","Longhorn Sharpshooter"
"OTJ-uncommon","d805d48a8b01522f238c5b25a7a77bdcd367c3f3f45c2d34af710aaed1dea830","65e64c50-4757-4e8e-8043-bc61a5f21750","Full Steam Ahead"
"OTJ-uncommon","d975e600f7ef1f917192e8568423fa006ed15f4986bf7fa73516e7cb02d89cd0","11a46cb6-ab01-4630-9541-782db2ef3b91","Map the Frontier"
"OTJ-uncommon","dcc8f6b4095859eb01adf950372ede6c28d51cf3158df129331e790393ad19a9","24bc7bd5-f262-45a2-8e94-377fef2ba5d5","Stubborn Burrowfiend"
"OTJ-uncommon","df92e5970093dd3d53d027bf2a32665c741f5468ce11984e030bb2f2cc4d0ea7","82b6a283-9897-4ce1-8de3-e7579cc9b75b","Ruthless Lawbringer"
"OTJ-uncommon","e39ffcc55d1dba1ce866e9f13dda4cf9085c9cb0be9dfe8a594cf246e74ea24b","84b08b55-0623-4202-98c6-1756d3c1bb8f","Bandit's Haul"
"OTJ-uncommon","e4d24aeda27c22271b2d37f84efb649e7c53c569bd72b57d5681b8c3ff2fa853","8923462f-0540-41e8-931e-97b5f1dadd51","Form a Posse"
"OTJ-uncommon","e5feee1634482f71998d588313d2a3cf876cceac3b90bb2cb2f0aaea8370a88e","f1dce3f0-30c8-488f-bbeb-b0533886c655","Betrayal at the Vault"
"OTJ-uncommon","e8d39a7fe535901be442b9cf2a7cc672a000e6583bc5d4ed531972f17031257c","0d8fded4-0393-43c2-82a1-383f29de65ce","Wrangler of the Damned"
"OTJ-uncommon","eb76b013738fff0d14de43ee28696671182106826e8d99d5d393cc6f6020e095","b0fdf2e0-3025-4919-a9dc-d33100e487fd","Boom Box"
"OTJ-uncommon","ed9359e3c7220ade3a0958ab6ed16e3230d526e00860a8cd77f866db76668143","d98cc18b-6ebb-4f55-9d0d-b8fbe9a92bc1","Thunder Lasso"
"OTJ-uncommon","f31c4af5b9fff621ef25f4efda4f9f6d15b14136d60decba684489142b629b7c","81e5c62c-5aed-41e2-8bd1-610022e880bd","Hellspur Brute"
"OTJ-uncommon","f3edfddf322aba5820e01f1e4953d8b5659b21a8cc729aef2d52c565ee8a12fe","0a66ce8b-af99-411f-8ecb-52a5d2f6af3d","Ertha Jo, Frontier Mentor"
"OTJ-uncommon","f4a44f1841215539a2d0b93f7de217be52495a874419d101909902e4554b692f","b71239fb-d7dc-4bac-b8aa-26b454409344","Mobile Homestead"
"OTJ-uncommon","f8c65b8c1b0a5513a466e1ee864da7c1a326a0c9efd60e5efa092bbbdbb272ce","e79deeee-c14d-496d-9b0b-475a6a24274c","Brimstone Roundup"
"OTJ-uncommon","fbeb402e70e66aefc08ffe948b864e83ceaba5de63221a2b26a43be8a7818dc7","ec16008f-18d6-4461-b99c-0a504f211618","Sheriff of Safe Passage"
"OTJ-uncommon","fc1574f36754a0fb4cf77a3c81e4cda5d6daeba3972f5954cd7782f715d3bf27","bddb2064-afdb-4184-ae4a-633745e64a3c","At Knifepoint"
"OTJ-uncommon","fcda572e5eb4f53ea2718c43c9b392005ae345932fbb00709c4aaffa0c074c7d","5802aa98-a9b7-4b0d-9d7c-c3938701870d","Jem Lightfoote, Sky Explorer"
"OTJ-uncommon","ffd5fd6e4fe27a5d977e0e5df89431e443980ea5351514e28b66e3097125fb0c","9a691e96-fb47-4c23-a063-3b287c51147b","Treasure Dredger"
"BLB-common","003f4e2e1cadd988350ca9f8ba957e4bc0c5a4f82194ab07df2a7513a4fd0094","7b89b7d2-c724-4d5d-9f0b-7d3302ad1168","Agate Assault"
"BLB-common","02b12be6b63eb0c8f8ad1d4fdb745ff09a1055e2e0f284cedc8d19816d94139c","5ded56df-c7d5-4043-85df-410f47219faa","Corpseberry Cultivator"
"BLB-common","02cc60ec0a90ed0135fba05dcfa94842b6374937dec7016dbb6df1e2b7326071","91ddd2bd-2dec-4670-8edb-e89c009b2187","Pearl of Wisdom"
"BLB-common","040285da77ef1246d41a8666168a0529e05cad7612e24a94c92991ef9a46d1f5","a50db36c-948b-4132-a5e5-84aab1f42612","Skyskipper Duo"
"BLB-common","047b4b17e8d8366a620ad79e5c003313e3a9eed7cc13ffdfced0bb115406bb3a","ce36a450-68a6-4519-a9f0-0e3b772054eb","Alania's Pathmaker"
"BLB-common","0711ebe0cea55523f9ff36a1781f693856477053b5dca0ba43158f2009801567","76c2e0b4-d4fa-4e98-b363-0a76eb481304","Finch Formation"
"BLB-common","07486db74b1462317b9713722aa9ba8ad65d6880c1996ecc43e8840224408461","43ccc568-2509-49b6-99d7-c56900d1565a","Daggerfang Duo"
"BLB-common","0d3718b81ce70d24c54679d1525370415913bd9d12e04fe13e5f343090511c8e","5fe3aabd-3271-41bf-ae50-f6efaba7c4ae","Carrot Cake"
"BLB-common","0dfc5b6a729010249ef6edd15ac19769b3cbfb2739731e646febe0ec787ce90a","a7b12df9-fddd-4cd4-8c09-d54a47867ab6","Diresight"
"BLB-common","1c0fce303b219e7475aee01af4cc6f462189ff77b818ced95243de753a9e0049","5e11386f-4667-47f7-b280-eabd927e4a46","Waterspout Warden"
"BLB-common","244699a5f5427646a1d44227f49f5629c9d064099bd745f30ada848f0556e249","93596258-bb44-4aa3-833d-9a0ab16b5ec1","Crumb and Get It"
"BLB-common","27192e90359122eebf52d38177d16f1152ead4fec727e667bee207f1689ee0d5","7a70faf5-cc04-402b-92e3-67746788f510","Sunshower Druid"
"BLB-common","28b2d70fc11e147468458a9d592c52fbabc3a6d3ecfd272ce6413d36053e700d","c9d8c983-2845-42e6-b6b8-bf7cf2729b23","Shore Up"
"BLB-common","2af7749f93a01b77b622c1f7e81e1c2ecb215c08305ff11039384491f096d5d2","980cd7d5-a511-49ab-bc52-08b71c65db76","Kindlespark Duo"
"BLB-common","2d40b68ac4c9fb0831e40854cac3bbe995bb86156453707b3254f564f9252c39","d23c3613-bc5e-4fc5-939c-62a090c53a79","Uncharted Haven"
"BLB-common","2d8138db3c99f159f042a65cee5b1af438d3b853498e82c997e71d649082de20","4c2e84dc-b4f5-4eca-af07-1c53a1caae7c","Ravine Raider"
"BLB-common","3006be9a759b7a2988caacb81ecb400a5a74f3599a0f80f36c185c5b1729c264","ed7f64d1-69ba-40f5-9863-3edba10e23c7","Nocturnal Hunger"
"BLB-common","3778653ea3685f52d67f1ad4476638edb688bee8806c8bd180ee6cce2848ba00","33f4fcd5-4eea-4146-a564-da5511a8ee0a","Thought Shucker"
"BLB-common","39200c9b1b516c327d9a9951eadf1b37cfc3e722219c0a4647780312826e2194","99007c40-1eb5-4c3a-9889-6d12417d8191","Nightwhorl Hermit"
"BLB-common","3c2024bc2c9db78eb0a3d0c1adb1b3f5424abebccec2331c7ae3ade34fe3a5c7","19b5c94b-b4fa-41a9-b649-51c4e6f03602","Might of the Meek"
"BLB-common","3dd4f294007520be586491bbb7f3fef161a5bb69a132d844ca5adc46f6fab83e","9740ce6d-ef6b-4d70-839a-8bd5e0e1e0a1","Druid of the Spade"
"BLB-common","41310e4755065bbbda0a4b3e7bb9cf74d9db20af5cf4a1bb5992cfe72fdcca7d","d8067f42-68c0-42da-a1d6-859953939555","Moonrise Cleric"
"BLB-common","45548c12a3a33331895610b56cf7b3db722adf5dbe7137d0e47553b2c08190dd","33b6555e-035d-4241-a341-a9b9139ca6f0","Thornplate Intimidator"
"BLB-common","45bc786c2a2ea9179fdb4f70d3db7ac0020630917f761237d1f3d40bbb17e18c","467d6acb-9a3c-433f-836d-54e0e670b7d0","Head of the Homestead"
"BLB-common","52ad65d4d01a77393bfcd540ab7885dbae455f1301ae2a43e7f682614e1d193f","ac7d1986-8388-4e4c-973e-d90382b12acf","Sazacap's Brew"
"BLB-common","5396def9f577f6eb3ad065be24a8e6ae1ab3af10d0c132365c742f779a18bc49","ea4c5b8f-a5ff-47dd-8e47-5ae7b21926b4","Fountainport Bell"
"BLB-common","55b92f9c3d5eb534bdc1f3eef37fa944a2a86a3d13a4af9e60bd56c433dbaa01","0534e20d-8352-4d9f-a617-378070602673","Pileated Provisioner"
"BLB-common","55da6c48de2a279b3b2d19b495eb3a6d3b9813323de83dbd83ef80736dbec3a0","655a2b78-6a6c-4b9e-b7c0-48d3768978f5","Scales of Shale"
"BLB-common","56a6d434dc6c247136b56654f7a85c908534d5b33ff9b077fe25dc3d120eecc4","23878990-dcbd-4a2a-b4f7-ee7edb396c71","Rust-Shield Rampager"
"BLB-common","5a858a618b8ee17d52b7f95af5ab705d8d1886f928d39c24912205c7c347dbca","e2f57e48-ff5b-4a42-9b7c-1bd23b0d78ed","Seedpod Squire"
"BLB-common","5ac1046e10ef7677b6f8a66c4c50d685ae7cc4b29b5aa4dfbceecb1eb6ab62bd","3df4eb80-e8dd-4a9e-bd8a-b4b23fb9de6c","Psychic Whorl"
"BLB-common","63aab585bb3eee0f9e79ff04ea7bb19c2224d0827c72d48542f38f2620602b07","a45065e9-951a-4c6d-80b6-bd86a49f7439","Dire Downdraft"
"BLB-common","654d62fa64709a39bb21882d108c345240d820d478744032878d0466929e5f11","6e152529-64b4-472c-8e50-99095af6af99","Bumbleflower's Sharepot"
"BLB-common","6763712374f1a4c24c5428ffc3af45f47a78bdb32eb4a0062cf9ef199e564ef3","3b10ab39-3050-475c-af8b-f293794d498c","Mind Drill Assailant"
"BLB-common","6764e3f7419e11b3cb30b1944418d3ddf207a2c1da4d3077de18f67381c99e4e","63686c6b-9051-4002-aa8e-da8a3021330f","Lifecreed Duo"
"BLB-common","6b59632436081bc80b37b2d620bb28e20afd340720cee043d1f25829bbc8ebce","899f0931-4e9b-4fa8-9f6d-d13a7de05334","Stickytongue Sentinel"
"BLB-common","73638835e0402356e3e6167395cb9fc6aca210f98edb33831ae53938ffbb1ccd","bbfc5011-a9b7-442d-a443-974a5a64de46","Heaped Harvest"
"BLB-common","770a52bca7945e1053b5f463e0d30449fcf018860906ab490998af61bf32e524","ab0aea13-1dbc-424a-ab7e-cdb303036a56","High Stride"
"BLB-common","7b3f0018c792e194ac85f4751756de87f04689812f9ca07c750a39186f1d5614","ef8fab12-d7d2-4c21-8b8c-41627048ac8b","Lightshell Duo"
"BLB-common","7e6b764621e2fee9ab56fc69f7a7b4b0b338db3b3a47e8c150907cbeb04175c7","75237b2c-232b-479a-ab3a-e1566c8a9fe7","Steampath Charger"
"BLB-common","8546ae0ad7c115784ef91acd986ddb3f9c6b344f1339ecb383a6b7acff146c8a","50c038a4-6546-4a15-a117-176849edaa3d","Raccoon Rallier"
"BLB-common","86de474abcc193e1287baf7af48700405b5606bfa0082ff546358aa3a566780c","54702a84-3125-41a7-a875-fe2ec870836d","War Squeak"
"BLB-common","8ea88083a9e5aec7a030901548a3529bf7ebc7a1c7bda68e5e740a3dc1f85250","03e356ae-f1e8-4730-8d2b-b9e2f32db915","Mind Spiral"
"BLB-common","93fa64194815ad16a90fc235c3a0f1512284968acb9969f2e360d4c5d8b2306e","33fcb05b-246d-4b82-8b0f-44d5f891b612","Warren Elder"
"BLB-common","969239655d43c9b480c3736390e9664546e5beceba987ff6d61f3820b416aeaf","9f7abd7d-1087-495c-8a52-2a2368cc1032","Rabbit Response"
"BLB-common","978e0d034afdb5ba95d48284d4e7615dbe9003cd07ce979bfa7ca0d5ff1c2c8b","426dbe89-0cbb-4a3b-8812-d9761d063373","Wax-Wane Witness"
"BLB-common","97df051f054785622748c282c2c2485c1147837839c3dae548f3e2b88ff915c8","d17d4003-e1c9-42be-ac76-3b5500fad485","Three Tree Rootweaver"
"BLB-common","980d84bebd1c8895d42905d1dff19f6354d4d526f478fc9fd7b9e3a9a2c6236c","0369627e-3b83-4e5b-a8af-a99f944443b3","Conduct Electricity"
"BLB-common","9e32ed799ce598b52a26e6e53e1bb8f4bfcda4efccac55685f37e1779378b3c6","c79cf0e5-52dd-4af3-ab06-6cdaab526c23","Bonebind Orator"
"BLB-common","9f46360d05cd327d134764204f926a14d1482485fea69b9ad2074c438086fe5f","6d56bd32-f47a-4e54-a88e-b69d16283ea4","Dazzling Denial"
"BLB-common","a4618feed4be69f9f88075dd1e625c2594a0708cd5882051ff9c9e1a57754ec4","ecd9a0a4-1dfa-4d91-8339-062e2be4e5d9","Bakersbane Duo"
"BLB-common","a6b4df1f3ddfb3a6e2fd8eea5f0c573677ba6fbf451521ce42fcfecdeb4fce49","0cc89c15-5a48-4998-b6df-21791b6ed9a3","Roughshod Duo"
"BLB-common","a7dd4de0ad76ccb699311bb389ca4f75e82be52342670e6e8c99840bd1ff67e6","adc8976a-0871-4fd6-9c4c-822ba9549b4b","Longstalk Brawl"
"BLB-common","a86f4521eea25c78d94b2cc7960c9094c03327a07b3a53e5ee3291e8bbca1f30","381a3e8e-71dd-48e4-ab62-53478bde4a14","Agate-Blade Assassin"
"BLB-common","ac8107d950d1ef12ed4d35116fb34fd4b53fff41a514be185afbea068efef9af","cb1e1acc-3805-418b-bed1-65838ddb1d62","Whiskerquill Scribe"
"BLB-common","ae16172d79cc05c3f6f96d580c1b25310c6dddeb73daddc5f8cbdca7dd75e3e8","33c06c11-8d0a-45ce-adea-c9a7a8ac8779","Glidedive Duo"
"BLB-common","af5e6ae8eea5548b84e246b3d1b21e19a88e361461f95e8e1b4d2131a5ee3fee","06ccec61-27d2-4079-80b5-29ebd3a980ee","Cache Grab"
"BLB-common","b030ac281bca6a5f421f4148345c36850c67b662318d9382edbda94aa00b7567","0339bd11-ad71-4998-9b5d-a32790f0e5e3","Barkform Harvester"
"BLB-common","b061db4402e4b923802bd10634668a2dcd79eecc5b1157d98eca7974941755cf","0a2fbdd3-4940-4bbf-ae19-f6d00d7ff294","Junkblade Bruiser"
"BLB-common","b31705a31e601fab79b911a392a6bfede8e8eda0e8f0a0f3abf938dd4a080820","5bf5739a-6322-4e6e-b41e-e7bdbb11b1ce","Treetop Sentries"
"BLB-common","b463cfdfe784cec5285d109ecbcb84d5da9f281eda3e470d1e72133ebfa4db3c","f2f3be8a-5ea1-47c2-8104-747f4589f5e6","Bellowing Crier"
"BLB-common","b5e916ac0e4aaa907cdb17cfd08ceef66d165ec39ab494e0626542e746578142","60ac490c-b489-4ad2-bcc2-3babaabf8ccb","Tempest Angler"
"BLB-common","b711845f1a2b120715ecf9dfddbc6e6bf42221c020d77462ca1e7d3d3e787535","0c0940c6-8126-4d58-809e-871cf8588ef9","Starlit Soothsayer"
"BLB-common","bbdd5c5c280164c0c99337f5f5161299ed87bbfde7d04478b6426e1e91abb014","290faa28-450e-4797-9a8f-642d8af3f82a","Run Away Together"
"BLB-common","bd1f1bb8524cb2575e559c7ea6cd4a863a4893169c24749cb63332c7b47f2de4","7054c42b-48dd-4887-b878-69c005259d27","Thistledown Players"
"BLB-common","bf224ff5e32a7b530f594fafac6c18bc53f4681970c4b9160725e7a73fb54832","46e8bec0-1a09-4e6e-b78a-7ba161686ca9","Cindering Cutthroat"
"BLB-common","c1a6db799cf498275b9eefab86b7cb6ae05689354101bd425a6ed0b2880f2730","382d18a2-438e-4ae7-a83f-1658ef1f9b07","Hidden Grotto"
"BLB-common","c4640a386eb95909cac3a79ffcd1950c929626c343be31021edca5aac5796392","7ed4afc9-959a-4868-8f4a-2221bea1ba32","Intrepid Rabbit"
"BLB-common","c58b4ae825f98c2e31efa8054f74f9cbe0f4ee9af4ddc7704c3b1a269f94b0ca","2313a3f9-3eac-4684-a25e-6a6ae445a723","Veteran Guardmouse"
"BLB-common","cefce48411f5b9410510fb2374d28a28040b21f9e74dbb198410c389819eb63f","d8c582bc-47de-47ec-8bf9-b2c848e27ab8","Sonar Strike"
"BLB-common","d6e252bd0d48a2f6685248557b2b62502bf167f1d94bf34d1b4a7475127f773d","1f5b7f4c-a3d2-4472-80f5-8504562fc7fd","Brave-Kin Duo"
"BLB-common","d742b85ec41afe276361089cb8042eecb5e8e5c95187627eea22df0b8f6c21cb","6cb9d153-4eaa-4f32-8930-bd68cd99c128","Three Tree Mascot"
"BLB-common","d9f920d8ad5b5475dfb6a86b9156a617d4bbc493b508102fbb82ddc7e044db7b","fbf2653e-9cc4-442f-bc73-6e2ba6e067cb","Early Winter"
"BLB-common","dbdfc802ca60d0ebae8adc3b6da913ca171802712b836fe7d631bec75f997ea2","d7dfb4d5-8510-4904-abb7-834ec65d9bf3","Treeguard Duo"
"BLB-common","dccf90d6e780d73b17542b610447f4c70190d98fd0059b3ca83905d9c8202104","efd2a4ca-1bd0-4762-a997-f099326b1746","Polliwallop"
"BLB-common","e1fce2546c74c91f1adbfc155462f9d3b2ab8cdc42c4064ad7a83b59280912ae","e07700e7-218a-45a3-9ee4-de2cc25cdc02","Take Out the Trash"
"BLB-common","e5e46aa15fe7f81fe9574da1345a6742bb17de94a831d854335af48f658f9648","dfc1dc36-0cc2-47cc-b0dd-1cc7c31057aa","Savor"
"BLB-common","ee150d31e781a07dd9a2c7cfdf6a8cc406a29192d229630bc80773e36b3b10fe","9ac2dcb6-dacc-4fcb-b820-9fc6744ec503","Nettle Guard"
"BLB-common","f3e0ac01ff5df695a1680a6dfd694399aabf5e0f471bfe143693865b6d3877b9","69038520-7156-48d9-aae8-ba3cc76a5993","Frilled Sparkshooter"
"BLB-uncommon","013f65ed05f9c3f2ed8809a6e4d4030517afd4f22c583db705c0c7b27db5af17","2a74a055-ff7f-434b-8dfb-d9fb72579cee","Hazel's Nocturne"
"BLB-uncommon","06871b475a052b79c8d84605c2e7580148af3c50e473fa8f46068f33aaac4947","a12a66b5-ea4a-4a58-b0f0-13152598b7e6","Reptilian Recruiter"
"BLB-uncommon","08f5aa131781047ca7f878f8b98e2f58de4a65d5c87a0681b49118ea9fa401df","43037ef5-09e8-4881-beff-ed38cf7574c6","Heirloom Epic"
"BLB-uncommon","0b8d4d217bb233988b6edae93098180442d5aa175508526f04cc62ce3d439d94","cb2d222c-df42-41a7-a517-0a41e47a4280","Knightfisher"
"BLB-uncommon","0d87d2170af6b534f85a4470b3792deb860926d190f9c0873937f13aa28801a7","8cb36a67-9206-4665-a03f-64f52ba559c4","Into the Flood Maw"
"BLB-uncommon","0e8a5bdcb0ddf07fa47505beb524bfd2c02804a4dfaf6a12ddcec050683f64b0","29b537f5-4d9f-40ed-b38b-e8faa2b5af7d","Splash Portal"
"BLB-uncommon","13109455edd3e7cac2e3bb74ed2fe04ac0eb092c094307c39882bae5991b6993","312be209-dba5-4e6c-938e-1287642f67d4","Hivespine Wolverine"
"BLB-uncommon","1447a455b78bef68ee05fa345856dec7c379b10ae6632159ce3fa580529f4f5c","08e173e3-4c28-49d2-bb57-ccf533f20daf","Bark-Knuckle Boxer"
"BLB-uncommon","18a17bb9946021c90f242d46aa5ac8b021874f1a7a272ea1b671affeb0c6c121","5ba19dbe-9dbb-4cc9-81a3-18c26f27bd0f","Teapot Slinger"
"BLB-uncommon","18c69c9f08d21176a7bda9be004a04afe76d3822050c601d99f21bacb3b04d8f","367bb252-41e1-4f98-9d22-442dd332cccf","Parting Gust"
"BLB-uncommon","1afcacc90f5f4f4a6cf7ec4619b7e2008dd823752840b5be015a249d02d21cce","9d14c7bd-7802-401c-b02b-c7f3c51b007f","Wandertale Mentor"
"BLB-uncommon","1c7f91c18d741308b8f36654bd5c88043184b5ab87a4a611f3a7b90e830b20f3","104baa4e-a3f3-45dc-979d-4c58b659ba1a","Brambleguard Captain"
"BLB-uncommon","240306f521cf8866fe15ba8e34279184bb0276edabd6a51e5cc2cf8abb49d5ef","578ddb51-e128-43e5-a115-471f0cae1222","Star Charter"
"BLB-uncommon","259972f87519f2eb745f21f78c73e2df4cbd167f50f434e5d45436f6b83a014e","523d075d-b577-4f24-8c14-9a76761a2eaf","Flowerfoot Swordmaster"
"BLB-uncommon","2840dcfef897c0be4833d4e1f37efc65be3bbbdc2d3a565603ee2e859060b374","db649e15-24ca-4fd8-9f0b-f1df28c9c57d","Vinereap Mentor"
"BLB-uncommon","2d80209c5b7aeb205dd6824246456ae71d71fec0c0f01289ae9f52e50e187c4e","077ae62d-ed94-4365-a8b7-97fd99cff028","Rabid Gnaw"
"BLB-uncommon","3218556c54a1ede9f04fd2eff1538c4e1dac10df713bdd3bed1ed2d0929526cc","7d2a7741-1dff-4fac-92d8-abea24f23f97","Three Tree Scribe"
"BLB-uncommon","37abaf6972d8c7bc4b22857420d1fe90724e09bd3b3c3425901ed6ce6e9a5f44","5b919920-b1b6-499b-a7fe-c630778a7831","Valley Rally"
"BLB-uncommon","3a80eca3dbfd9a9ea88d424b2c3ec4acc178a63d98b726fad17e190ca80bf5d2","07634620-a83a-4ca0-8a60-2a21368a2661","Dewdrop Cure"
"BLB-uncommon","4555b3a9e24facf5df4617b72f083d04e95fcf9791263efc50fd2a76e978ff05","2cdc1d82-30dc-4f0a-af20-33dde90269b1","Starforged Sword"
"BLB-uncommon","47e43a21662a809af4164b42808964db373b44438b10de1e2c3f994f1754da33","8e22bf51-1b1b-459b-af78-91188b6e3f09","Jolly Gerbils"
"BLB-uncommon","497a0409aaaf9ae9d03818a3c845b981ff715583fa9245ce51e8175f817a61ab","0eb8983e-4e44-4bfe-81dd-ddb41007a166","Plumecreed Mentor"
"BLB-uncommon","4db5a63e7be56de4fdc1991e0c7065fb5141560a46d52811ec97a8f5b6869be9","25a63171-a1a0-4c61-ac61-49bb59fe83c1","Thought-Stalker Warlock"
"BLB-uncommon","4ea5562a735e72bf1978211edee1ceeeb9fdddd5f8769985fadb298d155f2584","fb8f7047-280b-464f-aca2-6add3e21df8f","Harnesser of Storms"
"BLB-uncommon","4ec640ab8b5ce03c351550290eacb84e90a3babc40c8b281303be51a2c8f4a69","faefb352-575c-49f7-9f7a-96f2279a077b","Huskburster Swarm"
"BLB-uncommon","4f1050822d7b4d2e05e5af3a146bdb8ec3fcd82d15bf34fabe8252b33342002e","2094fb68-3859-401f-97f2-c8bae64a4822","Playful Shove"
"BLB-uncommon","51573a6e57f9d78fc6576042bc42629da7344de68a8d5520badc49a9202b97fa","c15cad77-e70f-42cc-a9f5-50e1fd8c9c96","Shoreline Looter"
"BLB-uncommon","51df61bc423657fc1905249ec525862a80d42d8c6383ebca300697658356781e","f823b122-94ac-42ba-b511-9e54d64db112","Mindwhisker"
"BLB-uncommon","56d2a939f53f802677dda322260186d1d0074034716b255e844a2f5cc04afff7","d767463b-0fc9-43fc-a85f-e60f030f9b96","Flamecache Gecko"
"BLB-uncommon","5716b24ae593c729da247e34620ae7e9b4210b5bedf60d7c45e6779eb9c7b314","1e0a2709-2cd2-4954-81ca-60654ab03d7c","Downwind Ambusher"
"BLB-uncommon","5b681d2fb0ea4362d5fc8f297a18664663d0f5dcde96c9d31d36b457b86f9131","ba58f508-8036-496c-8a2f-c1e410165e93","Repel Calamity"
"BLB-uncommon","5c2fe7f052f7bce58a6a3ec3465bcd231e723d52def4705278132c6e3532acb9","43a6de3e-152e-4af1-acec-53405742425c","Otterball Antics"
"BLB-uncommon","5c50b65fcd12a0eea3ede98f624a9e5859eb9aa55568ee2ade3fce97f46d1f57","9fdad42a-9db5-4d91-9e80-9d5ce19038b8","Blacksmith's Talent"
"BLB-uncommon","5cfed43d2860c97518556b12b60558e1432dea96b553516a545274638038172b","f50bbe5e-a839-40e1-ba79-1e96f91bd218","Seedglaive Mentor"
"BLB-uncommon","6089db8f00fa25ee116674121c62566211e39f5ce023b83761a262dc92a8c8c3","c8c3a293-ae6d-4c52-be2d-2d4b6a8edb66","Overprotect"
"BLB-uncommon","62885213575d6ec36a04c013e7c6841ec506a512b10a92b954045662ad6a3378","0d81ea20-5e7d-4eea-b0ba-fe688f27df94","Tangle Tumbler"
"BLB-uncommon","62d7114be27bd0a9acf9326c143cb990f771098def6e639cbdc3d63d4f1ad40f","be3c7e4c-81fd-49e7-8fb5-5eb83994dafd","Bonecache Overseer"
"BLB-uncommon","6438f67d2693ec72ffd1145aa9a70b1b1aa566ff35b17f23e23afa84397c2407","5bb06e6f-e3af-4caa-b66d-77248ad46b61","Lilypad Village"
"BLB-uncommon","6879f3fb43b3f4734b728449b77c11e081c860d32cbecab7d5d9f1287373166f","ce5f5ff9-13f7-41eb-ada0-7f73de42acef","Short Bow"
"BLB-uncommon","6ade4af4c97147727cb75099ebaf933176dd695bce31a94921866ebb889f1742","8d72ddb3-ef6e-4847-b6d4-5d85b1dd5802","Starscape Cleric"
"BLB-uncommon","6dc9e34ceb2ba1f8c63bdd69803b7b44b20b20cd6d4918f2a1b5ac01ea75d2da","29423a9a-31a6-4605-8b49-a75895038a3a","Wick's Patrol"
"BLB-uncommon","6ece2127fc182b6bdbf4c5be900e2d7991e87e2d8a2cbb1e78cef012e0dc4b5d","30af656a-99ab-4e0a-81fe-3cdb0ea6a0cc","Curious Forager"
"BLB-uncommon","705d019a6b2ccde89c035e6aba11a5cf73658b2df8ef315eacef7929e3e6fe52","bc9c7e1a-5155-431a-be21-fcbd18718980","Brambleguard Veteran"
"BLB-uncommon","73870f0985208efa635b3f82d0927f465b0bccfdd52788367522d2f9f4d9743f","b548578c-4910-402c-8e78-498924e0a9be","Consumed by Greed"
"BLB-uncommon","75f24b34eee604773f56c724802676d38da19f52e826ce56cf9a3e52acc4a425","4fb00dbe-1f82-4ba6-b18c-97e816d10d3a","Patchwork Banner"
"BLB-uncommon","7abf71330d36ab5ee6c998c65fcd8044cfba08f25823aef686cb7ee3b0b6e342","ae8003eb-9f19-4f23-be3b-0ac3ddc03a72","Sinister Monolith"
"BLB-uncommon","7eb6076deffe211a6e5fa3da9906312bfd2ac9d7672f4b2349050e6101e49ebd","7db31623-5dea-4165-8593-fbac568bf5b4","Spellgyre"
"BLB-uncommon","8b95203f66810167747818b189baf75c7e912b480a329d874b2abcb987f1a9b1","938c03fc-8adf-4c7a-8ae1-eca8401f7a83","Peerless Recycling"
"BLB-uncommon","8ecf93d1383b6db784c1753cab162f2d11fc126f2012d7ecbad143a63007c7e1","e75e40a5-a9ae-4789-96c1-0e19d1ce59c5","Tidecaller Mentor"
"BLB-uncommon","8f47b84ecb66f804487ff2b8daab51984fa365ef8ad8e47d60ac90cf66118967","f40cb1af-3db6-4e90-830f-86ff4b60e239","Hazardroot Herbalist"
"BLB-uncommon","903a63e4b4144b05a9bf9bd4c29bd428513dc828042a0b922d40080c5c687210","2e5b8973-4f6e-4abe-bbbe-81fdca784997","Blooming Blast"
"BLB-uncommon","924a2751299905ef3bbcff06d7053bde3ccfcac6dc38912038fb34ec5b872f22","0b19082c-8f80-448b-9e1b-0f324a159409","Builder's Talent"
"BLB-uncommon","92644e9c89f52a96d6a547186f2119afa820c6d0c664cfa7e07ca23953d21649","5bf1dbb6-ed65-4968-8edd-b98e9bd19d4d","Seasoned Warrenguard"
"BLB-uncommon","9289df055fc98d12d77607576986999a0faaa1385f0f4afd642ae7ed9a260e89","e4d52559-7624-48b2-96ba-e52ada6c507a","Daring Waverider"
"BLB-uncommon","94a166b8ba0cd3e2014635bac1bdf3fb5ec376e1f705ec142091f41b6479a5ab","a82ea8f2-e576-46cd-aa08-9c98d6029db4","Ruthless Negotiation"
"BLB-uncommon","96913b13b3f2c6b081c12416718619fe2400a3ecec1041785682bff459d84619","27905301-333e-4cdd-90cf-188159fcf8e9","Wear Down"
"BLB-uncommon","96c4f7d717a53390bb8e6c484eb7b16956fa889c45b309b1a020b96f544dd448","aeeab1df-0b8b-4bc4-a5f9-aac413449bec","Mudflat Village"
"BLB-uncommon","99e96d8f041dd896484c92a4e98361c288a2aefe36abc04a5d9737c2c85a6695","1caa8c8a-ff45-4eee-a834-6e5e1fb54721","Sugar Coat"
"BLB-uncommon","9aea3a735a0b71648424f9cc389ad088fb75a2be182dea4b669eca0265dedbb6","75f7d9c7-5d52-4bfe-a730-62fef187b8b8","Hoarder's Overflow"
"BLB-uncommon","9b575c6ac6a414057ca367ac2a6e874b446b19599de9069c9966d667cc675101","c61b05b8-00f1-4371-9856-c65852b4ca02","Feather of Flight"
"BLB-uncommon","9c17ac9c4771eb95b490d2ab068622aaef442977863e4ade90f835539aa5cff9","a8a9b103-0cb8-4810-a2d7-42f6a10f80bd","Hunter's Talent"
"BLB-uncommon","9ce809a451da020718fc6abda645627346e00bee8b5e0b918d5d1afcd7c4901a","12a165c4-229b-458b-8fc7-c1b7cba35a8e","Starseer Mentor"
"BLB-uncommon","a0d1fb3ab6776044bfb5c05026b84514d95ec3ee7cc937663c8e5df8f7cf3664","068b370f-a358-4244-8050-6c81680c55c7","Stocking the Pantry"
"BLB-uncommon","a762df6cd0743346d3bdac44ee95393257c8c45fbf2fc7b784b8c5f63a04d34a","e8a9350a-07c1-47ed-8c4f-88e4b3b17545","Hop to It"
"BLB-uncommon","aa336cfe8a0e999b2dd561c55b7cbf895c27eedb87aa750a43f8b7ec13dfe83e","5b0a4530-6e19-41a2-9ea6-e4c8cf85b6c4","Mouse Trapper"
"BLB-uncommon","aa374c7d672113ef3afb6125582e56197381ecd25011f11830b41ca1272fc62e","b6c7c708-5212-4100-b954-b77855b27915","Lupinflower Village"
"BLB-uncommon","adcdb2a0b7c4feb121e475ce9b3e0598ce57578bd763271c4bc99f641a28097a","96e6d220-87db-4dab-abaa-e80c9577d89a","Gossip's Talent"
"BLB-uncommon","b878093addfbe5501061fdbe2ffeee475ec11bd671e17bc82dc1e0ffa376849a","177b7fe4-8565-4631-b4d9-8b2b4282f3ac","Oakhollow Village"
"BLB-uncommon","b9fe1fe05ad49b5d6ce432394ce6bfdc78a8f86c4eb355c8c1e8ae85f32cf335","c338eedb-9b70-4b77-b5d6-8ea74b7bea3e","Feed the Cycle"
"BLB-uncommon","bcdaed3dca791cc96100ed2c96301e4629cd4b4b214fe073a21a137d052015f9","77eb76cf-a361-44e0-aeee-e8ef4b695799","Persistent Marshstalker"
"BLB-uncommon","bea3fc5612001d5c385d368d05b2eb77fc19426a1aaf4287c069dac4ba689824","c65c4d01-29da-47e6-993c-a265cf1f198c","Long River Lurker"
"BLB-uncommon","c09b0f9e8effb01b2607dcb1add8cb17a304ee8f28298938d1023dde89d23ea4","bcbe879a-4609-4493-bd7d-47c26d27e83c","Bandit's Talent"
"BLB-uncommon","c382cbb83a5e6ad897b7cecdb408a7ed63e2eee4bcc65db4bd4a37389c15d0a2","f293da27-e42d-4e87-8b61-d3c27e4c6d71","Burrowguard Mentor"
"BLB-uncommon","ca316276109048f57ad24ace3c77a295b0c1cc4af6b70ace49504edf91ab96dd","c657626f-7444-4c26-842c-dda9b9656fa3","Mabel's Mettle"
"BLB-uncommon","cdbf0aa8c19919539d0c2a837b158d824835752f2204b0e4f7743363f96d2b6e","fcae4f9d-8f81-42f9-93a3-82a482851bdd","Moonstone Harbinger"
"BLB-uncommon","ceda6f15f5fc4133913339385bbf4236c66bd401a4219efb4e1edb311e93c3b5","5436bb0d-b5c7-43a9-8b3f-67cdc0dd0381","Bushy Bodyguard"
"BLB-uncommon","d2817040bd3de73136a72c0172b98eab455f0ecaee2b30dba08d00cbd3bf818e","49e1e202-37bf-46ed-93d1-1adb13726039","Heartfire Hero"
"BLB-uncommon","d35e19d5b4081fbb591d8ff3fd47bc9ca25b491e067011b841e5b68bb52721da","fa99cf82-ebf1-4526-ab9c-b24eb2970f2a","Pawpatch Formation"
"BLB-uncommon","d512d73c3db50ef004dd1ccd9fd445734398bd332930e42b78bcf62ebae4cf53","f93dc9cc-3dd2-4e2b-b972-217ab9d89dfe","Brazen Collector"
"BLB-uncommon","d5b690a22e1ae7d7a7d32be8b13bf56e2c43d66028f4d077eeef3b73715faa8b","04fd8c1f-80e5-4b3d-b63e-7af6ccafbbaa","Wildfire Howl"
"BLB-uncommon","d81a427a24cd7363f0246e3fd87def88604032d3d8c96460724e3b585b35d1e6","b2252471-01ca-4d58-aa99-4ab0aa5eae12","Stormcatch Mentor"
"BLB-uncommon","d8d04962b11472cce2e69ed6b57cd7af1226da05628eb8943d675e98b8426d58","b173245e-2009-48ff-ac42-5f28d12aec79","Fireglass Mentor"
"BLB-uncommon","d8f7a650b84dba79513f0183edb6d8138f13ffd032c384cfd6c80f8766e4c14d","20194297-f2a4-4473-95bc-7c6835e5b6b3","Lilysplash Mentor"
"BLB-uncommon","dc54668a65f834916cb4078ca4d54591ed7bf67bfcfbfeca19d10e06aa8ece01","db8b4869-f898-40ad-bbad-62390a02d1b1","Stargaze"
"BLB-uncommon","de14b48e2da387ba01af6f54b34b04fddd8b15a1104ff0471cc7513061dfcac3","44bffa3e-4d31-4f9b-829c-e2066ab2f641","Honored Dreyleader"
"BLB-uncommon","dfeb09ece5d8a313a1aae4dd25fd4a0b6095cb7e1a6a28626560d2a2600af8a1","f1993767-1d07-49c8-b8dc-04ec9840a999","Long River's Pull"
"BLB-uncommon","e06fccad0c1f6808b171194660c3af7dd06950f89973319b8dc8733919aa7f70","7e103748-3f76-42ce-a063-d0256b2dce2b","Rockface Village"
"BLB-uncommon","e56b8c7f68f7e037287db0b43ce1c8384f762840b058dcef385fb95d8499bc57","0d0c4c91-683a-4563-a0b0-39f3c04f6307","Splash Lasher"
"BLB-uncommon","e771072711a828c302049ba789f4feb210f73fddf3d6c1da38c6c85cd4aa0d64","f76a86f3-568a-40b3-8e2c-f84db4141293","Driftgloom Coyote"
"BLB-uncommon","ef53efb7be483bb316b61dfec9bf37578830c1d4e4e8c1647cb76e77888501e5","56208bdc-2eed-4ccc-8c34-c0eba9db0aa9","Harvestrite Host"
"BLB-uncommon","f0c1d6b98a59b055bbc8866b406c941bc6ce4a3f95c6425d671876759e1bb970","88bb91b5-2ccd-4ce9-8cd4-e54d63c12abf","Coruscation Mage"
"BLB-uncommon","f7207c4d9fef357a98786d329fdbf9fb6761ee83343f71aa860ffae7fa15b965","3c345e24-1726-45ac-91ca-e348d1e7acfe","Eddymurk Crab"
"BLB-uncommon","f918e4640f9f000608c157227e0c13a6d16531ceed359978ad76762325ab3d66","04669a6f-6299-465b-a26e-6cae37cdc081","Plumecreed Escort"
"BLB-uncommon","fca4302ea9d20569c8cda39e040c02fd09db48dee224ef0a82f37e3c5b6a95bd","446db5a4-21b0-44c1-b12b-d365313dd67a","Clifftop Lookout"
"BLB-uncommon","fe31fde0d64885f03bf13cf5edc46af95802435be5eee4991428f96f47dcb8ce","d605d9d1-c01a-4ef6-89f9-06fae8cd57e6","Calamitous Tide"
