"stratum","set","set_name","rarity","selection_hash","printing_id","collector_number","name","mana_cost","type_line","oracle_text","layout","power","toughness","colors","standard_legality","stratum_rank"
"TMT-common","TMT","Teenage Mutant Ninja Turtles","common","004ad277c403291a58f059253e628b32beb775e92717f56373f1aedec0a7edc3","a83a70ba-448e-45f3-b23b-6f38af54811f","111","Zog, Triceraton Castaway","4R","Legendary Creature — Dinosaur Soldier","Reach, trample
When Zog enters, target creature can't block this turn.
Mountaincycling {2} ({2}, Discard this card: Search your library for a Mountain card, reveal it, put it into your hand, then shuffle.)","normal","5","4","R","legal","1"
"TMT-common","TMT","Teenage Mutant Ninja Turtles","common","031700f1fc0fc8a6457c1134d67615b3d22dee943f765e01ffccaa7eca9e9c43","683cfef0-f164-4db8-b83f-79eb804e50ae","37","Donatello, Turtle Techie","3U","Legendary Creature — Mutant Ninja Turtle","When Donatello enters, if you control an artifact, draw a card.","normal","3","4","U","legal","2"
"TMT-common","TMT","Teenage Mutant Ninja Turtles","common","03beeeeae70459d9f847a669e3e01c182ebc4165c1a7fae3aa1be68cac8cf216","2dbe9207-06e8-4837-8227-0f960490771b","97","Mutant Town Musicians","2R","Creature — Mutant Bard Performer","Trample
Alliance — Whenever another creature you control enters, this creature gets +1/+0 until end of turn.","normal","2","4","R","legal","3"
"TMT-common","TMT","Teenage Mutant Ninja Turtles","common","03cf881c567993ed64cdf1988766fec7ded5fb4952d4f19de54761b56bb2fe29","3fdec16f-77f5-4792-9698-b9099a204028","82","Stomped by the Foot","1B","Instant","Kicker—Sacrifice an artifact or creature. (You may sacrifice an artifact or creature in addition to any other costs as you cast this spell.)
Target creature gets -2/-2 until end of turn. If this spell was kicked, that creature gets -5/-5 until end of turn instead.","normal","","","B","legal","4"
"TMT-common","TMT","Teenage Mutant Ninja Turtles","common","07db5c02515509a5470c43e1d6067bf497efbfa6c557ef073758ce0d12f9ece2","375c91a3-53c4-4f2d-bf7b-2c79a219d3ae","164","Punk Frogs","3{G/U}{G/U}","Creature — Frog Mutant Rebel","Ward {3} (Whenever this creature becomes the target of a spell or ability an opponent controls, counter it unless that player pays {3}.)","normal","4","5","UG","legal","5"
"TMT-common","TMT","Teenage Mutant Ninja Turtles","common","13102a8e0f79c2aa78847ffa9c11b69d9768722ddf719a50c357becf7a820923","1c244fc2-70f0-4149-b0d2-d49fc6bac2b0","183","Dimension X","","Land","This land enters tapped.
When this land enters, you gain 1 life.
{T}: Add {R} or {W}.","normal","","","","legal","6"
"TMT-common","TMT","Teenage Mutant Ninja Turtles","common","14ed8ad6c4b24ec38c395e727bfbb6d0c1e5373481ac42da2b6f8f722785cbdd","52e99505-17dc-4051-99f6-e23559fc6c95","52","Return to the Sewers","3U","Instant","Target creature's owner puts it on their choice of the top or bottom of their library. You create a Mutagen token. (It's an artifact with ""{1}, {T}, Sacrifice this token: Put a +1/+1 counter on target creature. Activate only as a sorcery."")","normal","","","U","legal","7"
"TMT-common","TMT","Teenage Mutant Ninja Turtles","common","17e5b74deff7c4c6b22f0bf4cc391ba9a27a9bfabc1a88b30921a57096376e8d","8b1982ea-686b-4acd-b677-47571430efb0","3","April O'Neil, Kunoichi Trainee","1W","Legendary Creature — Human Ninja","When April O'Neil enters, scry 2. (Look at the top two cards of your library, then put any number of them on the bottom and the rest on top in any order.)
April O'Neil can't be blocked by creatures with power 3 or greater.","normal","2","2","W","legal","8"
"TMT-common","TMT","Teenage Mutant Ninja Turtles","common","1e1b823bf9786b0ce68981e098472346d5b4cae3b5186a08e28b4768fb99fb46","735b540b-b472-46fa-a232-d444cabf6c4c","8","Hamato Guardian Stance","W","Instant","Target creature gets +1/+3 and gains flying until end of turn. Scry 1. (Look at the top card of your library. You may put that card on the bottom.)","normal","","","W","legal","9"
"TMT-common","TMT","Teenage Mutant Ninja Turtles","common","2b7a8311d30810ba000d714a592442f155b636b99eaf9e15d2c4e3425d108bbe","ff26f7ff-7f70-4204-9b48-de9e21dc89ec","64","Insectoid Exterminator","2B","Creature — Insect Mutant","Flying
Disappear — At the beginning of your end step, if a permanent left the battlefield under your control this turn, scry 1. (Look at the top card of your library. You may put that card on the bottom.)","normal","2","2","B","legal","10"
"TMT-common","TMT","Teenage Mutant Ninja Turtles","common","2eef7efc772d75fa36ff9951bd93a7dbac2334e244e17bb0f412b67924a6ce24","faab52c0-ce79-40af-a156-b193a62d439e","145","EPF Point Squad","1{R/W}{R/W}","Creature — Human Soldier","Alliance — Whenever another creature you control enters, put a +1/+1 counter on this creature.","normal","2","1","WR","legal","11"
"TMT-common","TMT","Teenage Mutant Ninja Turtles","common","36a86d7ecc22383d9e5151f38aca75dff8b8c67b0b5a6aea7c8926ea8c3fb5d9","bbe1d7e5-68e2-4458-aa3f-5e97fa8e7cae","100","Purple Dragon Punks","1R","Creature — Human Rogue","{T}: Add {R}. Spend this mana only to cast an artifact spell or to activate an ability.","normal","2","2","R","legal","12"
"TMT-common","TMT","Teenage Mutant Ninja Turtles","common","394f23da454c4662f5905b8bea11e5fd9b023f431242a03d3d836dedce00ba02","bc19807b-09e8-4923-abc3-d4bbe8cde5fc","133","Tenderize","1G","Instant","Target creature you control deals damage equal to its power to target creature an opponent controls.","normal","","","G","legal","13"
"TMT-common","TMT","Teenage Mutant Ninja Turtles","common","3a6ebc4e4ab0470301a74359e9749d93f16d7236d6d2716a54a690f6c354a6a5","243e392b-48b0-4e90-ae22-9a696f45e878","94","Manhole Missile","1R","Instant","Manhole Missile deals 3 damage to target creature. You may put a card from your hand on the bottom of your library. If you do, draw a card.","normal","","","R","legal","14"
"TMT-common","TMT","Teenage Mutant Ninja Turtles","common","46ccceba77cd30e80f22567c3572bffdea788206218718f2a0db3d68bdc339ef","a5b83101-e3ef-4ffe-a886-4fc2b57a0947","10","Jennika, Bad Apple Big Sister","4W","Legendary Creature — Mutant Ninja Turtle","When Jennika enters, create a 2/2 red Mutant creature token.
Plainscycling {2} ({2}, Discard this card: Search your library for a Plains card, reveal it, put it into your hand, then shuffle.)","normal","3","3","W","legal","15"
"TMT-common","TMT","Teenage Mutant Ninja Turtles","common","4b009c2802777f94212e022588b6a4e5720b2829ddfb01f42e9c96bc72cbd640","abb1ab9c-b067-4b75-8e5b-a893b7948df1","147","Foot Ninjas","4{W/B}{W/B}","Creature — Human Ninja","Sneak {3}{W/B} (You may cast this spell for {3}{W/B} if you also return an unblocked attacker you control to hand during the declare blockers step. It enters tapped and attacking.)
When this creature enters, you gain 3 life.","normal","5","5","WB","legal","16"
"TMT-common","TMT","Teenage Mutant Ninja Turtles","common","54a155a5ca838ac1836410f78d7f86e74b8eadcc59a3fd985af3f53edc008df4","42cdb88d-675a-43bb-b85c-51c4cc526315","165","Putrid Pals","2{B/G}{B/G}","Creature — Human Ooze Mutant","Deathtouch
Disappear — This creature enters with two +1/+1 counters on it if a permanent left the battlefield under your control this turn.","normal","3","3","BG","legal","17"
"TMT-common","TMT","Teenage Mutant Ninja Turtles","common","5cf6f0832330e730ecd4b2a67811fe2843941ad8bad703d2af6582f858710899","08b3af61-d516-45ca-aede-2f50ba23cb07","85","Bot Bashing Time","3R","Sorcery","Bot Bashing Time deals 6 damage to target creature. If that creature would die this turn, exile it instead.","normal","","","R","legal","18"
"TMT-common","TMT","Teenage Mutant Ninja Turtles","common","6065b2aeafbc0ca4ca3f0d043029b299bd720efe3fdf113263d72fc7b0885087","2ddfcc4d-dd5f-42f1-8f33-a8e8b5354534","45","Mind Transfer Protocol","2U","Instant","Until end of turn, target artifact or creature becomes an artifact creature with base power and toughness 4/5.
Draw a card.","normal","","","U","legal","19"
"TMT-common","TMT","Teenage Mutant Ninja Turtles","common","623aaa3ef782f743d6fbb5f4a28b8786a3dd22b88666d81c7a3aad5538d748b1","eb44c134-fcd8-4ad8-841c-f1723ba93216","98","Null Group Biological Assets","2R","Creature — Mutant Mercenary","During your turn, this creature has first strike.
Whenever this creature attacks, you may discard a card. If you do, draw a card.","normal","3","1","R","legal","20"
"TMT-common","TMT","Teenage Mutant Ninja Turtles","common","64405a2358612b56d001c30de13a9f69a1af7b11978a13e291d90b8554545d76","61e40a18-6cc8-436d-826b-1cf8cd037df3","63","Foot Mystic","3B","Creature — Human Ninja Warlock","Lifelink
Disappear — When this creature enters, if a permanent left the battlefield under your control this turn, create a 1/1 black Ninja creature token.","normal","2","4","B","legal","21"
"TMT-common","TMT","Teenage Mutant Ninja Turtles","common","657df01d17fe57080d6f797dcf367c4f863af4f693f9e661600b85000462a187","0fada65d-fd8d-4be9-b2bb-ea5cac78fdd7","107","Rock Soldiers","3R","Artifact Creature — Elemental Soldier","When this creature enters, destroy up to one target noncreature artifact.","normal","4","3","R","legal","22"
"TMT-common","TMT","Teenage Mutant Ninja Turtles","common","6a9eeb5bde6b44e0a018a9192389882c4da298ed531f2e0a5f06286b9cf6c9ec","d1a72d09-9cfc-463a-a9ec-3359003d54da","114","Frog Butler","1G","Creature — Frog Spirit","Deathtouch
{T}: Add one mana of any color.
{2}: This creature gains reach until end of turn.","normal","1","1","G","legal","23"
"TMT-common","TMT","Teenage Mutant Ninja Turtles","common","6b9f98c09cde991b22aef400b9bb131c6225578a13a4de1b844f5f4880f67d68","71597acf-1ce6-46a8-b6c0-88755c8a377c","186","Illegitimate Business","","Land","This land enters tapped.
When this land enters, you gain 1 life.
{T}: Add {B} or {G}.","normal","","","","legal","24"
"TMT-common","TMT","Teenage Mutant Ninja Turtles","common","6c8a26316890d82805ccc30ad0e559cf61a6f30bea110291a665e7bc17864030","bc0f5ca8-47bd-4451-8fd1-a312ff7d31ec","1","Action News Crew","1W","Creature — Human Citizen","Vigilance
Channel — {6}, Discard this card: Put a +1/+1 counter on each creature you control. Draw a card.","normal","2","2","W","legal","25"
"TMT-common","TMT","Teenage Mutant Ninja Turtles","common","6e0ead7f9be41bb52d8448186daa9728be7d192c0652ebcf487c60f5e036e43d","e802838f-cc8c-4313-8c3b-32a6a7248e64","14","Leonardo, Big Brother","2W","Legendary Creature — Mutant Ninja Turtle","Sneak {W} (You may cast this spell for {W} if you also return an unblocked attacker you control to hand during the declare blockers step. He enters tapped and attacking.)
Leonardo gets +1/+0 for each other creature you control.","normal","1","3","W","legal","26"
"TMT-common","TMT","Teenage Mutant Ninja Turtles","common","6eee368a763beb6b3d47190f19b8cd42c55c90cf8a56a499bb6656c883add351","5df90940-15ea-418c-8547-6c75d69ec6d3","184","Escape Tunnel","","Land","{T}, Sacrifice this land: Search your library for a basic land card, put it onto the battlefield tapped, then shuffle.
{T}, Sacrifice this land: Target creature with power 2 or less can't be blocked this turn.","normal","","","","legal","27"
"TMT-common","TMT","Teenage Mutant Ninja Turtles","common","6f664e652c9b1cca8db25439824a00c316d14f1242e7d62bfc86715783e44010","7c375190-f81b-4ab1-a1b6-fe432796821f","32","Buzz Bots","1U","Artifact Creature — Robot Insect","Flying, vigilance
When this creature dies, draw a card.","normal","1","1","U","legal","28"
"TMT-common","TMT","Teenage Mutant Ninja Turtles","common","70a95c912e00983c0a4b8ad7cd24037e7d5a4b31ac0208b0091c993a3bb51b1b","0ffce972-bed9-445a-a9a0-4816f156d88d","113","Cowabunga!","G","Sorcery","Look at the top four cards of your library. You may reveal a Mutant, Ninja, Turtle, or land card from among them and put it into your hand. Put the rest on the bottom of your library in a random order.","normal","","","G","legal","29"
"TMT-common","TMT","Teenage Mutant Ninja Turtles","common","7a5d2935228f7774e4113428907b57b179f8dc241c8ce60227f6395e6d63d82c","058490f4-0ada-45e6-b4f0-e433537f52d6","95","Mouser Attack!","1R","Instant","Choose one —
• Create a 1/1 colorless Robot artifact creature token.
• Target creature gets +3/+0 and gains first strike until end of turn.","normal","","","R","legal","30"
"TMT-common","TMT","Teenage Mutant Ninja Turtles","common","7d19e8a5766d9e2da830f074c9503d03646cefa04c24be8eb516331288c276a2","6da89625-5278-49d4-813b-a1a631f114f5","56","Utrom Scientists","2U","Artifact Creature — Utrom Robot Scientist","When this creature enters, tap up to one target creature and put a stun counter on it. (If a permanent with a stun counter would become untapped, remove one from it instead.)","normal","2","2","U","legal","31"
"TMT-common","TMT","Teenage Mutant Ninja Turtles","common","878409994c11f9d7133f7a95153524b2d25397679b1c737c0333a68a0d56b5fa","8aae3bd6-a935-44a5-aa4d-a525b00cbf50","96","Mouser Foundry","1R","Artifact","When this artifact enters or leaves the battlefield, create a 1/1 colorless Robot artifact creature token.
{4}{R}, Sacrifice this artifact: It deals 3 damage to target creature.","normal","","","R","legal","32"
"TMT-common","TMT","Teenage Mutant Ninja Turtles","common","8b45695a3ac81c6242f78aab9147ea945a011903653972c98b1273ed1e50688c","70faf7d8-008a-454a-a21b-702aa661b8f9","84","Tunnel Rats","1B","Creature — Rat","{4}{B}: Return this card from your graveyard to the battlefield tapped.","normal","2","2","B","legal","33"
"TMT-common","TMT","Teenage Mutant Ninja Turtles","common","8e97c116177784d3c05377fde51b5701d49afaaa3b2e8bca62ce55899def3586","24bd571e-652a-4e7c-afc6-a45f0ccf62f6","146","Foot Elite","2{W/B}","Creature — Human Ninja","Whenever this creature attacks, another target creature you control gets +1/+0 and gains indestructible until end of turn. (Damage and effects that say ""destroy"" don't destroy it.)","normal","2","4","WB","legal","34"
"TMT-common","TMT","Teenage Mutant Ninja Turtles","common","8f1c45db252666e6153273e5814f6e64d320bcddf4d6f02ab5ba230f1f237682","2cb65388-dc6c-4e2a-93ac-49ea484849e9","156","Mechanized Ninja Cavalry","1{R/W}","Artifact Creature — Robot Ninja","When this creature enters, create a 1/1 colorless Robot artifact creature token.","normal","1","1","WR","legal","35"
"TMT-common","TMT","Teenage Mutant Ninja Turtles","common","8fa0b7f14d02406e85de500ed875c81b67023fec7f03bcb08aef1d0141a48c32","5d9a4f9a-1e3a-4de8-a7c0-7158c6703b4e","28","Uneasy Alliance","1W","Enchantment — Aura","Enchant creature
Enchanted creature can't attack or block.
{5}, Sacrifice this Aura: Exile enchanted creature. You create a 1/1 black Ninja creature token. Activate only as a sorcery.","normal","","","W","legal","36"
"TMT-common","TMT","Teenage Mutant Ninja Turtles","common","909f818361c011344768e83cb0822611b7dda46ef0cfe5c6461776252b3e49dc","2e914c3d-2eed-48bf-af9a-a8998fd5111d","118","Michelangelo, Game Master","2G","Legendary Creature — Mutant Ninja Turtle","Disappear — At the beginning of your end step, if a permanent left the battlefield under your control this turn, put a +1/+1 counter on Michelangelo.","normal","3","3","G","legal","37"
"TMT-common","TMT","Teenage Mutant Ninja Turtles","common","91a62c42c909cae774d652fe6814b3f9c93e3fdb245490916bb31bc77b64b6b5","f57ba8ff-2f8c-4ca1-9b13-42a7cc213e99","138","Zoo Escapees","1G","Creature — Boar Rhino","When this creature leaves the battlefield, create a Mutagen token. (It's an artifact with ""{1}, {T}, Sacrifice this token: Put a +1/+1 counter on target creature. Activate only as a sorcery."")","normal","2","2","G","legal","38"
"TMT-common","TMT","Teenage Mutant Ninja Turtles","common","96d93325d06fe91e7ccae9b4504932631320c755c5ebed2228960f945a8c26cb","a5405de0-16c9-4e5a-8ceb-00508e212f12","116","Guac & Marshmallow Pizza","G","Artifact — Food","Flash
When this artifact enters, target creature gets +2/+2 until end of turn. Untap it.
{2}, {T}, Sacrifice this artifact: You gain 3 life.","normal","","","G","legal","39"
"TMT-common","TMT","Teenage Mutant Ninja Turtles","common","9735fceb1895eb9be65a690866d92576a284faa576bc6c5e525b50d3e5410461","a1c70bf2-b2bd-4585-ba50-304f4dad8e62","69","Pain 101","1B","Instant","Until end of turn, target creature gains deathtouch and ""When this creature dies, return it to the battlefield tapped under its owner's control.""","normal","","","B","legal","40"
"TMT-common","TMT","Teenage Mutant Ninja Turtles","common","9781aac0167355118db9a60ac78b1089360cede1f1f261886fc9f16b575cb129","c9d5b56c-ad2a-4958-8783-4eceb8733610","5","East Wind Avatar","3W","Creature — Bird Spirit Avatar","Flying, vigilance
Alliance — Whenever another creature you control enters, this creature gets +1/+0 until end of turn.","normal","2","4","W","legal","41"
"TMT-common","TMT","Teenage Mutant Ninja Turtles","common","97efc38732e747c432b2fb4581dda50579639982c8230729a3851ce5bdc468f3","45e68113-3f05-4547-947d-4cb9ebfa73c7","185","Foot Headquarters","","Land","This land enters tapped.
When this land enters, you gain 1 life.
{T}: Add {W} or {B}.","normal","","","","legal","42"
"TMT-common","TMT","Teenage Mutant Ninja Turtles","common","9e431aaa5425443bbe72d9659fd5daeb951baf8c6c566fb2603177e87610aef5","ebbb5756-80fa-406f-8daa-be1f5a6c3c80","131","Rocksteady, Crash Courser","4GG","Legendary Creature — Rhino Mutant","Rocksteady can't be blocked by more than one creature.
Boars you control can't be blocked by more than one creature.
Forestcycling {2} ({2}, Discard this card: Search your library for a Forest card, reveal it, put it into your hand, then shuffle.)","normal","7","7","G","legal","43"
"TMT-common","TMT","Teenage Mutant Ninja Turtles","common","a5e0652912f4d07e2c1981ae9861b7a8c4abe93a6549f3d22e567be13ff2d3c6","e65ff1f4-a061-4c31-a78e-92af6e7bc56f","68","Oroku Saki, Shredder Rising","2B","Legendary Creature — Human Ninja","Sneak {1}{B} (You may cast this spell for {1}{B} if you also return an unblocked attacker you control to hand during the declare blockers step. He enters tapped and attacking.)
Whenever Oroku Saki deals combat damage to a player, you draw a card and lose 1 life.","normal","3","1","B","legal","44"
"TMT-common","TMT","Teenage Mutant Ninja Turtles","common","abaef431a07496b8435d8b2b500d0078e54624c37bbf441c11cc103db27c8fd9","ab47a37b-b66d-4f70-9bf0-4d5ed6b518f3","53","Sewer-veillance Cam","U","Artifact","Flash
When this artifact enters or leaves the battlefield, you may tap or untap target creature.
{3}{U}, Sacrifice this artifact: Draw two cards.","normal","","","U","legal","45"
"TMT-common","TMT","Teenage Mutant Ninja Turtles","common","b1a67ebef79df30994cf38be5c6abd31ba58ea51291762e5c0fe6119b4552342","6d35cb39-8832-4cf1-be73-8de49fbea529","168","Slithering Cryptid","2{G/U}","Creature — Fish Mutant","When this creature enters, create a Mutagen token. (It's an artifact with ""{1}, {T}, Sacrifice this token: Put a +1/+1 counter on target creature. Activate only as a sorcery."")","normal","2","3","UG","legal","46"
"TMT-common","TMT","Teenage Mutant Ninja Turtles","common","b1cc08666a9a970cf43b4d05053fc92d787f60e5339ec7358c9e8fd589e0a1ad","66081fd3-2457-4602-96c4-3075ddfec1c2","150","Ice Cream Kitty","1{B/G}","Artifact Creature — Food Cat Mutant","{2}, Sacrifice another creature or token: Draw a card. Activate only as a sorcery.
{2}, {T}, Sacrifice this creature: You gain 3 life.","normal","1","3","BG","legal","47"
"TMT-common","TMT","Teenage Mutant Ninja Turtles","common","b41fc13ccf21d2bb54fed93d682a136593112cd793e569fb9843a08d01b6d7bb","44443ad2-ef8c-4106-ba1b-ee3fb6fd8b17","57","Anchovy & Banana Pizza","2BB","Artifact — Food","When this artifact enters, destroy target creature.
{2}, {T}, Sacrifice this artifact: You gain 3 life.","normal","","","B","legal","48"
"TMT-common","TMT","Teenage Mutant Ninja Turtles","common","b585aa959962e1535975b2787f5e37d98e6ab60f645c2a22e927154dcaf8b6bd","72388199-85fa-4eba-9a9c-c2904e6da9ed","7","Grounded for Life","4W","Instant","This spell costs {3} less to cast if it targets a tapped creature.
Destroy target creature.","normal","","","W","legal","49"
"TMT-common","TMT","Teenage Mutant Ninja Turtles","common","b63d642cf0cf2ef947da463b5e73b05481d091bd71a6dc86a12fd659c0ac4bf0","f24c90c8-ed04-4b4e-8b19-c7d07a90c6b8","104","Raphael, Tough Turtle","1R","Legendary Creature — Mutant Ninja Turtle","Alliance — Whenever another creature you control enters, Raphael deals 1 damage to target opponent.","normal","1","3","R","legal","50"
"TMT-common","TMT","Teenage Mutant Ninja Turtles","common","bae5ed9210a57970536c128d384f1d0aefd82347a9c98bb04348ccce8f92ba26","8817a1d6-ef39-4e7c-8277-74aea012803b","189","TCRI Building","","Land","This land enters tapped.
When this land enters, you gain 1 life.
{T}: Add {U} or {R}.","normal","","","","legal","51"
"TMT-common","TMT","Teenage Mutant Ninja Turtles","common","bf334635b085b2d7aa95ab0eb075c843b4ee38a30d80c14432ea13eef73f243e","9528cc07-df4b-417f-ad65-c2fae6fc2d49","33","Crustacean Commando","1U","Creature — Crab Mutant Soldier","When this creature enters, create a Mutagen token. (It's an artifact with ""{1}, {T}, Sacrifice this token: Put a +1/+1 counter on target creature. Activate only as a sorcery."")","normal","0","3","U","legal","52"
"TMT-common","TMT","Teenage Mutant Ninja Turtles","common","bfd76c85d5de265c25e7e67362e7d7d9c408ce6065c51181c9e18c7dceeaa674","f2c8397c-2014-4a43-9ed7-41795880011f","176","Omni-Cheese Pizza","2","Artifact — Food","When this artifact enters, draw a card.
{1}, {T}, Sacrifice this artifact: Add one mana of any color.
{2}, {T}, Sacrifice this artifact: You gain 3 life.","normal","","","","legal","53"
"TMT-common","TMT","Teenage Mutant Ninja Turtles","common","c373821fc71221d4b38171c832176872623808c3a7f414f9f0381b0361c5855f","4af284ba-fa54-43c5-8c76-3e1128957452","51","Retro-Mutation","2U","Enchantment — Aura","Flash
Enchant creature
Enchanted creature is a Turtle with base power and toughness 0/1. It can't attack and loses all abilities. (It also loses all other creature types.)","normal","","","U","legal","54"
"TMT-common","TMT","Teenage Mutant Ninja Turtles","common","d040f6a8c67bd14793d3ebb987f08dc8e880bb9a8b684b83e96eed7b50156470","01ca65e2-898e-4150-a6bf-e61b183fd98a","54","Stockman, Mad Fly-entist","4U","Legendary Creature — Insect Mutant Scientist","Flying
When Stockman enters, draw a card, then discard a card.
Islandcycling {2} ({2}, Discard this card: Search your library for an Island card, reveal it, put it into your hand, then shuffle.)","normal","3","4","U","legal","55"
"TMT-common","TMT","Teenage Mutant Ninja Turtles","common","d598a1b5bea8f130200b8f60032b0f4a15e7d567007c9d80cb27f4670e95f3b4","e927eb0b-1c69-421a-8acd-01e92f729ffb","9","High-Flying Ace","2W","Creature — Bird Mutant","Flying
{3}{W}: Target creature without flying gains flying until end of turn. Activate only as a sorcery.","normal","2","3","W","legal","56"
"TMT-common","TMT","Teenage Mutant Ninja Turtles","common","dbd29dbc5dfe7bf14c5072fc15c77355b3da4e43fbad307ba0f9b003961e77cf","2edc1d40-3154-4ec0-88c7-faf35fd5e560","130","Ragamuffin Raptor","4G","Creature — Dinosaur","When this creature enters, return up to one target creature or Food card from your graveyard to your hand.","normal","4","3","G","legal","57"
"TMT-common","TMT","Teenage Mutant Ninja Turtles","common","dc74b04f729dfffabeb259b22a59bf03cb0d73412cbcb42f7f4041f17bf6579e","72fadf47-2e0b-4b24-b1bc-7c86780716b6","76","Shredder's Revenge","2B","Sorcery","Choose one —
• Target player discards two cards.
• Target player draws two cards and loses 2 life.","normal","","","B","legal","58"
"TMT-common","TMT","Teenage Mutant Ninja Turtles","common","dd65484045d650100f407c48c32c1042b03e8dceacbfbc652181aa25be2265a8","c6eac43d-08b6-45a4-803b-10a321a241d7","187","Mutant Town","","Land","This land enters tapped.
When this land enters, you gain 1 life.
{T}: Add {G} or {U}.","normal","","","","legal","59"
"TMT-common","TMT","Teenage Mutant Ninja Turtles","common","e0ee162710e6850b7a17702151a7d7df214a7a555a5a0bd17432cebb79cd0bf6","371ba16d-73f7-450c-8b1f-c05012a4ca93","59","Bebop, Warthog Warrior","4B","Legendary Creature — Boar Mutant Warrior","Menace (This creature can't be blocked except by two or more creatures.)
Rhinos you control have menace.
Swampcycling {2} ({2}, Discard this card: Search your library for a Swamp card, reveal it, put it into your hand, then shuffle.)","normal","5","4","B","legal","60"
"TMT-common","TMT","Teenage Mutant Ninja Turtles","common","e417e9684783547edcfb469a3326427d5ba8c25409c1361e60506acf1118fb7b","0966b8ff-61d3-4394-a357-97c35f042a29","161","Nobody","1{U/R}{U/R}","Artifact Creature — Human Hero","When this creature enters, return up to one other target artifact you control to its owner's hand. Scry 1. (Look at the top card of your library. You may put that card on the bottom.)","normal","3","2","UR","legal","61"
"TMT-common","TMT","Teenage Mutant Ninja Turtles","common","f6982e19fdaf58cdb6cd8e5790c7e5d6f29c512348ffaa13c01c721903ccc3ee","8763e0ee-a48e-424f-8bce-132582d5944b","125","Mutant Chain Reaction","2G","Sorcery","Destroy up to one target artifact, enchantment, or creature with flying. Create a Mutagen token. (It's an artifact with ""{1}, {T}, Sacrifice this token: Put a +1/+1 counter on target creature. Activate only as a sorcery."")","normal","","","G","legal","62"
"TMT-common","TMT","Teenage Mutant Ninja Turtles","common","f8a6c31aa0e5ec74ad2397ef75c20e7f7bb0416931299aeec79421faded1f3f4","608a13b4-0b94-4be5-ac4b-e939901e8419","159","Mouser Mark III","1{U/R}","Artifact Creature — Robot","This creature can't attack unless you control another artifact.","normal","2","3","UR","legal","63"
"TMT-uncommon","TMT","Teenage Mutant Ninja Turtles","uncommon","04a75e18adac4030eed621e6fc4d439e2fe6cec54bec2acfb1abd7e359285619","562395ef-fb28-4b34-b03b-5dbf0507fdc3","236","Jennika's Technique","2R","Instant","Sneak {R} (You may cast this spell for {R} if you also return an unblocked attacker you control to hand during the declare blockers step.)
Jennika's Technique deals 2 damage to each creature.","normal","","","R","legal","1"
"TMT-uncommon","TMT","Teenage Mutant Ninja Turtles","uncommon","05bd416012b7754dbb4b6a38ad421acc3ada3035ca9e859d5240feaaf4f98237","14e0892c-a556-43c3-974f-6be44188da2e","49","Ray Fillet, Man Ray","3U","Legendary Creature — Fish Mutant","Flying
When Ray Fillet enters, create a Mutagen token. (It's an artifact with ""{1}, {T}, Sacrifice this token: Put a +1/+1 counter on target creature. Activate only as a sorcery."")
{2}, Remove a +1/+1 counter from a creature you control: Draw a card.","normal","3","3","U","legal","2"
"TMT-uncommon","TMT","Teenage Mutant Ninja Turtles","uncommon","0943ccbd7977d65f6ae777aec8e4f826da5ed16d707b793f39ac4b05a64c64da","7a4f1ccc-2225-4cd0-abef-0eb7a8eae9cf","11","Koya, Death from Above","2W","Legendary Creature — Mutant Ninja Bird","Flying
When Koya enters, exile up to one other target creature. At the beginning of the next end step, you may pay {3}{B}. If you don't, return that card to the battlefield under its owner's control.","normal","2","1","W","legal","3"
"TMT-uncommon","TMT","Teenage Mutant Ninja Turtles","uncommon","0b9b63cd56e73dd9fb874cc28d17e86153138b241d733935e3ebfef48efe9b5c","02f7281f-b50c-4a1c-a2fc-3caeb6ab7d41","120","Michelangelo, Mutant BFF","2GG","Legendary Creature — Mutant Ninja Turtle","Each creature you control with a counter on it can't be blocked by more than one creature.
Whenever Michelangelo enters or attacks, create a Mutagen token. (It's an artifact with ""{1}, {T}, Sacrifice this token: Put a +1/+1 counter on target creature. Activate only as a sorcery."")","normal","4","4","G","legal","4"
"TMT-uncommon","TMT","Teenage Mutant Ninja Turtles","uncommon","10f5981ae437395f5cab4a260ba78f50a1248c73807838a2c82b61a6f0292e55","ef9e227e-c581-479c-a962-2f191352b07f","23","Quintessential Katana","W","Artifact — Equipment","Equipped creature gets +1/+1 and has ""Whenever this creature deals combat damage, untap it and you gain 2 life.""
Whenever a Ninja you control enters, you may attach this Equipment to it.
Equip {2} ({2}: Attach to target creature you control. Equip only as a sorcery.)","normal","","","W","legal","5"
"TMT-uncommon","TMT","Teenage Mutant Ninja Turtles","uncommon","13e0237ea4f8a62d2adc8a20922668af829198fdf536c73e63d75ee20be49a67","0f886117-aff3-4db7-9cf5-7cbe94c8cd02","155","Lessons from Life","2GU","Sorcery","Draw three cards. You may put a land card from your hand onto the battlefield tapped.","normal","","","UG","legal","6"
"TMT-uncommon","TMT","Teenage Mutant Ninja Turtles","uncommon","1831f8ebc11b6ac7e9b32dc591ba26a883b13e9c06018a98ac20da7cb893534a","3d3d0a9a-3bde-451f-9d5a-af6c2a393953","228","Donatello's Technique","2U","Sorcery","Sneak {U} (You may cast this spell for {U} if you also return an unblocked attacker you control to hand during the declare blockers step.)
Draw two cards.","normal","","","U","legal","7"
"TMT-uncommon","TMT","Teenage Mutant Ninja Turtles","uncommon","1c1500261060d53c6476e67288da0f561b6896d9a3754524e9f7590e1b06f90b","1308dadc-08a9-40bd-98a4-fb66d792e27d","160","The Neutrinos","2RW","Legendary Creature — Elf Rebel","Flying
Alliance — Whenever another creature you control enters, The Neutrinos get +1/+0 until end of turn.
Whenever The Neutrinos attack, exile up to one target creature you own, then return it to the battlefield under your control tapped and attacking.","normal","2","4","WR","legal","8"
"TMT-uncommon","TMT","Teenage Mutant Ninja Turtles","uncommon","1e7be795f24e21f2cdd3d46fd1ae452a8801e3d14df5813a12d3aa0a5ed74370","cbce9297-f601-4478-8865-6848700c4a42","206","April, Reporter of the Weird","2U","Legendary Creature — Human Detective","Whenever April deals combat damage to a player, draw that many cards, then discard a card.","normal","2","2","U","legal","9"
"TMT-uncommon","TMT","Teenage Mutant Ninja Turtles","uncommon","20e74a1354fbc876f079794d7edcdca9d74ac60dc5278106082e3f0964125906","78c55706-4d00-4b97-965c-0b2d0963e59d","6","Featherbrained Filcher","W","Creature — Bird Mutant","Flying
When this creature leaves the battlefield, create a Food token. (It's an artifact with ""{2}, {T}, Sacrifice this token: You gain 3 life."")","normal","0","2","W","legal","10"
"TMT-uncommon","TMT","Teenage Mutant Ninja Turtles","uncommon","22b38dff410bdb75570816aea0d1879e0c2a9be76ca9769ed680a3d3ef79fa8c","fcb59b16-3d76-478e-9306-969dd2cb1b5a","136","Venus, Torn Between Worlds","4G","Legendary Creature — Mutant Frog Turtle","Whenever Venus is dealt damage, put that many +1/+1 counters on her. (She must survive the damage to get the counters.)
Whenever a creature you control with a counter on it deals combat damage to a player, you may pay {U}. If you do, draw a card.","normal","5","5","G","legal","11"
"TMT-uncommon","TMT","Teenage Mutant Ninja Turtles","uncommon","239a578adb237eca396c63208a963cbcb2c81664a7f245fd575f91604f73a3cc","c4aeb45b-13ed-43ad-a366-7be10dec6222","109","Spicy Oatmeal Pizza","2R","Artifact — Food","When this artifact enters, it deals 4 damage to any target and 3 damage to you.
{2}, {T}, Sacrifice this artifact: You gain 3 life.","normal","","","R","legal","12"
"TMT-uncommon","TMT","Teenage Mutant Ninja Turtles","uncommon","23fd5ef524b7ecd2435ca55d2560697aa0fcf9f2bcd3a147886a917429532964","f4b8f7e6-9bff-430b-b2f5-4308d57d1194","137","West Wind Avatar","5GG","Creature — Cat Spirit Avatar","Trample
Whenever this creature enters or attacks, you may sacrifice a token or a land. If you do, you gain 3 life.
Disappear — At the beginning of your end step, if a permanent left the battlefield under your control this turn, draw a card.","normal","7","7","G","legal","13"
"TMT-uncommon","TMT","Teenage Mutant Ninja Turtles","uncommon","25aa68acf8b24cd049fa271e2677a2f49ba481b894b68a9e3cd6b8efef7ee310","7df26085-eedb-4bdd-a60a-aabfbe9c3157","148","Genghis Frog","GU","Legendary Creature — Frog Mutant Rogue","Trample
Whenever Genghis Frog or another Mutant you control enters, create a Mutagen token. (It's an artifact with ""{1}, {T}, Sacrifice this token: Put a +1/+1 counter on target creature. Activate only as a sorcery."")","normal","1","3","UG","legal","14"
"TMT-uncommon","TMT","Teenage Mutant Ninja Turtles","uncommon","25c0d2539aac3ff3556f50e67c85516404bb2c503146c61853ae040985014851","beef76b7-856e-48ab-bc73-e4f456c3a100","48","Ooze Spill","1UU","Instant","Counter target spell. Create a Mutagen token. (It's an artifact with ""{1}, {T}, Sacrifice this token: Put a +1/+1 counter on target creature. Activate only as a sorcery."")","normal","","","U","legal","15"
"TMT-uncommon","TMT","Teenage Mutant Ninja Turtles","uncommon","2e70d6fe2db88930b28e60fd0daac52f6aa4836a4fcbe5a916fb2cb3f5a382bf","f1616a07-e4a1-4574-b341-d6b31d76b3c5","126","New Generation's Technique","3G","Sorcery","Sneak {2}{G} (You may cast this spell for {2}{G} if you also return an unblocked attacker you control to hand during the declare blockers step.)
Search your library for up to two basic land cards, put them onto the battlefield tapped, then shuffle.","normal","","","G","legal","16"
"TMT-uncommon","TMT","Teenage Mutant Ninja Turtles","uncommon","33e90038df401268800fb0f5b09a33410981c168959946d1e803f5fb8b8ed93b","deadb6d8-3eea-4261-a07c-8536df89e85c","178","Skateboard","1","Artifact — Equipment","When this Equipment enters, tap target permanent.
Equipped creature gets +1/+0 and has haste.
Equip {1} ({1}: Attach to target creature you control. Equip only as a sorcery.)","normal","","","","legal","17"
"TMT-uncommon","TMT","Teenage Mutant Ninja Turtles","uncommon","3856264df87af00fa494e366ceaec3c5e12bcb07832094b73b3761ff8f5932be","4208f96f-49ea-46d9-b6fc-2093ded1fadb","232","Shredder's Technique","2B","Sorcery","Sneak {B} (You may cast this spell for {B} if you also return an unblocked attacker you control to hand during the declare blockers step.)
Destroy target creature or enchantment. If an enchantment was destroyed this way, you lose 2 life.","normal","","","B","legal","18"
"TMT-uncommon","TMT","Teenage Mutant Ninja Turtles","uncommon","46945e26a75d8799fc26c30abbf8c252b17d4e6290336688d97a6940c2740e8d","037fe188-3355-4724-b2eb-e2448fc55607","152","Karai's Technique","1WB","Sorcery","Sneak {W}{B} (You may cast this spell for {W}{B} if you also return an unblocked attacker you control to hand during the declare blockers step.)
Choose one or both —
• Target creature gets +3/+3 until end of turn.
• Target creature gets -3/-3 until end of turn.","normal","","","WB","legal","19"
"TMT-uncommon","TMT","Teenage Mutant Ninja Turtles","uncommon","4f9090926237818c68b314fff85688f1c0bea86fa0ee3bb1fe4b0c2d754885b1","43c80d9e-0180-491a-ab08-2ba00f273604","210","Shredder, Unrelenting","4B","Legendary Creature — Human Ninja","Sneak {3}{B} (You may cast this spell for {3}{B} if you also return an unblocked attacker you control to hand during the declare blockers step. He enters tapped and attacking.)
Deathtouch
Whenever Shredder enters or attacks, another target creature you control gains deathtouch until end of turn.","normal","6","4","B","legal","20"
"TMT-uncommon","TMT","Teenage Mutant Ninja Turtles","uncommon","53236397a73e85d8a8b8cd291e56dc3edbdb108108cec845323583e3b099383d","117b1341-2cf0-466e-b3a8-7e1afa42cd4c","139","Baxter Stockman","3UR","Legendary Creature — Human Scientist","When Baxter Stockman enters, create a 1/1 colorless Robot artifact creature token.
At the beginning of combat on your turn, target artifact creature you control gets +3/+0 and gains first strike and vigilance until end of turn.","normal","3","3","UR","legal","21"
"TMT-uncommon","TMT","Teenage Mutant Ninja Turtles","uncommon","5603fe7b682928bda8677c2905d86c2687a7d8835dd0dd78cac637f2f5bc61da","dfb18239-d373-4795-8598-c82abae2cb62","12","The Last Ronin's Technique","3W","Instant","Sneak {1}{W} (You may cast this spell for {1}{W} if you also return an unblocked attacker you control to hand during the declare blockers step.)
Create three 1/1 white Ninja Turtle Spirit creature tokens. If this spell's sneak cost was paid, they enter tapped and attacking.","normal","","","W","legal","22"
"TMT-uncommon","TMT","Teenage Mutant Ninja Turtles","uncommon","56841e36d330f7d622ab439216b12b09c5e4ae69dad304d7e925211d5cf39892","40b9b1d0-b7d1-473e-b6a9-a29d527c2f35","110","Wingnut, Bat on the Belfry","1R","Legendary Creature — Bat Mutant","Alliance — Whenever another creature you control enters, Wingnut gains your choice of flying, menace, or haste until end of turn.
Whenever Wingnut attacks, each other attacking creature gets +1/+0 until end of turn.","normal","1","2","R","legal","23"
"TMT-uncommon","TMT","Teenage Mutant Ninja Turtles","uncommon","577223759a602ded08e361f74196b37f72ab383ad68a9693619b2326ec4797d9","53f5f704-2265-42bb-bff5-fd9d85bc2bfb","112","Courier of Comestibles","1G","Creature — Human Citizen","When this creature enters, you may search your library for a Food card, reveal it, put it into your hand, then shuffle. If you don't put a card into your hand this way, create a Food token. (It's an artifact with ""{2}, {T}, Sacrifice this token: You gain 3 life."")","normal","1","2","G","legal","24"
"TMT-uncommon","TMT","Teenage Mutant Ninja Turtles","uncommon","59437716151f01eb3645db7d9106c726651a9fb4abee233fce2b085c80c9046b","600e3bc1-9777-4057-a11e-4f61582636c6","62","Dream Beavers","B","Creature — Beaver Nightmare","Flying
When this creature enters, each opponent loses 1 life and you gain 1 life. Scry 1. (Look at the top card of your library. You may put that card on the bottom.)","normal","1","1","B","legal","25"
"TMT-uncommon","TMT","Teenage Mutant Ninja Turtles","uncommon","5af52c0f257e2918524269d26948560197ad3669e11aa4915b9c928d27e39b6a","b03cf0bb-3207-4e8e-bb3f-e3e4367aa86e","163","Pizza Face, Gastromancer","3BG","Legendary Artifact Creature — Food Mutant","When Pizza Face enters, create a Food token.
Disappear — At the beginning of your end step, if a permanent left the battlefield under your control this turn, put three +1/+1 counters on up to one other target artifact or creature. If it isn't a creature, it becomes a 0/0 Mutant creature in addition to its other types.
{10}, {T}, Sacrifice Pizza Face: You gain 15 life.","normal","2","4","BG","legal","26"
"TMT-uncommon","TMT","Teenage Mutant Ninja Turtles","uncommon","5e695af786e730c9ff123bc0353c584feeb130f8d749e7c2616d0fb5ecd4fb0e","f6314c7f-41dc-4bbd-99db-3a8a1d2977b2","132","Saved by the Shell","1G","Instant","This spell costs {1} less to cast if you control a Turtle.
Put a +1/+1 counter on target creature you control. It gains trample, hexproof, and indestructible until end of turn.","normal","","","G","legal","27"
"TMT-uncommon","TMT","Teenage Mutant Ninja Turtles","uncommon","5ee8159fee762b36ac1a7bccf5592f87eb94dfe43be3bafc36942ce9b0fce67b","50c4e65f-00dc-4fc5-bd5c-8482c2848f4c","40","Fugitive Droid","U","Artifact Creature — Robot Scientist","This creature can't be blocked if an artifact entered the battlefield under your control this turn.
{U}, Sacrifice this creature: Counter target spell that targets an artifact or creature you control.","normal","1","1","U","legal","28"
"TMT-uncommon","TMT","Teenage Mutant Ninja Turtles","uncommon","6b3db3c02873748d880f1d4604027d207e169a24a3e2721a51635825e3c81f3e","6c517308-831b-4e41-a82c-02ddf6383a0c","31","Bespoke Bō","2U","Artifact — Equipment","When this Equipment enters, return up to one other target nonland permanent to its owner's hand.
Equipped creature gets +2/+1 and has vigilance.
Equip {3} ({3}: Attach to target creature you control. Equip only as a sorcery.)","normal","","","U","legal","29"
"TMT-uncommon","TMT","Teenage Mutant Ninja Turtles","uncommon","6c8691a5dc4278bafdecd423d2606fb20bc681bcf36e42041b898e702d1b6fc4","5dd5369c-174c-450b-b776-553866787f8f","21","Mighty Mutanimals","2WW","Creature — Mutant Rebel","When this creature enters, create a 2/2 red Mutant creature token.
Alliance — Whenever another creature you control enters, put a +1/+1 counter on target creature you control.","normal","2","1","W","legal","30"
"TMT-uncommon","TMT","Teenage Mutant Ninja Turtles","uncommon","6d0743b5354cd5cef07b56b6c034b9f20f3267088dddf4aa59a2add05fe4cfa3","654e2646-78ac-4b08-bed1-3c71355d55fc","70","Paramecia Coloniex","1B","Creature — Zombie Worm","When this creature enters, mill three cards. (Put the top three cards of your library into your graveyard.)
When this creature dies, you may exile it. When you do, put target creature card from your graveyard on top of your library.","normal","2","2","B","legal","31"
"TMT-uncommon","TMT","Teenage Mutant Ninja Turtles","uncommon","6d7156d6121e84e4d2c648fed4979dbba706c35f3bc0625904a369a36e3fbd0d","5d3dc219-f024-49de-b88d-dc1e9e84184c","91","Hard-Won Jitte","1R","Artifact — Equipment","Equipped creature has double strike.
Equip {2} ({2}: Attach to target creature you control. Equip only as a sorcery.)","normal","","","R","legal","32"
"TMT-uncommon","TMT","Teenage Mutant Ninja Turtles","uncommon","6ebb39dd2c3e2dfaa1e74749f354fa69de773745ce8ae52ba5be66904f81f22a","be8d96fb-a1be-4fff-b844-e38d185884e1","4","Dimensional Exile","1W","Enchantment — Aura","Enchant basic land you control
When this Aura enters, exile target creature an opponent controls until this Aura leaves the battlefield.","normal","","","W","legal","33"
"TMT-uncommon","TMT","Teenage Mutant Ninja Turtles","uncommon","700a636345c2ad44ae25b182e569d2274f0dd4d7314e688c49b0956baaa2d26c","9fbaabb5-e981-4cbf-888c-46449412711f","19","Lita, Little Orphan Amphibian","1W","Legendary Creature — Mutant Ninja Turtle","Alliance — Whenever another creature you control enters, choose one that hasn't been chosen this turn.
• Put a +1/+1 counter on Lita.
• Create a Food token. (It's an artifact with ""{2}, {T}, Sacrifice this token: You gain 3 life."")
• Scry 1.","normal","2","1","W","legal","34"
"TMT-uncommon","TMT","Teenage Mutant Ninja Turtles","uncommon","7087ad75fe31ce8cc9e79b9c6a164fd8efd7dfcc3ce4d5f02a4329c2ef72648c","d6eaae35-d513-43d8-be2d-b97c15e25937","16","Leonardo, Leader in Blue","W","Legendary Creature — Mutant Ninja Turtle","Sneak {3}{W}{W} (You may cast this spell for {3}{W}{W} if you also return an unblocked attacker you control to hand during the declare blockers step. He enters tapped and attacking.)
When Leonardo enters, if his sneak cost was paid, creatures you control get +2/+0 until end of turn.
{1}{W}: Leonardo gains first strike until end of turn.","normal","2","1","W","legal","35"
"TMT-uncommon","TMT","Teenage Mutant Ninja Turtles","uncommon","70b01fb8aba8bde29ea7697b3f5f2c8adc58d85db2188a4348cbf0d37895bbb1","2e4f2148-d398-4f3d-9c59-81c87b6a4588","61","Death in the Family","1B","Instant","Exile target creature with mana value 3 or less.","normal","","","B","legal","36"
"TMT-uncommon","TMT","Teenage Mutant Ninja Turtles","uncommon","7dc01f0122054bc3a34cc8bf10a981151df8dbdc8b2ad620f30af246b8b813f6","c2164204-120c-4dff-86ac-46ca9012ccd9","123","Mona Lisa, Science Geek","2G","Legendary Creature — Lizard Mutant","Reach
{T}: Add X mana of any one color, where X is Mona Lisa's power.","normal","1","3","G","legal","37"
"TMT-uncommon","TMT","Teenage Mutant Ninja Turtles","uncommon","7edb4eec567c71a9ba36fa22ffcd163e77b4684a43613b2b9fa8f435ace02013","b7ab2110-5aad-46c9-8dc4-1eac24b6f46b","141","Brilliance Unleashed","4UR","Sorcery","Choose one or both —
• Brilliance Unleashed deals 5 damage to target creature.
• Choose target artifact card in your graveyard. Return it to the battlefield if it's an artifact creature card. Otherwise, return it to the battlefield and it's a 3/3 Robot artifact creature with flying.","normal","","","UR","legal","38"
"TMT-uncommon","TMT","Teenage Mutant Ninja Turtles","uncommon","7f64738839669131bed8c717d80230145f8d8432825a2402cefec013cd815c89","88385a87-f931-409f-8a21-250f0866d63d","101","Raphael, Most Attitude","3R","Legendary Creature — Mutant Ninja Turtle","Menace (This creature can't be blocked except by two or more creatures.)
Alliance — Whenever another creature you control enters, you may exile the top card of your library.
Whenever Raphael attacks, until end of turn, you may play a card exiled with Raphael.","normal","4","3","R","legal","39"
"TMT-uncommon","TMT","Teenage Mutant Ninja Turtles","uncommon","8ada9a80d3980d1ad1d540046d339956b1b0af4e269d6eb0ce929d1e710093d5","14ff6944-fc47-4c90-b577-cad3a1355165","197","Donatello, Way with Machines","2U","Legendary Creature — Mutant Ninja Turtle","Flying
Whenever an artifact you control enters, put a +1/+1 counter on Donatello.","normal","1","2","U","legal","40"
"TMT-uncommon","TMT","Teenage Mutant Ninja Turtles","uncommon","8f2ff45607487f0fd95f387c8fbe3c6154060e18db5ba892f5aafcf60ef7bb8f","fa684608-ecd3-43e2-99a1-71318f133e29","170","Tainted Treats","1BG","Instant","Destroy target artifact or creature. If its mana value was 4 or less, create a Food token. (It's an artifact with ""{2}, {T}, Sacrifice this token: You gain 3 life."")","normal","","","BG","legal","41"
"TMT-uncommon","TMT","Teenage Mutant Ninja Turtles","uncommon","969b88d3e66f1dea6728a53adac56431de28bc6d1f9931942312ec49b03d8f59","df2cdaa5-9ea0-4aa5-89d3-9edf40fa2a39","173","Everything Pizza","2","Artifact — Food","When this artifact enters, search your library for a basic land card, reveal it, put it into your hand, then shuffle.
{2}{W}{U}{B}{R}{G}, {T}, Sacrifice this artifact: Target player gains 3 life and draws a card. Each of your opponents discards a card. This artifact deals 3 damage to any target. Put three +1/+1 counters on up to one target creature.","normal","","","","legal","42"
"TMT-uncommon","TMT","Teenage Mutant Ninja Turtles","uncommon","a77a7c8067370e340106eb8e73aae2964995603e568bd43997c473c26270d31a","c50c4580-979b-4863-86b9-16e258198972","190","Turtle Lair","","Land","{T}: Add {C}.
{T}: Add one mana of any color. Spend this mana only to cast a Ninja or Turtle spell.
{3}, {T}: Target Ninja or Turtle can't be blocked this turn.","normal","","","","legal","43"
"TMT-uncommon","TMT","Teenage Mutant Ninja Turtles","uncommon","b3886a36ab42e5edba78ff5bfded356f86d851d6a18829c9a2042f0e4f2f7106","f1210cc4-b968-4454-b314-4e9af9f56946","207","Casey Jones, Jury-Rig Justiciar","1R","Legendary Creature — Human Berserker","Haste
When Casey Jones enters, look at the top four cards of your library. You may reveal an artifact card from among them and put it into your hand. Put the rest on the bottom of your library in a random order.","normal","2","1","R","legal","44"
"TMT-uncommon","TMT","Teenage Mutant Ninja Turtles","uncommon","b94b8d5db18da5e2993e6b28a004ba55359a68b1b6b06c7ee59fd10544f13ef4","0dded2d4-1640-4431-809e-403b51b27db6","151","Karai, Future of the Foot","1WB","Legendary Creature — Human Ninja","Sneak {2}{W}{B} (You may cast this spell for {2}{W}{B} if you also return an unblocked attacker you control to hand during the declare blockers step. She enters tapped and attacking.)
Whenever Karai deals combat damage to a player, return target creature card from your graveyard to your hand. If her sneak cost was paid this turn, instead return that card to the battlefield.","normal","3","3","WB","legal","45"
"TMT-uncommon","TMT","Teenage Mutant Ninja Turtles","uncommon","c884942507c91398eb9a3a047337ba1b292ec0f6a59972bf500e91bfa735993d","6e118fc5-b0ae-4592-8292-d611856ae203","180","Turtle Blimp","5","Artifact — Vehicle","Flying
When this Vehicle enters, create a 2/2 red Mutant creature token.
Crew 2 (Tap any number of creatures you control with total power 2 or more: This Vehicle becomes an artifact creature until end of turn.)","normal","3","4","","legal","46"
"TMT-uncommon","TMT","Teenage Mutant Ninja Turtles","uncommon","cd52e5ebda9e22843765f58424f85201b9d46369b2e243f392bf03bd47a24506","8d1a9c8a-d0b6-4d83-a168-8078de4b14c7","65","Lord Dregg, Insect Invader","3B","Legendary Creature — Insect Warrior","Flying
Disappear — At the beginning of your end step, if a permanent left the battlefield under your control this turn, create a 1/1 black Insect Warrior creature token with flying.
{3}{G}, Sacrifice a token: Draw a card.","normal","3","2","B","legal","47"
"TMT-uncommon","TMT","Teenage Mutant Ninja Turtles","uncommon","cd8e0ed3e5a302f452b55f17cdd6da62ec0fd827913946581fc55377bfc386cd","90e68cd8-ea76-4bd1-9199-474da9c3e8bf","149","Go Ninja Go","RW","Sorcery","Choose one or both —
• Exile target creature you control, then return it to the battlefield under its owner's control.
• Go Ninja Go deals damage equal to the greatest power among creatures you control to target creature an opponent controls.","normal","","","WR","legal","48"
"TMT-uncommon","TMT","Teenage Mutant Ninja Turtles","uncommon","d4ae1089ffdb0697ff470baa510adcd27e672a76a80b18ac40c6bbd5676d1686","9ea9d072-aa98-405e-a475-26f93cc37e53","79","Splinter, Hamato Yoshi","1B","Legendary Creature — Mutant Ninja Rat","Sneak {B} (You may cast this spell for {B} if you also return an unblocked attacker you control to hand during the declare blockers step. He enters tapped and attacking.)
Menace (This creature can't be blocked except by two or more creatures.)
Other Ninjas you control get +1/+1.","normal","1","3","B","legal","49"
"TMT-uncommon","TMT","Teenage Mutant Ninja Turtles","uncommon","d8eedfe140928b1132ab4f4d50975dfa6811cd0e66eab878968658ad915b3269","d2cbe512-725f-4884-ac49-a98a78e7d14e","75","Shredder's Armor","1B","Artifact — Equipment","Equipped creature gets +2/+1.
When this Equipment enters, attach it to target creature you control.
Equip—Sacrifice another nonland permanent. Activate only once each turn.","normal","","","B","legal","50"
"TMT-uncommon","TMT","Teenage Mutant Ninja Turtles","uncommon","e80479a51162c276b0c057f8994a012962152e807fbf2a94cbe888e8d880e8f7","3c2d8b09-8694-45ab-be01-f8dc17378cf0","44","Metalhead","4U","Legendary Artifact Creature — Robot Turtle","When Metalhead enters, return up to one other target artifact or creature to its owner's hand.
{R}, Sacrifice another artifact: Put a +1/+1 counter on Metalhead. He gains menace and haste until end of turn.","normal","4","4","U","legal","51"
"TMT-uncommon","TMT","Teenage Mutant Ninja Turtles","uncommon","e83d426d79ee4a20f73a08456c95570aaa34990617ef8e6779e69304a0cfdbda","e02e971f-6008-4c82-acd2-2aed13009ccb","90","General Traag, Heart of Stone","3RR","Legendary Artifact Creature — Elemental Soldier","Trample
When General Traag enters, you may sacrifice another artifact. When you do, General Traag deals 4 damage to target creature.","normal","4","3","R","legal","52"
"TMT-uncommon","TMT","Teenage Mutant Ninja Turtles","uncommon","f0abaa207f2d5cfd524c411cac0acb1194e7246546741b60ce11b89550b2a760","1515eed9-3b21-42f0-ab57-de5df19317af","99","Old Hob, Alleycat Blues","4R","Legendary Creature — Cat Mutant Rebel","At the beginning of combat on your turn, create a 2/2 red Mutant creature token. It gains haste until end of turn. Destroy it at the beginning of the next end step.
{1}{W}: Target attacking creature token gains indestructible until end of turn.","normal","4","4","R","legal","53"
"TMT-uncommon","TMT","Teenage Mutant Ninja Turtles","uncommon","f104ad4b2b6d93d6f09911bf56e23996bc516114c5ec064eeae6ffddd94900c7","f37ef012-c566-4d16-acf8-6079244907be","127","Novel Nunchaku","2G","Artifact — Equipment","When this Equipment enters, attach it to target creature you control. When you do, equipped creature fights up to one target creature an opponent controls. (Each deals damage equal to its power to the other.)
Equipped creature gets +1/+1 and has trample.
Equip {3} ({3}: Attach to target creature you control. Equip only as a sorcery.)","normal","","","G","legal","54"
"TMT-uncommon","TMT","Teenage Mutant Ninja Turtles","uncommon","f28a3ab478bab58b38e94b45dd31755bd676082fef9640bc990ea62875167c79","d77aa46e-fa57-4427-b0a3-0a957dc994dc","174","Henchbots","4","Artifact Creature — Robot","When this creature enters, exile target tapped creature an opponent controls until this creature leaves the battlefield.","normal","2","3","","legal","55"
"SOS-common","SOS","Secrets of Strixhaven","common","003a95384f31faf41bb947e9aecd83cf8b1627869033809098383b67c269cce8","0038d212-3d95-4f98-8c2e-7b2404d0ced7","118","Heated Argument","4R","Instant","Heated Argument deals 6 damage to target creature. You may exile a card from your graveyard. If you do, Heated Argument also deals 2 damage to that creature's controller.","normal","","","R","legal","1"
"SOS-common","SOS","Secrets of Strixhaven","common","0261bdef679d75c1e589c466759a9c8b5f09dc8bb094e2f05cb834ef8c28439a","e52464ee-df8b-41ec-af93-4b0eb004383e","10","Dig Site Inventory","W","Sorcery","Put a +1/+1 counter on target creature you control. It gains vigilance until end of turn.
Flashback {W} (You may cast this card from your graveyard for its flashback cost. Then exile it.)","normal","","","W","legal","2"
"SOS-common","SOS","Secrets of Strixhaven","common","041bbd321fbd4d748a9e988da5c688219817845f4b433196b1b520beb81a63fd","8d93d14d-7760-4af2-a237-2df326dd28d3","89","Masterful Flourish","B","Instant","Target creature you control gets +1/+0 and gains indestructible until end of turn. (Damage and effects that say ""destroy"" don't destroy it.)","normal","","","B","legal","3"
"SOS-common","SOS","Secrets of Strixhaven","common","055bf22bb8858cac0ee327225d2043f389d540b4a299e11e84031e96abace7be","62842fb4-8bd3-4d80-b4f9-5bc3c5cebd3a","192","Grapple with Death","1BG","Sorcery","Destroy target artifact or creature. You gain 1 life.","normal","","","BG","legal","4"
"SOS-common","SOS","Secrets of Strixhaven","common","05935b32ee0441887ce878842d200349396c3dff402d292287ac3676ae6a2589","b87e2474-98c1-4c1a-91ed-340b72d31653","133","Tackle Artist","3R","Creature — Orc Sorcerer","Trample
Opus — Whenever you cast an instant or sorcery spell, put a +1/+1 counter on this creature. If five or more mana was spent to cast that spell, put two +1/+1 counters on this creature instead.","normal","4","3","R","legal","5"
"SOS-common","SOS","Secrets of Strixhaven","common","0b4586ccdace995001b5b86f9b1014f5a728347bd2b12a35157dbe904e33c0fb","5fe99be0-e1ec-485e-82f8-02eba7b82441","24","Owlin Historian","2W","Creature — Bird Cleric","Flying
When this creature enters, surveil 1. (Look at the top card of your library. You may put it into your graveyard.)
Whenever one or more cards leave your graveyard, this creature gets +1/+1 until end of turn.","normal","2","3","W","legal","6"
"SOS-common","SOS","Secrets of Strixhaven","common","0fc60d30c63f0cd18d44554e801918eb379bde4d1ce16ba0b00358bdbac5ccd5","376c8b7d-1c90-47e1-bd01-e4c67f3fc4fc","163","Tenured Concocter","4G","Creature — Troll Druid","Vigilance
Whenever this creature becomes the target of a spell or ability an opponent controls, you may draw a card.
Infusion — This creature gets +2/+0 as long as you gained life this turn.","normal","4","5","G","legal","7"
"SOS-common","SOS","Secrets of Strixhaven","common","17751b484b8fb3576fc071c9d4220ca6fb2cdee5a95b989cbdb34335bd1d400e","dc0517ca-b271-49a1-a286-c20f4e5b9309","31","Shattered Acolyte","1W","Creature — Dwarf Warlock","Lifelink
{1}, Sacrifice this creature: Destroy target artifact or enchantment.","normal","2","2","W","legal","8"
"SOS-common","SOS","Secrets of Strixhaven","common","17e1afc3a743c9454ffe8dab493d7a9164d5093062a37e4c4f17fe4538a5b363","4ddf4e34-a1f9-4636-942d-0a08e9f94320","129","Seize the Spoils","2R","Sorcery","As an additional cost to cast this spell, discard a card.
Draw two cards and create a Treasure token. (It's an artifact with ""{T}, Sacrifice this token: Add one mana of any color."")","normal","","","R","legal","9"
"SOS-common","SOS","Secrets of Strixhaven","common","1e2a607bb7ad4c40ba6fb522e78488b1367aa436095eaf61fca4e7ce332a8ae6","04fdfabc-c247-4384-a5bb-f49035f8aae0","167","Wild Hypothesis","XG","Sorcery","Create a 0/0 green and blue Fractal creature token. Put X +1/+1 counters on it.
Surveil 2. (Look at the top two cards of your library, then put any number of them into your graveyard and the rest on top of your library in any order.)","normal","","","G","legal","10"
"SOS-common","SOS","Secrets of Strixhaven","common","2749b2a8904ceebe3a6040cd57804e490bdb05b40d646350055be61edc6a9ed4","9cd1417a-badc-4abd-a8ca-5b31f85c1072","6","Ajani's Response","4W","Instant","This spell costs {3} less to cast if it targets a tapped creature.
Destroy target creature.","normal","","","W","legal","11"
"SOS-common","SOS","Secrets of Strixhaven","common","2c66550aba8d6da267ee0643c0eae0275a80fc2a4e55a79d8ceac57519c4733c","06f9f257-c7ef-44b7-8b2b-f038fba900af","41","Chase Inspiration","U","Instant","Target creature you control gets +0/+3 and gains hexproof until end of turn. (It can't be the target of spells or abilities your opponents control.)","normal","","","U","legal","12"
"SOS-common","SOS","Secrets of Strixhaven","common","2d7f0e38d4d9947fba0ea3bfea8cce331d1652df71fd03d51f9bb2cd8fb98652","846a0e79-a530-429e-8f7f-4b87f1b0156e","242","Visionary's Dance","5UR","Sorcery","Create two 3/3 blue and red Elemental creature tokens with flying.
{2}, Discard this card: Look at the top two cards of your library. Put one of them into your hand and the other into your graveyard.","normal","","","UR","legal","13"
"SOS-common","SOS","Secrets of Strixhaven","common","319a5ebd6e0c9422102f55177ca435b7e4c4f1cdb0bf5a080e5e40e9714bbd83","afe61957-a9bb-42b0-98e8-b5fa418cbaff","128","Rubble Rouser","2R","Creature — Dwarf Sorcerer","When this creature enters, you may discard a card. If you do, draw a card.
{T}, Exile a card from your graveyard: Add {R}. When you do, this creature deals 1 damage to each opponent.","normal","1","4","R","legal","14"
"SOS-common","SOS","Secrets of Strixhaven","common","3481a04c8aca21925f532c44612f768289e9a4e5bd5b8abc83415de7ca08e95f","79b9ace7-eceb-4f97-9ee7-d5ee3e0b3515","144","Efflorescence","2G","Instant","Put two +1/+1 counters on target creature.
Infusion — If you gained life this turn, that creature also gains trample and indestructible until end of turn.","normal","","","G","legal","15"
"SOS-common","SOS","Secrets of Strixhaven","common","35b29ec067d40b049869b0964ccbc0c587deddcb852ad101f1a20ad5f7180c88","8c6fecfd-8241-4cf0-b1eb-19472b99e0ed","250","Page, Loose Leaf","2","Legendary Artifact Creature — Construct","{T}: Add {C}.
Grandeur — Discard another card named Page, Loose Leaf: Reveal cards from the top of your library until you reveal an instant or sorcery card. Put that card into your hand and the rest on the bottom of your library in a random order.","normal","0","2","","legal","16"
"SOS-common","SOS","Secrets of Strixhaven","common","36b99de97534293e51e1d77b2d7fe42ed3e379a2e22981c307c2a03d50fc5686","95d5b0a8-2b66-418e-9e5e-ecf7b304c31e","141","Burrog Barrage","1G","Instant","Target creature you control gets +1/+0 until end of turn if you've cast another instant or sorcery spell this turn. Then it deals damage equal to its power to up to one target creature an opponent controls.","normal","","","G","legal","17"
"SOS-common","SOS","Secrets of Strixhaven","common","3754cdc3bf265c913b47d65f6edc2534283c7cf14b77f392f09c5259059053d0","030b1272-5990-4bc9-8fc1-82cc05602060","151","Hungry Graffalon","3G","Creature — Giraffe","Reach
Increment (Whenever you cast a spell, if the amount of mana you spent is greater than this creature's power or toughness, put a +1/+1 counter on this creature.)","normal","3","4","G","legal","18"
"SOS-common","SOS","Secrets of Strixhaven","common","37695bbcaa0f0432ff6e0b2b941c41f374b7f1e88bbd21992dad18a8e33288c2","2970683e-e69c-42cb-a067-34abd56fb42b","12","Elite Interceptor // Rejoinder","W // 1W","Creature — Human Wizard // Sorcery","This creature enters prepared. (While it's prepared, you may cast a copy of its spell. Doing so unprepares it.)

---

You may tap or untap target creature.
Draw a card.","prepare","1","2","W","legal","19"
"SOS-common","SOS","Secrets of Strixhaven","common","444266da9cf1d1bc1512b43e14b895bc701a9516c45439747e3f7d352d61bbc3","3dc7a4c3-c356-4fba-bea0-e8788da3eb57","255","Fields of Strife","","Land","This land enters tapped.
{T}: Add {R} or {W}.
{2}{R}{W}, {T}: Surveil 1. (Look at the top card of your library. You may put it into your graveyard.)","normal","","","","legal","20"
"SOS-common","SOS","Secrets of Strixhaven","common","47145bda28f54303e1987b2eb922f20012b1285073fcff08251bcd689146d5e3","36ab2130-9f21-4d30-873a-aa72d3d15fa8","137","Zealous Lorecaster","5R","Creature — Giant Sorcerer","When this creature enters, return target instant or sorcery card from your graveyard to your hand.","normal","4","4","R","legal","21"
"SOS-common","SOS","Secrets of Strixhaven","common","4917d153a146f2c2ac0439a462ee47d97730f49368ab35da0106724ac2853eed","a0a66f7b-eab4-45da-8895-c2c2c7eb05f8","262","Spectacle Summit","","Land","This land enters tapped.
{T}: Add {U} or {R}.
{2}{U}{R}, {T}: Surveil 1. (Look at the top card of your library. You may put it into your graveyard.)","normal","","","","legal","22"
"SOS-common","SOS","Secrets of Strixhaven","common","4b4d8759247b32c7d480b783a11f7ba0c70adaac454fb96860aab8d0abc9baef","de3de40b-a7ac-455e-add2-4e451b602d17","8","Ascendant Dustspeaker","4W","Creature — Orc Cleric","Flying
When this creature enters, put a +1/+1 counter on another target creature you control.
At the beginning of combat on your turn, exile up to one target card from a graveyard.","normal","3","4","W","legal","23"
"SOS-common","SOS","Secrets of Strixhaven","common","518bb4acd537f136ea2f3de1fb6ce8e2c8ac9ea1df5a38a13ca14b799ea53c6a","3a46816b-9f75-4c72-9ec6-cded6a4a0d01","77","Cost of Brilliance","2B","Sorcery","Target player draws two cards and loses 2 life. Put a +1/+1 counter on up to one target creature.","normal","","","B","legal","24"
"SOS-common","SOS","Secrets of Strixhaven","common","5ac9a11a57ca54af363120a1f12b1a7d6263fa8ae0017fa35e06f366b650cdfb","2123b349-4649-4a15-a8b5-b54414d2b1b7","251","Potioner's Trove","3","Artifact","{T}: Add one mana of any color.
{T}: You gain 2 life. Activate only if you've cast an instant or sorcery spell this turn.","normal","","","","legal","25"
"SOS-common","SOS","Secrets of Strixhaven","common","5ef663121cae9440e0fa32fff5ba402a7d7aa3822c89bf5436c2da38ae2851de","6c5a93d6-d4ab-4062-bb3c-1b5330bf15ad","106","Ancestral Anger","R","Sorcery","Target creature gains trample and gets +X/+0 until end of turn, where X is 1 plus the number of cards named Ancestral Anger in your graveyard.
Draw a card.","normal","","","R","legal","26"
"SOS-common","SOS","Secrets of Strixhaven","common","60dfde95b938d95bfc21b15da13f264e94068d8f2a550b9e5bf5b9e822e32e18","40ecc34b-4cd0-4998-bbf4-7faa6fd3d7e0","66","Run Behind","3U","Instant","This spell costs {1} less to cast if it targets an attacking creature.
Target creature's owner puts it on their choice of the top or bottom of their library.","normal","","","U","legal","27"
"SOS-common","SOS","Secrets of Strixhaven","common","64fb382b8dd23f9c0d0012fdf7512afe4df2396efb8446f1a72d35a716b07e4c","d73612fe-8992-4650-a7e3-c7b662da6a03","95","Pull from the Grave","2B","Sorcery","Return up to two target creature cards from your graveyard to your hand. You gain 2 life.","normal","","","B","legal","28"
"SOS-common","SOS","Secrets of Strixhaven","common","6710075ba2622f2ffb2d97512b8c8bf9af010e0bc3f56a7997a4bf15302283ee","c0bd30c4-3cdf-4eda-8be5-0fb5e5ddddbf","56","Landscape Painter // Vibrant Idea","1U // 4U","Creature — Merfolk Wizard // Sorcery","This creature enters prepared. (While it's prepared, you may cast a copy of its spell. Doing so unprepares it.)

---

Draw two cards.","prepare","2","1","U","legal","29"
"SOS-common","SOS","Secrets of Strixhaven","common","673eee3dc1e299c6b32e1efa025cdf5616c5ad5f25d93574bf555cef7ffc7d00","6d4a2f39-0e1e-4076-815a-2676a09a1aab","196","Inkling Mascot","WB","Creature — Inkling Cat","Repartee — Whenever you cast an instant or sorcery spell that targets a creature, this creature gains flying until end of turn. Surveil 1. (Look at the top card of your library. You may put it into your graveyard.)","normal","2","2","WB","legal","30"
"SOS-common","SOS","Secrets of Strixhaven","common","6e1d8772575916aa5fc6452e9bc00db3018ebf66376cdcd941227a18cc0e4a77","fc6a1425-6733-42a2-94d9-605966398092","29","Rehearsed Debater","2W","Creature — Djinn Bard","Vigilance
Repartee — Whenever you cast an instant or sorcery spell that targets a creature, this creature gets +1/+1 until end of turn.","normal","3","3","W","legal","31"
"SOS-common","SOS","Secrets of Strixhaven","common","6e3c2169da874f7220d83e6acf69643fd4cdff456b9afd35f165eb807d111925","7a42f51a-3377-47bb-b6fb-c0515bf1dcfb","177","Bogwater Lumaret","BG","Creature — Spirit Frog","Whenever this creature or another creature you control enters, you gain 1 life.","normal","2","2","BG","legal","32"
"SOS-common","SOS","Secrets of Strixhaven","common","6f986ba1ee1c8452d108284951013c0bc40fa6fbe734423c5bfa3d577cf9352a","cf5b19e3-eed1-4b36-9756-660ffb3baa08","189","Fractal Mascot","4GU","Creature — Fractal Elk","Trample
When this creature enters, tap target creature an opponent controls. Put a stun counter on it. (If a permanent with a stun counter would become untapped, remove one from it instead.)","normal","6","6","UG","legal","33"
"SOS-common","SOS","Secrets of Strixhaven","common","70ce86c65946795b4970e3cd7fb070efc233f33b5fc443491c545b7b47cc9e6f","d8309815-7035-47a5-acf2-2b2ac1e65037","90","Melancholic Poet","1B","Creature — Elf Bard","Repartee — Whenever you cast an instant or sorcery spell that targets a creature, each opponent loses 1 life and you gain 1 life.","normal","2","2","B","legal","34"
"SOS-common","SOS","Secrets of Strixhaven","common","72859a7f3961710ab7f8a030a54991f3733ec69d153779e599e206064b7c7c87","24f888dd-785c-4089-a89c-03f9080130ed","162","Studious First-Year // Rampant Growth","G // 1G","Creature — Bear Wizard // Sorcery","This creature enters prepared. (While it's prepared, you may cast a copy of its spell. Doing so unprepares it.)

---

Search your library for a basic land card, put that card onto the battlefield tapped, then shuffle.","prepare","1","1","G","legal","35"
"SOS-common","SOS","Secrets of Strixhaven","common","736cfba408d74ad4d72f4aec84efd242688a6071cd8de3ea3ae55f70ea2de566","97f7fbb9-228c-4a74-975b-38d3b6cecb32","159","Shopkeeper's Bane","2G","Creature — Badger Pest","Trample
Whenever this creature attacks, you gain 2 life.","normal","4","2","G","legal","36"
"SOS-common","SOS","Secrets of Strixhaven","common","7da24488bbc677a37810da4fb731451f323595d6a51d7dc2ad58102a57e597be","56f54fee-b48d-4582-8982-ca4c7b8ef553","70","Textbook Tabulator","2U","Creature — Frog Wizard","Increment (Whenever you cast a spell, if the amount of mana you spent is greater than this creature's power or toughness, put a +1/+1 counter on this creature.)
When this creature enters, surveil 2. (Look at the top two cards of your library, then put any number of them into your graveyard and the rest on top of your library in any order.)","normal","0","3","U","legal","37"
"SOS-common","SOS","Secrets of Strixhaven","common","7fdc07c382b34257d72d3f4e8f7e3a0145942694e048c98c9f2815282368f192","25bbb1c7-14e8-444f-ab98-e95f50927460","220","Render Speechless","2WB","Sorcery","Target opponent reveals their hand. You choose a nonland card from it. That player discards that card.
Put two +1/+1 counters on up to one target creature.","normal","","","WB","legal","38"
"SOS-common","SOS","Secrets of Strixhaven","common","806fef12db347658ebca67c57bbbdb4be3d08f46a816dbf5d64c8a4556028fb9","a335f396-1004-4fee-842a-a35ff6ba17f2","150","Glorious Decay","1G","Instant","Choose one —
• Destroy target artifact.
• Glorious Decay deals 4 damage to target creature with flying.
• Exile target card from a graveyard. Draw a card.","normal","","","G","legal","39"
"SOS-common","SOS","Secrets of Strixhaven","common","80728c99d17f6cd9a8b1287fa6271ea6cf9df786fb138da10ae372d03a63cf52","d5df1c3f-2536-4476-b8cd-34b026c38366","195","Imperious Inkmage","1WB","Creature — Orc Warlock","Vigilance
When this creature enters, surveil 2. (Look at the top two cards of your library, then put any number of them into your graveyard and the rest on top of your library in any order.)","normal","3","3","WB","legal","40"
"SOS-common","SOS","Secrets of Strixhaven","common","81dc62f00072be8c6c679621e1dae32150303f403c3fd75eaefe4e96522bb8ec","a9ab41c8-3ee2-4676-9b8b-20c34d9f5f21","266","Titan's Grave","","Land","This land enters tapped.
{T}: Add {B} or {G}.
{2}{B}{G}, {T}: Surveil 1. (Look at the top card of your library. You may put it into your graveyard.)","normal","","","","legal","41"
"SOS-common","SOS","Secrets of Strixhaven","common","8290b20389c7d21cd1853f0faa21b3c9d4dc3fd8e65dbbbfe6fa71d859cb7b5a","bf736de9-9bc4-49df-ae60-672ed4f83f32","11","Eager Glyphmage","3W","Creature — Cat Cleric","When this creature enters, create a 1/1 white and black Inkling creature token with flying.","normal","3","3","W","legal","42"
"SOS-common","SOS","Secrets of Strixhaven","common","876d81359291f9d7d396bdfeef6354a3f96e55c4238089a664e9ea3366b1287d","f9488480-2b6c-40bc-a93e-29fb1292a2e4","148","Follow the Lumarets","1G","Sorcery","Infusion — Look at the top four cards of your library. You may reveal a creature or land card from among them and put it into your hand. If you gained life this turn, you may instead reveal two creature and/or land cards from among them and put them into your hand. Put the rest on the bottom of your library in a random order.","normal","","","G","legal","43"
"SOS-common","SOS","Secrets of Strixhaven","common","8bb031ae56a074d8118452e654a274342c9c4ffd5011962186ce0485c758f833","d882beb9-6766-4818-afbb-f6fd7a2d5b70","209","Pest Mascot","1BG","Creature — Pest Ape","Trample
Whenever you gain life, put a +1/+1 counter on this creature.","normal","2","3","BG","legal","44"
"SOS-common","SOS","Secrets of Strixhaven","common","8db9ff07321138397424067e24c7edcc3d1545dba41c42584736d0e5ed52a4b0","3d409512-50b9-4a38-91b0-19ba25227992","104","Wander Off","3B","Instant","Exile target creature.","normal","","","B","legal","45"
"SOS-common","SOS","Secrets of Strixhaven","common","95f60754a7c45ca2a99ef42a7901a7196d369b50526b5428019191b43f9cc118","c0cf5e0f-3668-46f2-850d-d91a538e8ead","186","Embrace the Paradox","3GU","Instant","Draw three cards. You may put a land card from your hand onto the battlefield tapped.","normal","","","UG","legal","46"
"SOS-common","SOS","Secrets of Strixhaven","common","9c14b736183dcd66aaaa96f355f2346ff51474a12edcf5bd79f7e4915f5f99ed","283b508b-89f0-4c23-9686-b049e402b73c","100","Send in the Pest","1B","Sorcery","Each opponent discards a card. You create a 1/1 black and green Pest creature token with ""Whenever this token attacks, you gain 1 life.""","normal","","","B","legal","47"
"SOS-common","SOS","Secrets of Strixhaven","common","9daa1dc463206ee9f3a5dd0f37214f34c8f8ee4ff24a928f6d3990f9db4c0cb1","259b8c45-6241-4206-a34e-34c7f401f47b","114","Expressive Firedancer","1R","Creature — Human Sorcerer","Opus — Whenever you cast an instant or sorcery spell, this creature gets +1/+1 until end of turn. If five or more mana was spent to cast that spell, this creature also gains double strike until end of turn.","normal","2","2","R","legal","48"
"SOS-common","SOS","Secrets of Strixhaven","common","a2ffe5ad2cce3a16500bd4d8fd5ccd6a62b0b1cc6dc563036fbcb968878f5fe6","1ae9d2f3-7a9f-433a-aa1f-14337ae6f9d4","38","Banishing Betrayal","1U","Instant","Return target nonland permanent to its owner's hand. Surveil 1. (Look at the top card of your library. You may put it into your graveyard.)","normal","","","U","legal","49"
"SOS-common","SOS","Secrets of Strixhaven","common","a4b04c5479d386efa463b8404c99a8b17ca6a27116c276861306aae82aeac78e","c59e0004-1d6a-42a1-8ce4-31da2af2e1bf","61","Muse's Encouragement","4U","Instant","Create a 3/3 blue and red Elemental creature token with flying.
Surveil 2. (Look at the top two cards of your library, then put any number of them into your graveyard and the rest on top of your library in any order.)","normal","","","U","legal","50"
"SOS-common","SOS","Secrets of Strixhaven","common","aa5da302c4c063b13fd8746d33f3a0a2d4c87a7d7bca35a6a65e90a9339cb124","2b7cb1a3-761e-470e-a164-6e29dd9448cd","136","Unsubtle Mockery","2R","Instant","Unsubtle Mockery deals 4 damage to target creature. Surveil 1. (Look at the top card of your library. You may put it into your graveyard.)","normal","","","R","legal","51"
"SOS-common","SOS","Secrets of Strixhaven","common","ab3a0ac2797149587b0da644cb04b5e886cff16d2ae315684da2b542043765d6","bf2efdd9-d2b4-4bea-a5b9-dbb2eee4dfba","247","Biblioplex Tomekeeper","4","Artifact Creature — Construct","When this creature enters, choose up to one —
• Target creature becomes prepared. (Only creatures with prepare spells can become prepared.)
• Target creature becomes unprepared.","normal","3","4","","legal","52"
"SOS-common","SOS","Secrets of Strixhaven","common","ac89f87ead0e7c60fd01f406f99f8158a67d25148c6034a35c315dba26d07398","2565e16a-ed31-4867-adb8-f1633d580397","2","Rancorous Archaic","5","Creature — Avatar","Reach, trample
Converge — This creature enters with a +1/+1 counter on it for each color of mana spent to cast it.","normal","2","2","","legal","53"
"SOS-common","SOS","Secrets of Strixhaven","common","ad340798077103285285cb0403bdf1f2f01ac5e91ee7a33bbd1f3e0597a55e68","4584d5f7-b1f1-4c8e-80c5-ad35e44a968e","216","Pursue the Past","RW","Sorcery","You gain 2 life. You may discard a card. If you do, draw two cards.
Flashback {2}{R}{W} (You may cast this card from your graveyard for its flashback cost. Then exile it.)","normal","","","WR","legal","54"
"SOS-common","SOS","Secrets of Strixhaven","common","af3a1b42269bbb5f8145b5b3469fc680b3521cfc17bc6c7ddfcad2cfed400f8d","2e3b16ed-8727-48fd-8b1f-c0cbd329385e","42","Deluge Virtuoso","2U","Creature — Human Wizard","When this creature enters, tap target creature an opponent controls and put a stun counter on it. (If a permanent with a stun counter would become untapped, remove one from it instead.)
Opus — Whenever you cast an instant or sorcery spell, this creature gets +1/+1 until end of turn. If five or more mana was spent to cast that spell, this creature gets +2/+2 until end of turn instead.","normal","2","2","U","legal","55"
"SOS-common","SOS","Secrets of Strixhaven","common","b1012e2a8790a4037da4c97c71edb411673ed5bc8cd84139792fd856e665771b","da5f3729-6ec7-4482-90cb-83b973edeae4","86","Last Gasp","1B","Instant","Target creature gets -3/-3 until end of turn.","normal","","","B","legal","56"
"SOS-common","SOS","Secrets of Strixhaven","common","b1c6ccec3f598e70f6efe26ecc5f36bace35836047ca6ea21b77ce9e894e7709","123f1fde-d8de-4640-baa1-bb3781713168","230","Spirit Mascot","RW","Creature — Spirit Ox","Whenever one or more cards leave your graveyard, put a +1/+1 counter on this creature.","normal","2","2","WR","legal","57"
"SOS-common","SOS","Secrets of Strixhaven","common","b3d5f84df48c7529f768855adcfbe984693efaf2a8c6af7e8f15b7fa0bfd93f7","4b4c120e-abe9-4f11-a7e4-bc3f723da4b2","101","Sneering Shadewriter","4B","Creature — Vampire Warlock","Flying
When this creature enters, each opponent loses 2 life and you gain 2 life.","normal","3","3","B","legal","58"
"SOS-common","SOS","Secrets of Strixhaven","common","b5ef3136d1d45c06e6cb771ea17559e2e3b14f853719521a21fffac88a45ef04","ecd33152-e290-4505-addd-a8d08cefdddd","215","Pterafractyl","XGU","Creature — Dinosaur Fractal","Flying
This creature enters with X +1/+1 counters on it.
When this creature enters, you gain 2 life.","normal","1","0","UG","legal","59"
"SOS-common","SOS","Secrets of Strixhaven","common","b7f306af7d12d07ebb9d6e123586a7054fba36af8c5d81cab2ec5b572559efb5","f63f7209-fc0f-400c-8076-125f3131cb32","243","Wilt in the Heat","2RW","Instant","This spell costs {2} less to cast if one or more cards left your graveyard this turn.
Wilt in the Heat deals 5 damage to target creature. If that creature would die this turn, exile it instead.","normal","","","WR","legal","60"
"SOS-common","SOS","Secrets of Strixhaven","common","b8ed9ca190f8c0583434dd125bf8492b6f47c559b3583e64028eca4a92fb4f3f","099f8400-d70a-48ef-8ff6-645eae97e072","54","Hydro-Channeler","1U","Creature — Merfolk Wizard","{T}: Add {U}. Spend this mana only to cast an instant or sorcery spell.
{1}, {T}: Add one mana of any color. Spend this mana only to cast an instant or sorcery spell.","normal","1","3","U","legal","61"
"SOS-common","SOS","Secrets of Strixhaven","common","c026eb8b9d8877426736016d1b34471e4b06d6c07e433b6d3c6899576744a837","c2abfffb-bf36-44af-9a27-6e109e4d77dd","36","Stone Docent","1W","Creature — Spirit Chimera","{W}, Exile this card from your graveyard: You gain 2 life. Surveil 1. Activate only as a sorcery. (Look at the top card of your library. You may put it into your graveyard.)","normal","3","1","W","legal","62"
"SOS-common","SOS","Secrets of Strixhaven","common","c2901eadbb79700fc8ec5efef9f1280074e9c8c69570b4c2224c82920a0b0261","2c3a6eb8-ce0c-4dc8-9ed6-d2a9223eef53","154","Mindful Biomancer","1G","Creature — Dryad Druid","When this creature enters, you gain 1 life.
{2}{G}: This creature gets +2/+2 until end of turn. Activate only once each turn.","normal","2","2","G","legal","63"
"SOS-common","SOS","Secrets of Strixhaven","common","c56172716b45c78725459671148a4d3509342aea579f4550d89ac4ff30ab3cd6","d40cc7da-c731-418e-8547-7033d1939450","72","Adventurous Eater // Have a Bite","2B // B","Creature — Human Warlock // Sorcery","This creature enters prepared. (While it's prepared, you may cast a copy of its spell. Doing so unprepares it.)

---

Put a +1/+1 counter on target creature. You gain 1 life.","prepare","3","2","B","legal","64"
"SOS-common","SOS","Secrets of Strixhaven","common","ca581509c5e1a58b7faab02013c6b57e66d06155785d831a9b675fd2463aaca4","1de6c6cc-0c55-4997-8623-d7f796bd9ab8","256","Forum of Amity","","Land","This land enters tapped.
{T}: Add {W} or {B}.
{2}{W}{B}, {T}: Surveil 1. (Look at the top card of your library. You may put it into your graveyard.)","normal","","","","legal","65"
"SOS-common","SOS","Secrets of Strixhaven","common","d0eb28753091662cb84b4369d961038c701260bcf1565bdaee8194f5b9eab78a","dbc3447e-1329-4ea1-b4ca-b321b0ffec8f","258","Paradox Gardens","","Land","This land enters tapped.
{T}: Add {G} or {U}.
{2}{G}{U}, {T}: Surveil 1. (Look at the top card of your library. You may put it into your graveyard.)","normal","","","","legal","66"
"SOS-common","SOS","Secrets of Strixhaven","common","d19b502778d566821987ebfc28a5f12e5a93acae4b04b9b76075c10488682986","c25e1ae5-f17c-4eee-98f1-5681981af31c","103","Ulna Alley Shopkeep","2B","Creature — Goblin Warlock","Menace (This creature can't be blocked except by two or more creatures.)
Infusion — This creature gets +2/+0 as long as you gained life this turn.","normal","2","3","B","legal","67"
"SOS-common","SOS","Secrets of Strixhaven","common","d29642a861b4257f19b864403e41ea63d5330386c7517bf70061d5a5b808c01e","1ceb704a-97a8-49f9-b799-30f001404144","249","Mage Tower Referee","2","Artifact Creature — Construct","Whenever you cast a multicolored spell, put a +1/+1 counter on this creature.","normal","2","1","","legal","68"
"SOS-common","SOS","Secrets of Strixhaven","common","d74466d96fe3e2581444b08ef0eb38bfb25140381372de60083ce965c891e12a","1edb449d-620f-4e21-9d76-2c840635eb9d","64","Procrastinate","XU","Sorcery","Tap target creature. Put twice X stun counters on it. (If a permanent with a stun counter would become untapped, remove one from it instead.)","normal","","","U","legal","69"
"SOS-common","SOS","Secrets of Strixhaven","common","d8e43ee207ec83b3fa67710e4b60c96368fa24de93df37fba5d00b085040d0d5","3c34660c-25e3-4ff5-9b2b-5554ded2bcc3","76","Cheerful Osteomancer // Raise Dead","3B // B","Creature — Orc Warlock // Sorcery","This creature enters prepared. (While it's prepared, you may cast a copy of its spell. Doing so unprepares it.)

---

Return target creature card from your graveyard to your hand.","prepare","4","2","B","legal","70"
"SOS-common","SOS","Secrets of Strixhaven","common","e0a854382ca308bcb3b0c766ed1577cd26009f551220981f0f18e3ce114463e9","79a70863-860f-4a7b-9cb2-d3546b689d44","19","Honorbound Page // Forum's Favor","3W // W","Creature — Cat Cleric // Sorcery","First strike
This creature enters prepared. (While it's prepared, you may cast a copy of its spell. Doing so unprepares it.)

---

Target creature gets +1/+0 and gains flying until end of turn.","prepare","3","3","W","legal","71"
"SOS-common","SOS","Secrets of Strixhaven","common","e1873eeb6d19df4bb3068ff0cfcf3467e62cbe379bdbf03eca99ba0742392ef7","97b50521-5a0f-4dbd-8e15-f0f0d059c258","28","Rapier Wit","1W","Instant","Tap target creature. If it's your turn, put a stun counter on it. (If a permanent with a stun counter would become untapped, remove one from it instead.)
Draw a card.","normal","","","W","legal","72"
"SOS-common","SOS","Secrets of Strixhaven","common","e9c889a6fdc48e8543861a6fe831b533126724407ae1463d8d9b4fb88a3f4c12","72a3b17d-1e00-48e9-8402-c81bacd595a7","135","Tome Blast","1R","Sorcery","Tome Blast deals 2 damage to any target.
Flashback {4}{R} (You may cast this card from your graveyard for its flashback cost. Then exile it.)","normal","","","R","legal","73"
"SOS-common","SOS","Secrets of Strixhaven","common","ef745e87fbd4cf3b92eff45599011fc935811de1b08cdaeaf43b20ef8af894c9","a689289e-7141-4950-8a87-82e9bd6846fe","232","Stadium Tidalmage","2UR","Creature — Djinn Sorcerer","Whenever this creature enters or attacks, you may draw a card. If you do, discard a card.","normal","4","4","UR","legal","74"
"SOS-common","SOS","Secrets of Strixhaven","common","efbdaa85042033aeaf77e4213cba897ea0fa0812b827de460d868b6c896a68fb","cc44eaa4-59a4-419e-b1d1-d92f354ff588","68","Spellbook Seeker // Careful Study","3U // U","Creature — Bird Wizard // Sorcery","Flying
This creature enters prepared. (While it's prepared, you may cast a copy of its spell. Doing so unprepares it.)

---

Draw two cards, then discard two cards.","prepare","3","3","U","legal","75"
"SOS-common","SOS","Secrets of Strixhaven","common","f2ecc918332acab6855337bcf24ea29a561d3cc0dde4210bf5cdb298283ab254","c85c5f06-dd31-4e2c-97be-2f64d65069ea","117","Goblin Glasswright // Craft with Pride","1R // R","Creature — Goblin Sorcerer // Sorcery","This creature enters prepared. (While it's prepared, you may cast a copy of its spell. Doing so unprepares it.)

---

Create a Treasure token. (It's an artifact with ""{T}, Sacrifice this token: Add one mana of any color."")","prepare","2","2","R","legal","76"
"SOS-common","SOS","Secrets of Strixhaven","common","f3b7687653913c8ce17aec98f41f886543048cb71b098f55a1cf7ca5c740e236","8de79312-2046-425e-9919-49afe19be81b","131","Strife Scholar // Awaken the Ages","2R // 5R","Creature — Orc Sorcerer // Sorcery","Ward—Pay 2 life.
This creature enters prepared. (While it's prepared, you may cast a copy of its spell. Doing so unprepares it.)

---

Create two 2/2 red and white Spirit creature tokens.","prepare","3","2","R","legal","77"
"SOS-common","SOS","Secrets of Strixhaven","common","fad9cfbf623c1e56608608b321c8a5fb118f0d741594297cd1efd8dd369807de","3e4f9d23-1a17-4188-ac91-f8ddea46a1c4","75","Burrog Banemaker","B","Creature — Frog Warlock","Deathtouch
{1}{B}: This creature gets +1/+1 until end of turn.","normal","1","1","B","legal","78"
"SOS-common","SOS","Secrets of Strixhaven","common","fb0c1e9cb151aaddcd54b4e9667a9deade3a765cdefeebb9617371e99c63b6cb","9a4c5629-fadd-42b9-850f-9f8586a2ca50","265","Terramorphic Expanse","","Land","{T}, Sacrifice this land: Search your library for a basic land card, put it onto the battlefield tapped, then shuffle.","normal","","","","legal","79"
"SOS-common","SOS","Secrets of Strixhaven","common","fb29cc52466be2a605e6971abddb89f4a5455286b1a13b4eaf7cbf93f1fbe6aa","0863a19d-4511-4a78-98dd-d194afd1c39b","156","Oracle's Restoration","G","Sorcery","Target creature you control gets +1/+1 until end of turn. You draw a card and gain 1 life.","normal","","","G","legal","80"
"SOS-common","SOS","Secrets of Strixhaven","common","fba3c6fc1eb9de04ef92b675e82b370322dd584fd5c8474f638bc2cde4fc22ae","0534cff6-299c-4155-b318-eb7581989e8a","22","Interjection","W","Instant","Target creature gets +2/+2 and gains first strike until end of turn.","normal","","","W","legal","81"
"SOS-common","SOS","Secrets of Strixhaven","common","fd224304da9e85a88bc55eb1b1ba433c19462d60a3236138992d1753a40f6208","c507eb1c-48e9-4d28-bb2d-71f2a9df9ab0","185","Elemental Mascot","1UR","Creature — Elemental Bird","Flying, vigilance
Opus — Whenever you cast an instant or sorcery spell, this creature gets +1/+0 until end of turn. If five or more mana was spent to cast that spell, exile the top card of your library. You may play that card until the end of your next turn.","normal","1","4","UR","legal","82"
"SOS-uncommon","SOS","Secrets of Strixhaven","uncommon","012f67fca6e3c0ef03864eba39a7090700533882524073d242ccc78ab4407acb","62a47835-5719-48c4-a740-a0c5f00dce11","27","Quill-Blade Laureate // Twofold Intent","1W","Creature — Human Cleric // Sorcery","Double strike
This creature enters prepared. (While it's prepared, you may cast a copy of its spell. Doing so unprepares it.)

---

Target creature gets +1/+0 and gains double strike until end of turn.","prepare","1","1","W","legal","1"
"SOS-uncommon","SOS","Secrets of Strixhaven","uncommon","028321d8bee207b41e03a9a3833a36ddac8f1c1133cf43719a3f8b7209894cf5","f2bf6b36-43e4-49d9-98b2-cbb4304c248b","147","Environmental Scientist","1G","Creature — Human Druid","When this creature enters, you may search your library for a basic land card, reveal it, put it into your hand, then shuffle.","normal","2","2","G","legal","2"
"SOS-uncommon","SOS","Secrets of Strixhaven","uncommon","034e9563bd26fe25764f9a5ca6453b316c12eab88e1ec1592e370374f0ff6e92","bce9d933-be58-4301-beb4-07b04d0b69f0","108","Artistic Process","3RR","Sorcery","Choose one —
• Artistic Process deals 6 damage to target creature.
• Artistic Process deals 2 damage to each creature you don't control.
• Create a 3/3 blue and red Elemental creature token with flying. It gains haste until end of turn.","normal","","","R","legal","3"
"SOS-uncommon","SOS","Secrets of Strixhaven","uncommon","0525b19882a963bbd429eb443aa25e1448a131f391d22feec409fb99ff130c5d","26295e25-f1bf-4665-ba00-dad35c49bbc2","43","Divergent Equation","XXU","Instant","Return up to X target instant and/or sorcery cards from your graveyard to your hand.
Exile Divergent Equation.","normal","","","U","legal","4"
"SOS-uncommon","SOS","Secrets of Strixhaven","uncommon","05a77d19eca68a65c3ffdbcb6ddd55f0c48ab1843537ca3d5d589425ebee486f","67504a12-7414-4209-bf1c-624b4db19d52","84","Forum Necroscribe","5B","Creature — Troll Warlock","Ward—Discard a card.
Repartee — Whenever you cast an instant or sorcery spell that targets a creature, return target creature card from your graveyard to the battlefield.","normal","5","4","B","legal","5"
"SOS-uncommon","SOS","Secrets of Strixhaven","uncommon","07928cb97d3a87c9ec34bc717e741dca66f52a3d8368f4a3276c12e8f4480dc0","2028792c-fd60-40d4-bff7-3b82dbe1ffb5","121","Living History","1R","Enchantment","When this enchantment enters, create a 2/2 red and white Spirit creature token.
Whenever you attack, if a card left your graveyard this turn, target attacking creature gets +2/+0 until end of turn.","normal","","","R","legal","6"
"SOS-uncommon","SOS","Secrets of Strixhaven","uncommon","0ab288536fa5412450778f111121627ed6506167e561d86e49ea2407188d4da7","6e4a1f82-b0b1-4608-91f8-130bee731435","53","Homesickness","4UU","Instant","Target player draws two cards. Tap up to two target creatures. Put a stun counter on each of them. (If a permanent with a stun counter would become untapped, remove one from it instead.)","normal","","","U","legal","7"
"SOS-uncommon","SOS","Secrets of Strixhaven","uncommon","0b37d102bb85dab13dbeff9f1507d75ba6c22137597b1b7f4504ddbebfa49e38","b127d543-0a90-4af6-9410-94d5cd30389e","213","Proctor's Gaze","2GU","Instant","Return up to one target nonland permanent to its owner's hand. Search your library for a basic land card, put it onto the battlefield tapped, then shuffle.","normal","","","UG","legal","8"
"SOS-uncommon","SOS","Secrets of Strixhaven","uncommon","0f808096303a40f5e9bd254467fe5f3e7f12e02e723e9996a1ff50ac23c9ec63","d7cb1af2-0302-46ff-8303-ae9d07541a01","208","Paradox Surveyor","G{G/U}U","Creature — Elf Druid","Reach
When this creature enters, look at the top five cards of your library. You may reveal a land card or a card with {X} in its mana cost from among them and put it into your hand. Put the rest on the bottom of your library in a random order.","normal","3","3","UG","legal","9"
"SOS-uncommon","SOS","Secrets of Strixhaven","uncommon","125bab6e96f97d2ad3c94c5982151f5356449b05c804be5191db95e8e8ba7d7b","911442e3-3003-4683-a766-e791e9553667","152","Infirmary Healer // Stream of Life","1G // XG","Creature — Cat Cleric // Sorcery","This creature enters prepared. (While it's prepared, you may cast a copy of its spell. Doing so unprepares it.)

---

Target player gains X life.","prepare","2","3","G","legal","10"
"SOS-uncommon","SOS","Secrets of Strixhaven","uncommon","128ff717efe99222bf7d009da5c5582aea546644a036bc63dcfb7c37e8fddb87","1675a445-86ae-413b-b95a-a1c254a7f252","193","Growth Curve","GU","Sorcery","Put a +1/+1 counter on target creature you control, then double the number of +1/+1 counters on that creature.","normal","","","UG","legal","11"
"SOS-uncommon","SOS","Secrets of Strixhaven","uncommon","13ac25c4d005bcf39989a325f2f796f6c695e51a150ed386139be02419edae14","47d6093b-b1b6-4956-8bfd-02cce899f832","49","Flow State","1U","Sorcery","Look at the top three cards of your library. Put one of them into your hand and the rest on the bottom of your library in any order. If there is an instant card and a sorcery card in your graveyard, instead put two of them into your hand and the rest on the bottom of your library in any order.","normal","","","U","legal","12"
"SOS-uncommon","SOS","Secrets of Strixhaven","uncommon","1d296e54ca2300d821d32b944c0cb1f227570eb3d2501ad5579e2e80653d1083","8f6c2a5e-fe13-407c-aadd-c9caf2884ff1","211","Prismari Charm","UR","Instant","Choose one —
• Surveil 2, then draw a card.
• Prismari Charm deals 1 damage to each of one or two targets.
• Return target nonland permanent to its owner's hand.","normal","","","UR","legal","13"
"SOS-uncommon","SOS","Secrets of Strixhaven","uncommon","1d6bd4ddf5dd64a3395092913b25be7b596f375fd6b5929bad9174e07ee8b668","ddbf1242-6832-475e-9a77-65dd9b4bb32a","79","Dissection Practice","B","Instant","Target opponent loses 1 life and you gain 1 life.
Up to one target creature gets +1/+1 until end of turn.
Up to one target creature gets -1/-1 until end of turn.","normal","","","B","legal","14"
"SOS-uncommon","SOS","Secrets of Strixhaven","uncommon","1e47ec866a5c5be6fdedc13baa9ac18d7caf92981daf3460b54c3f2cba87a9a6","318486e0-f255-40f5-8150-dc272eec9d7d","217","Quandrix Charm","GU","Instant","Choose one —
• Counter target spell unless its controller pays {2}.
• Destroy target enchantment.
• Target creature has base power and toughness 5/5 until end of turn.","normal","","","UG","legal","15"
"SOS-uncommon","SOS","Secrets of Strixhaven","uncommon","1ee2f2391d875f85144942eac8150d1accf9ceb898fdb9c7ddab6300aef5c569","bbd708ec-eef4-4f45-99dd-60e1cec4b991","69","Tester of the Tangential","1U","Creature — Djinn Wizard","Increment (Whenever you cast a spell, if the amount of mana you spent is greater than this creature's power or toughness, put a +1/+1 counter on this creature.)
At the beginning of combat on your turn, you may pay {X}. When you do, move X +1/+1 counters from this creature onto another target creature.","normal","1","1","U","legal","16"
"SOS-uncommon","SOS","Secrets of Strixhaven","uncommon","211f8840a5167fb3b0ce8f0284cc53a27e9301ae21e776f85bca96d2680b9e2b","6168b472-0930-4db5-9920-407340b99050","74","Arnyn, Deathbloom Botanist","2B","Legendary Creature — Vampire Druid","Deathtouch
Whenever a creature you control with power or toughness 1 or less dies, target opponent loses 2 life and you gain 2 life.","normal","2","2","B","legal","17"
"SOS-uncommon","SOS","Secrets of Strixhaven","uncommon","243ffbefeb812375079018d568c88475b3e9f7a04f44c49f3d52044bafd35838","151eab82-d20f-433b-b3bb-1d44e2871d5c","39","Brush Off","2UU","Instant","This spell costs {1}{U} less to cast if it targets an instant or sorcery spell.
Counter target spell.","normal","","","U","legal","18"
"SOS-uncommon","SOS","Secrets of Strixhaven","uncommon","2af40eefa7e5cac8bbaa396cdc5a598f0c8d8167ca3e80b0d628124014dab636","db1cea01-123e-4b23-8b98-f94cabce3912","16","Graduation Day","W","Enchantment","Repartee — Whenever you cast an instant or sorcery spell that targets a creature, put a +1/+1 counter on target creature you control.","normal","","","W","legal","19"
"SOS-uncommon","SOS","Secrets of Strixhaven","uncommon","2d6f158d0eef198f61894ded042bc8a26488e4ed620629bc24f5791d6b65b41c","c2faf4cf-c4b6-4721-ac06-0e045dd9704a","126","Pigment Wrangler // Striking Palette","4R // R","Creature — Orc Sorcerer // Sorcery","Flying
This creature enters prepared. (While it's prepared, you may cast a copy of its spell. Doing so unprepares it.)

---

When you next cast an instant or sorcery spell this turn, copy that spell. You may choose new targets for the copy.","prepare","4","4","R","legal","20"
"SOS-uncommon","SOS","Secrets of Strixhaven","uncommon","2df840a09228da1e8b71369d504da17f7c9f7b682baacd77060d94a234fa220e","3eb73579-f1c6-4762-81d2-9568ab501fac","225","Silverquill Charm","WB","Instant","Choose one —
• Put two +1/+1 counters on target creature.
• Exile target creature with power 2 or less.
• Each opponent loses 3 life and you gain 3 life.","normal","","","WB","legal","21"
"SOS-uncommon","SOS","Secrets of Strixhaven","uncommon","2eb978ad107533ac7790634abdbfffc19f1608b4d9e30ab3d05bed9c16d847a1","87741fbb-b426-4f83-a358-587b0907f081","252","Strixhaven Skycoach","3","Artifact — Vehicle","Flying
When this Vehicle enters, you may search your library for a basic land card, reveal it, put it into your hand, then shuffle.
Crew 2 (Tap any number of creatures you control with total power 2 or more: This Vehicle becomes an artifact creature until end of turn.)","normal","3","2","","legal","22"
"SOS-uncommon","SOS","Secrets of Strixhaven","uncommon","2fe3fd0776a44996a2fcdad71e23ac8df041da64f48ad597d3e6c527fa7ed247","5390a79c-bc4b-4edb-a845-0d3514986401","222","Root Manipulation","3BG","Sorcery","Until end of turn, creatures you control get +2/+2 and gain menace and ""Whenever this creature attacks, you gain 1 life."" (A creature with menace can't be blocked except by two or more creatures.)","normal","","","BG","legal","23"
"SOS-uncommon","SOS","Secrets of Strixhaven","uncommon","3a3108fce0f97932efaf00bc834320c818f63b7a0f78d6f90f8a7bbbd81ededb","13059664-a940-4a66-8100-0c90b884bab4","132","Tablet of Discovery","2R","Artifact","When this artifact enters, mill a card. You may play that card this turn. (To mill a card, put the top card of your library into your graveyard.)
{T}: Add {R}.
{T}: Add {R}{R}. Spend this mana only to cast instant and sorcery spells.","normal","","","R","legal","24"
"SOS-uncommon","SOS","Secrets of Strixhaven","uncommon","3af74bac73fa210e2ed5c4b6bf33558dad1533e315a81634ab8ae4c7ee4ef2d7","173157aa-712d-44f2-89ba-dd2511a07f26","223","Sanar, Unfinished Genius // Wild Idea","UR // 3UR","Legendary Creature — Goblin Sorcerer // Sorcery","Sanar enters prepared. (While it's prepared, you may cast a copy of its spell. Doing so unprepares it.)
{T}: Create a Treasure token. Activate only if you've cast an instant or sorcery spell this turn.

---

Search your library for an instant or sorcery card, reveal it, put it into your hand, then shuffle.","prepare","0","4","UR","legal","25"
"SOS-uncommon","SOS","Secrets of Strixhaven","uncommon","3b4ced7d211643534d3c5f5c5e2b0eaa9d349f4e266b10506b7c1fb9eea3488d","f9ba68ef-6efc-4249-8b74-e33f47173902","240","Vibrant Outburst","UR","Instant","Vibrant Outburst deals 3 damage to any target. Tap up to one target creature.","normal","","","UR","legal","26"
"SOS-uncommon","SOS","Secrets of Strixhaven","uncommon","3ec8b3a9156812091a3a51a3d49097725c93e804c4537603b7b08513226dbf58","e8abc1eb-6225-4b18-8502-b5324b818aed","17","Group Project","1W","Sorcery","Create a 2/2 red and white Spirit creature token.
Flashback—Tap three untapped creatures you control. (You may cast this card from your graveyard for its flashback cost. Then exile it.)","normal","","","W","legal","27"
"SOS-uncommon","SOS","Secrets of Strixhaven","uncommon","4318225fdf8371914bccbe777d0c30c5628a606b9f2965f26320905eecf377bd","c5e7c856-8b71-44e6-8998-0b0b3ff0ef99","153","Lumaret's Favor","1G","Instant","Infusion — When you cast this spell, copy it if you gained life this turn. You may choose new targets for the copy.
Target creature gets +2/+4 until end of turn.","normal","","","G","legal","28"
"SOS-uncommon","SOS","Secrets of Strixhaven","uncommon","4b22389d8689801c0756afce4251dbe6070a0821a372db8c1bc7693eb334fa4d","69757177-aefa-44a6-81db-5ae9b5d2f117","224","Scolding Administrator","WB","Creature — Dwarf Cleric","Menace (This creature can't be blocked except by two or more creatures.)
Repartee — Whenever you cast an instant or sorcery spell that targets a creature, put a +1/+1 counter on this creature.
When this creature dies, if it had counters on it, put those counters on up to one target creature.","normal","2","2","WB","legal","29"
"SOS-uncommon","SOS","Secrets of Strixhaven","uncommon","4b2423e3d7842a1be968184d2a94cd5ea8b14672dab64121145fe45f68b78195","eaa358ac-761d-4507-aa15-3d4684027207","238","Teacher's Pest","BG","Creature — Skeleton Pest","Menace (This creature can't be blocked except by two or more creatures.)
Whenever this creature attacks, you gain 1 life.
{B}{G}: Return this card from your graveyard to the battlefield tapped.","normal","1","1","BG","legal","30"
"SOS-uncommon","SOS","Secrets of Strixhaven","uncommon","4b98b093ead4bc2232bcafad8738d418cefe76c83c3bef8a7800db18c037a049","506f69aa-7dc4-4dd7-990a-7371fc1762c0","204","Molten Note","XRW","Sorcery","Molten Note deals damage to target creature equal to the amount of mana spent to cast this spell. Untap all creatures you control.
Flashback {6}{R}{W} (You may cast this card from your graveyard for its flashback cost. Then exile it.)","normal","","","WR","legal","31"
"SOS-uncommon","SOS","Secrets of Strixhaven","uncommon","4c8ec7305e0608e45c6aa196c8d4373a71a923c26604e701f54998d5c809e16b","590d1d95-ed13-4121-899f-f5a2d8a6617a","134","Thunderdrum Soloist","1R","Creature — Dwarf Bard","Reach
Opus — Whenever you cast an instant or sorcery spell, this creature deals 1 damage to each opponent. If five or more mana was spent to cast that spell, this creature deals 3 damage to each opponent instead.","normal","1","3","R","legal","32"
"SOS-uncommon","SOS","Secrets of Strixhaven","uncommon","4fb597cd300b5b9104ede5e69f80ae455f96f430da8e047753e6d5be98884d0e","fac8ac39-ecb4-4142-bf37-131c65660a9b","40","Campus Composer // Aqueous Aria","3U // 4U","Creature — Merfolk Bard // Sorcery","Ward {2}
This creature enters prepared. (While it's prepared, you may cast a copy of its spell. Doing so unprepares it.)

---

Create a 3/3 blue and red Elemental creature token with flying.","prepare","3","4","U","legal","33"
"SOS-uncommon","SOS","Secrets of Strixhaven","uncommon","4fb5ab8ec513f523a031bf575a30ce76b1ae227e8c4f3174e46dd89f7aaef82c","5fe70295-e550-4577-a341-dab6c25aabfd","200","Lorehold Charm","RW","Instant","Choose one —
• Each opponent sacrifices a nontoken artifact of their choice.
• Return target artifact or creature card with mana value 2 or less from your graveyard to the battlefield.
• Creatures you control get +1/+1 and gain trample until end of turn.","normal","","","WR","legal","34"
"SOS-uncommon","SOS","Secrets of Strixhaven","uncommon","556fe187bdffc65aee7b0eb83cab0a1c78e02312e87e2c81659e4558bf811292","010ed379-63f5-452c-9cd4-00d51647c0e3","62","Orysa, Tide Choreographer","4U","Legendary Creature — Merfolk Bard","This spell costs {3} less to cast if creatures you control have total toughness 10 or greater.
When Orysa enters, draw two cards.","normal","2","2","U","legal","35"
"SOS-uncommon","SOS","Secrets of Strixhaven","uncommon","566c796f688357760e59e52edccec571c70f27e8d3e9797b0fce9d40d890ad61","f11d2846-f181-4751-82ac-1e1ced6f46c7","116","Garrison Excavator","3R","Creature — Orc Sorcerer","Menace (This creature can't be blocked except by two or more creatures.)
Whenever one or more cards leave your graveyard, create a 2/2 red and white Spirit creature token.","normal","3","4","R","legal","36"
"SOS-uncommon","SOS","Secrets of Strixhaven","uncommon","5807bafe6fdb1f53441b82b4d295a7a484e6fb5ec3170209b9f2100c753ad813","40075e3f-58b3-47fd-8fbe-4b301e9ce7a1","210","Practiced Scrollsmith","R{R/W}W","Creature — Dwarf Cleric","First strike
When this creature enters, exile target noncreature, nonland card from your graveyard. Until the end of your next turn, you may cast that card.","normal","3","2","WR","legal","37"
"SOS-uncommon","SOS","Secrets of Strixhaven","uncommon","585c9d5e03e8e3319a539025e086c66abdce1ea7128ce3094d823fe476b66afc","6747657b-5ce4-4dbd-b924-ca1f7119faf7","261","Skycoach Waypoint","","Land","{T}: Add {C}.
{3}, {T}: Target creature becomes prepared. (Only creatures with prepare spells can become prepared.)","normal","","","","legal","38"
"SOS-uncommon","SOS","Secrets of Strixhaven","uncommon","5918e6c5837db7e71bbe4a09e6de7bd91a0e2a46e3498f4920277c9804ae9134","73d06987-8686-461b-b260-9a4fee6a3b32","227","Snooping Page","1WB","Creature — Human Cleric","Repartee — Whenever you cast an instant or sorcery spell that targets a creature, this creature can't be blocked this turn.
Whenever this creature deals combat damage to a player, you draw a card and lose 1 life.","normal","2","3","WB","legal","39"
"SOS-uncommon","SOS","Secrets of Strixhaven","uncommon","5eee2f6ed35e774de931670849a170ecf78fd184469196c19b0acf6cff51aac6","a82a4d8c-4105-4923-85a2-ef58241f725c","142","Chelonian Tackle","2G","Sorcery","Target creature you control gets +0/+10 until end of turn. Then it fights up to one target creature an opponent controls. (Each deals damage equal to its power to the other.)","normal","","","G","legal","40"
"SOS-uncommon","SOS","Secrets of Strixhaven","uncommon","6019e446426d52eaa33e65f92ac26340e402506d164d326f44aba15f90aaf005","0809b51a-6a05-4f18-9bf4-1b8382da648f","81","End of the Hunt","1B","Sorcery","Target opponent exiles a creature or planeswalker they control with the greatest mana value among creatures and planeswalkers they control.","normal","","","B","legal","41"
"SOS-uncommon","SOS","Secrets of Strixhaven","uncommon","61ba5b973822cfd6b0262745aaf093bdb0d4d99e2e31ae8ad4b44c05accac088","c715fe4c-c0e7-4342-811f-b74687851097","88","Leech Collector // Bloodletting","1B // B","Creature — Human Warlock // Sorcery","Whenever you gain life for the first time each turn, this creature becomes prepared. (While it's prepared, you may cast a copy of its spell. Doing so unprepares it.)

---

Each opponent loses 2 life.","prepare","2","2","B","legal","42"
"SOS-uncommon","SOS","Secrets of Strixhaven","uncommon","63aa320a12c1b317e3123a5a7e29555540a1a890f6214c7428cfec689aba02f2","c35b57e4-2358-46c0-8f09-cd27c10eaf2d","3","Sundering Archaic","6","Creature — Avatar","Converge — When this creature enters, exile target nonland permanent an opponent controls with mana value less than or equal to the number of colors of mana spent to cast this creature.
{2}: Put target card from a graveyard on the bottom of its owner's library.","normal","3","3","","legal","43"
"SOS-uncommon","SOS","Secrets of Strixhaven","uncommon","63c26b708a7a03574ae93283e2b8e1c3100a8f5306a28c112df9969855bb2e37","3ba971e7-0b7a-4750-896f-7cf063e66b2a","109","Blazing Firesinger // Seething Song","2R","Creature — Dwarf Bard // Instant","This creature enters prepared. (While it's prepared, you may cast a copy of its spell. Doing so unprepares it.)

---

Add {R}{R}{R}{R}{R}.","prepare","2","3","R","legal","44"
"SOS-uncommon","SOS","Secrets of Strixhaven","uncommon","65cea2cc869aef84d7bc5c893d15254e7fb64dd57c6fee7cfe58ef28ee6c876b","2a3cba55-3fae-4d45-ae03-4d662ec13718","187","Essenceknit Scholar","B{B/G}G","Creature — Dryad Warlock","When this creature enters, create a 1/1 black and green Pest creature token with ""Whenever this token attacks, you gain 1 life.""
At the beginning of your end step, if a creature died under your control this turn, draw a card.","normal","3","1","BG","legal","45"
"SOS-uncommon","SOS","Secrets of Strixhaven","uncommon","690312e5d81b6406f4d6bcceb8e5bd532efa19c0c1cbe5f56b91199000800a52","eb7e858a-9b85-49b2-a379-ee656b64935a","207","Old-Growth Educator","2BG","Creature — Treefolk Druid","Reach, vigilance
Infusion — When this creature enters, put two +1/+1 counters on it if you gained life this turn.","normal","4","4","BG","legal","46"
"SOS-uncommon","SOS","Secrets of Strixhaven","uncommon","6987c873cc4dcc0a9961e8c8abab96668913ce1e7e331a88040f7bf214cefe15","a0bcb638-c3c8-4973-9537-5c471f43f34f","199","Lluwen, Exchange Student // Pest Friend","2BG // {B/G}","Legendary Creature — Elf Druid // Sorcery","Lluwen enters prepared. (While it's prepared, you may cast a copy of its spell. Doing so unprepares it.)
Exile a creature card from your graveyard: Lluwen becomes prepared. Activate only as a sorcery.

---

Create a 1/1 black and green Pest creature token with ""Whenever this token attacks, you gain 1 life.""","prepare","3","4","BG","legal","47"
"SOS-uncommon","SOS","Secrets of Strixhaven","uncommon","6c8a0322d0fe7b3d9edf46e70f38398e9e652db0c5cb388000bfc02416b10ea2","e3c3b19b-01b6-4f5a-b428-513b778c5d89","51","Fractalize","XU","Instant","Until end of turn, target creature becomes a green and blue Fractal with base power and toughness each equal to X plus 1. (It loses all other colors and creature types.)","normal","","","U","legal","48"
"SOS-uncommon","SOS","Secrets of Strixhaven","uncommon","6d3a2b193dc12b51f8957f1e74310666ab2a8ee630c0566371828dbd2013c6be","797131cf-d80d-4050-bebd-2ce1d7fae5d0","138","Aberrant Manawurm","3G","Creature — Wurm","Trample
Whenever you cast an instant or sorcery spell, this creature gets +X/+0 until end of turn, where X is the amount of mana spent to cast that spell.","normal","2","5","G","legal","49"
"SOS-uncommon","SOS","Secrets of Strixhaven","uncommon","6e41abe649692cd3ca59fa427cb9dfaf0f1d1f86b6d38dd80e067f44d9e7acd2","fc4c7fa2-aebb-4636-9afd-f1010c923316","161","Snarl Song","5G","Sorcery","Converge — Create two 0/0 green and blue Fractal creature tokens. Put X +1/+1 counters on each of them and you gain X life, where X is the number of colors of mana spent to cast this spell.","normal","","","G","legal","50"
"SOS-uncommon","SOS","Secrets of Strixhaven","uncommon","75e5fd768e14178b342e6760536b814d7e648b691d6e58f788ee69edabfec026","9d5fdbda-ebbe-45d6-a668-5ddee057a063","203","Mind Roots","1BG","Sorcery","Target player discards two cards. Put up to one land card discarded this way onto the battlefield tapped under your control.","normal","","","BG","legal","51"
"SOS-uncommon","SOS","Secrets of Strixhaven","uncommon","78c9df53507081b2420cde2f402a7f7e0a6d635311919642e99880204ee433db","c0b85569-2cb3-4b64-b0fe-418195c4dab0","33","Spiritcall Enthusiast // Scrollboost","2W // 1W","Creature — Cat Cleric // Sorcery","Whenever one or more tokens you control enter, this creature becomes prepared. (While it's prepared, you may cast a copy of its spell. Doing so unprepares it.)

---

One or two target creatures each get +2/+2 until end of turn.","prepare","3","3","W","legal","52"
"SOS-uncommon","SOS","Secrets of Strixhaven","uncommon","7ea25b0f4df9b781a67173408ee386eb1383f44fd9578c3399ae32f207e77958","ea008094-d995-4740-9b39-c61049356c55","171","Abstract Paintmage","U{U/R}R","Creature — Djinn Sorcerer","At the beginning of your first main phase, add {U}{R}. Spend this mana only to cast instant and sorcery spells.","normal","2","2","UR","legal","53"
"SOS-uncommon","SOS","Secrets of Strixhaven","uncommon","8157ed3650c79aae67d7c8d8a67304033c2353baf2dc445698541b3da0f247af","39a816b4-39b8-421c-b828-68db901d34b7","119","Impractical Joke","R","Sorcery","Damage can't be prevented this turn. Impractical Joke deals 3 damage to up to one target creature or planeswalker.","normal","","","R","legal","54"
"SOS-uncommon","SOS","Secrets of Strixhaven","uncommon","81e721dbfe4972ce38bec9c4ccafdde18713924c58e65be12740b58a34c6bca0","77285d12-e658-4eb3-ba13-ff202afab9c8","170","Abigale, Poet Laureate // Heroic Stanza","1WB // 1{W/B}","Legendary Creature — Bird Bard // Sorcery","Flying
Whenever you cast a creature spell, Abigale becomes prepared. (While it's prepared, you may cast a copy of its spell. Doing so unprepares it.)

---

Put a +1/+1 counter on target creature.","prepare","2","3","WB","legal","55"
"SOS-uncommon","SOS","Secrets of Strixhaven","uncommon","85e8d86a26789fe1a7820cf389b822e62f8724ca2722fb5dc42b36db6dc7d696","a6597852-4267-4ea6-a391-f927e4833be2","169","Zimone's Experiment","3G","Sorcery","Look at the top five cards of your library. You may reveal up to two creature and/or land cards from among them, then put the rest on the bottom of your library in a random order. Put all land cards revealed this way onto the battlefield tapped and put all creature cards revealed this way into your hand.","normal","","","G","legal","56"
"SOS-uncommon","SOS","Secrets of Strixhaven","uncommon","8aca8a70005c48151f06d99a1cc114817202c19ea638db88c184cddbca5d2c16","d278f4c9-d20b-4a76-8c5c-4d3e985948b9","83","Foolish Fate","2B","Instant","Destroy target creature.
Infusion — If you gained life this turn, that creature's controller loses 3 life.","normal","","","B","legal","57"
"SOS-uncommon","SOS","Secrets of Strixhaven","uncommon","8b5d948315ffb94b21a79808689db27f200808a996c82065244a28f994a05ac9","03e664cd-c3a6-4263-b2d8-dd99058fb8ec","98","Scathing Shadelock // Venomous Words","4B // B","Creature — Snake Warlock // Sorcery","At the beginning of your first main phase, this creature becomes prepared. (While it's prepared, you may cast a copy of its spell. Doing so unprepares it.)

---

Target creature you control gets +2/+0 and gains deathtouch until end of turn.","prepare","4","6","B","legal","58"
"SOS-uncommon","SOS","Secrets of Strixhaven","uncommon","8fff03319813027815d1e0bdf184bd30f20422e1795bdebb0e92745c78062ab2","21afe19d-881a-48cb-863e-22942bea5ebe","219","Rapturous Moment","4UR","Sorcery","Draw three cards, then discard two cards. Add {U}{U}{R}{R}{R}.","normal","","","UR","legal","59"
"SOS-uncommon","SOS","Secrets of Strixhaven","uncommon","92f48b95aaf57ccfd005b4210aa65045d1dcb3f32b47c5e62860475da367e646","3654416d-8558-4af2-9e10-18dbc8f2b376","146","Emil, Vastlands Roamer","2G","Legendary Creature — Elf Druid","Creatures you control with +1/+1 counters on them have trample.
{4}{G}, {T}: Create a 0/0 green and blue Fractal creature token. Put X +1/+1 counters on it, where X is the number of differently named lands you control.","normal","3","3","G","legal","60"
"SOS-uncommon","SOS","Secrets of Strixhaven","uncommon","97502b938058896ea855245c13efb69daa7546d6e8ccdc55809ff7d67a20bddf","949ad3ff-9e80-493c-a3ae-146b919bfcd7","124","Mica, Reader of Ruins","3R","Legendary Creature — Human Artificer","Ward—Pay 3 life. (Whenever this creature becomes the target of a spell or ability an opponent controls, counter it unless that player pays 3 life.)
Whenever you cast an instant or sorcery spell, you may sacrifice an artifact. If you do, copy that spell and you may choose new targets for the copy.","normal","4","4","R","legal","61"
"SOS-uncommon","SOS","Secrets of Strixhaven","uncommon","97703262868ce69af5a051efe27bdb72b178b018afe00377a244cd49d28d5111","1624c680-502b-474a-b9b2-888fe3ca008c","5","Transcendent Archaic","7","Creature — Avatar","Vigilance
Converge — When this creature enters, you may draw X cards, where X is the number of colors of mana spent to cast this spell. If you draw one or more cards this way, discard two cards.","normal","6","6","","legal","62"
"SOS-uncommon","SOS","Secrets of Strixhaven","uncommon","97fab66265ee0d21151bdde9f55898220d935dffee6eece2be32049a0b781d83","8f3a1675-0cc7-4dfd-a12e-4740a2cf81e8","112","Duel Tactics","R","Sorcery","Duel Tactics deals 1 damage to target creature. It can't block this turn.
Flashback {1}{R} (You may cast this card from your graveyard for its flashback cost. Then exile it.)","normal","","","R","legal","63"
"SOS-uncommon","SOS","Secrets of Strixhaven","uncommon","9965f58c858b6c24689f812bbf8307b18c2cd866ff2e58c8de8e748cc0a07d1a","44d0277c-ca82-4334-a15a-cd67a9db0d02","37","Summoned Dromedary","3W","Creature — Spirit Camel","Vigilance
{1}{W}: Return this card from your graveyard to your hand. Activate only as a sorcery.","normal","4","3","W","legal","64"
"SOS-uncommon","SOS","Secrets of Strixhaven","uncommon","99bb4599309a3b5d11ef2dc0f6278df9643118153a092c5ab5195d40ca14f815","f6cb838e-a06a-46ae-a30f-e5192178c1cc","164","Thornfist Striker","2G","Creature — Elf Druid","Ward {1} (Whenever this creature becomes the target of a spell or ability an opponent controls, counter it unless that player pays {1}.)
Infusion — Creatures you control get +1/+0 and have trample as long as you gained life this turn.","normal","3","3","G","legal","65"
"SOS-uncommon","SOS","Secrets of Strixhaven","uncommon","9b6b39182fac35d8fbd524699edba29afffb1bf0f2f0ae76c68d6ad4f6667736","6384d135-7780-4d75-9e95-71bce506948e","183","Cuboid Colony","GU","Creature — Insect","Flash
Flying, trample
Increment (Whenever you cast a spell, if the amount of mana you spent is greater than this creature's power or toughness, put a +1/+1 counter on this creature.)","normal","1","1","UG","legal","66"
"SOS-uncommon","SOS","Secrets of Strixhaven","uncommon","a021714256f518897a639a802451de2567c6cceb0a6133295c535876484b82ea","55ff776a-fc3b-4338-8864-d57a85b3f123","197","Killian's Confidence","WB","Sorcery","Target creature gets +1/+1 until end of turn. Draw a card.
Whenever one or more creatures you control deal combat damage to a player, you may pay {W/B}. If you do, return this card from your graveyard to your hand.","normal","","","WB","legal","67"
"SOS-uncommon","SOS","Secrets of Strixhaven","uncommon","a06f2c6c1b14a4f317fab44b910c015ce42519c4696797f0427c6df07b606cee","f5e67560-3135-4b27-a344-5859edf8bcd9","96","Rabid Attack","1B","Instant","Until end of turn, any number of target creatures you control each get +1/+0 and gain ""When this creature dies, draw a card.""","normal","","","B","legal","68"
"SOS-uncommon","SOS","Secrets of Strixhaven","uncommon","a450e35c2a3638800bccefbd0643980027d145184d7e14aabccb0bc72be145c9","ad07091e-8c24-43af-8ce8-031847bcaf30","87","Lecturing Scornmage","B","Creature — Human Warlock","Repartee — Whenever you cast an instant or sorcery spell that targets a creature, put a +1/+1 counter on this creature.","normal","1","1","B","legal","69"
"SOS-uncommon","SOS","Secrets of Strixhaven","uncommon","aa248fd9753c8348e53ec4252635d7e01b3f00d4112d7795b2a70343cf15fe90","ee84b04d-78fc-416f-9166-72e5417c3e17","234","Stirring Honormancer","2W{W/B}B","Creature — Rhino Bard","When this creature enters, look at the top X cards of your library, where X is the number of creatures you control. Put one of those cards into your hand and the rest into your graveyard.","normal","4","5","WB","legal","70"
"SOS-uncommon","SOS","Secrets of Strixhaven","uncommon","aa96a08011d6d6edc0e0b3c3b5215cc674280e96b25c6d40c787d954968c5299","254437f7-7a8a-4b11-9cea-e8e7ea23c59e","244","Witherbloom Charm","BG","Instant","Choose one —
• You may sacrifice a permanent. If you do, draw two cards.
• You gain 5 life.
• Destroy target nonland permanent with mana value 2 or less.","normal","","","BG","legal","71"
"SOS-uncommon","SOS","Secrets of Strixhaven","uncommon","ad6e69951a180519fcdabbab5df07ed80afd023ff6ceb5f73e194d19241dbe13","c1251ae6-2f19-4f84-ab02-6a6cc7ce6056","157","Pestbrood Sloth","3G","Creature — Plant Sloth","Reach
When this creature dies, create two 1/1 black and green Pest creature tokens with ""Whenever this token attacks, you gain 1 life.""","normal","4","4","G","legal","72"
"SOS-uncommon","SOS","Secrets of Strixhaven","uncommon","b12e95a005da378c737ab95fe37d84e5b05ee24fab4b28c080ef3cdc8d8bcff2","f143fd41-58c3-45a0-bef8-e9e4b4a502a5","233","Startled Relic Sloth","2RW","Creature — Sloth Beast","Trample, lifelink
At the beginning of combat on your turn, exile up to one target card from a graveyard.","normal","4","4","WR","legal","73"
"SOS-uncommon","SOS","Secrets of Strixhaven","uncommon","b55df793a260868835bc2088d0c641b834ddea0f3af54775313192d72ac886a7","7120e71b-2976-451b-89a7-a1665dc6fb6b","237","Tam, Observant Sequencer // Deep Sight","2GU // GU","Legendary Creature — Gorgon Wizard // Sorcery","Landfall — Whenever a land you control enters, Tam becomes prepared. (While it's prepared, you may cast a copy of its spell. Doing so unprepares it.)

---

You draw a card and gain 1 life.","prepare","4","3","UG","legal","74"
"SOS-uncommon","SOS","Secrets of Strixhaven","uncommon","b9004f693b6d304910a7ea143db34db2f7bf47e6b17ea693d87c894204850385","a04b6900-0436-4920-a0d4-c0186d605ae3","228","Social Snub","1WB","Sorcery","When you cast this spell while you control a creature, you may copy this spell.
Each player sacrifices a creature of their choice. Each opponent loses 1 life and you gain 1 life.","normal","","","WB","legal","75"
"SOS-uncommon","SOS","Secrets of Strixhaven","uncommon","bbc3373f38e95b62a94227c2d09d44792f41ba35ed27c25db7a72eec789839c4","e2b16cb2-b8b2-45df-9695-3c16e9d89e28","9","Daydream","W","Sorcery","Exile target creature you control, then return that card to the battlefield under its owner's control with a +1/+1 counter on it.
Flashback {2}{W} (You may cast this card from your graveyard for its flashback cost. Then exile it.)","normal","","","W","legal","76"
"SOS-uncommon","SOS","Secrets of Strixhaven","uncommon","bf1ae3be6017b4ed5241f59c713a79e7e8104506d44fd74913b7cbd66495a16f","e07a8fc7-c11c-4469-a31d-0abf40e57bbf","18","Harsh Annotation","1W","Instant","Destroy target creature. Its controller creates a 1/1 white and black Inkling creature token with flying.","normal","","","W","legal","77"
"SOS-uncommon","SOS","Secrets of Strixhaven","uncommon","c90e56e120ea18bd15af475fb784dba242b980f1887c42d65104d25168c74c3e","ee1e0a96-af80-444e-a456-5b256cf60625","248","Diary of Dreams","2","Artifact — Book","Whenever you cast an instant or sorcery spell, put a page counter on this artifact.
{5}, {T}: Draw a card. This ability costs {1} less to activate for each page counter on this artifact.","normal","","","","legal","78"
"SOS-uncommon","SOS","Secrets of Strixhaven","uncommon","cbf59b21aa21516072ff422a4907988e5cf352cc3d5a1b20e503adfb7ba2d27e","676ba521-66e4-42cf-a315-70d03cb7334e","198","Kirol, History Buff // Pack a Punch","RW // 1RW","Legendary Creature — Vampire Cleric // Sorcery","Whenever one or more cards leave your graveyard, Kirol becomes prepared. (While it's prepared, you may cast a copy of its spell. Doing so unprepares it.)

---

Mill a card. Put two +1/+1 counters on target creature. It gains trample until end of turn.","prepare","2","3","WR","legal","79"
"SOS-uncommon","SOS","Secrets of Strixhaven","uncommon","cea482f153c644a3aa2ccf26a483d7e7a92b72f031a875f2442db6b2bba08794","4f16a1c2-0a80-45e4-b025-3aa0c0b03812","165","Topiary Lecturer","2G","Creature — Elf Druid","Increment (Whenever you cast a spell, if the amount of mana you spent is greater than this creature's power or toughness, put a +1/+1 counter on this creature.)
{T}: Add an amount of {G} equal to this creature's power.","normal","1","2","G","legal","80"
"SOS-uncommon","SOS","Secrets of Strixhaven","uncommon","d07bb856c1706b5598a911b2acfd79b31abc0fd38e632cc16466b151a13320c0","d2ef31b4-24fa-4443-9f05-c8e99c3522e5","14","Ennis, Debate Moderator","1W","Legendary Creature — Human Cleric","When Ennis enters, exile up to one other target creature you control. Return that card to the battlefield under its owner's control at the beginning of the next end step.
At the beginning of your end step, if one or more cards were put into exile this turn, put a +1/+1 counter on Ennis.","normal","1","1","W","legal","81"
"SOS-uncommon","SOS","Secrets of Strixhaven","uncommon","d0a7c0d32a83f7cb59521a8c9c253796d6dfc6049f266fdad6d1e9051664618e","b756ca13-b904-4510-9bbb-5bc2864abfbd","34","Stand Up for Yourself","2W","Instant","Destroy target creature with power 3 or greater.","normal","","","W","legal","82"
"SOS-uncommon","SOS","Secrets of Strixhaven","uncommon","d10554078945837e5c000fa9ebc0e1cff42adda843ccc83c03dfd01151bc27da","f97fac69-3e77-4150-9702-cc726daa6d21","82","Eternal Student","3B","Creature — Zombie Warlock","{1}{B}, Exile this card from your graveyard: Create two 1/1 white and black Inkling creature tokens with flying.","normal","4","2","B","legal","83"
"SOS-uncommon","SOS","Secrets of Strixhaven","uncommon","d1212878cb7e73e75472b2814b34fdfe454c92a974e70b1af7369c717da9ef47","a3226e14-554d-47c9-b8b6-dfeb53cc41ba","178","Borrowed Knowledge","2RW","Sorcery","Choose one —
• Discard your hand, then draw cards equal to the number of cards in target opponent's hand.
• Discard your hand, then draw cards equal to the number of cards discarded this way.","normal","","","WR","legal","84"
"SOS-uncommon","SOS","Secrets of Strixhaven","uncommon","d42afcdaca80f6d0cadaf91779c595ba235c58c9b55d51329105c528aa206ebe","d357d997-9d4e-4ade-81f2-37629853f13a","73","Arcane Omens","4B","Sorcery","Converge — Target player discards X cards, where X is the number of colors of mana spent to cast this spell.","normal","","","B","legal","85"
"SOS-uncommon","SOS","Secrets of Strixhaven","uncommon","d5fd3555546b8539fa3d6dac74839fc731f43ef0393ebc6552ee250619f6f97b","e1975a61-aef0-49a6-a6d6-c3a37e2e2b22","50","Fractal Anomaly","U","Instant","Create a 0/0 green and blue Fractal creature token and put X +1/+1 counters on it, where X is the number of cards you've drawn this turn.","normal","","","U","legal","86"
"SOS-uncommon","SOS","Secrets of Strixhaven","uncommon","d976a8e2895cf95e481c2a9b0aa137d97703268a1b471238b65a4d4d0fa040b8","1ec40a1b-51e7-4a35-966c-ab2a10f21a80","235","Stress Dream","3UR","Instant","Stress Dream deals 5 damage to up to one target creature. Look at the top two cards of your library. Put one of those cards into your hand and the other on the bottom of your library.","normal","","","UR","legal","87"
"SOS-uncommon","SOS","Secrets of Strixhaven","uncommon","dbab8c724cd2b227327e89f1358c2269956680fcf832e877ec2ee1c63164fff3","ea7f5262-4ddb-410a-be72-4bac6af9b4ec","190","Fractal Tender","3GU","Creature — Elf Wizard","Ward {2}
Increment (Whenever you cast a spell, if the amount of mana you spent is greater than this creature's power or toughness, put a +1/+1 counter on this creature.)
At the beginning of each end step, if you put a counter on this creature this turn, create a 0/0 green and blue Fractal creature token and put three +1/+1 counters on it.","normal","3","3","UG","legal","88"
"SOS-uncommon","SOS","Secrets of Strixhaven","uncommon","dc826e730f7f21fc91556451b8476066b73da208cac61c1b7da3feed9a27506e","f6fdb814-45c6-4d14-afff-7f5bd1bd10a1","26","Primary Research","4W","Enchantment","When this enchantment enters, return target nonland permanent card with mana value 3 or less from your graveyard to the battlefield.
At the beginning of your end step, if a card left your graveyard this turn, draw a card.","normal","","","W","legal","89"
"SOS-uncommon","SOS","Secrets of Strixhaven","uncommon","de679a2e41d88ae086f125e79045e4dae83d0a832cc5841cf4df9684f8e01cc5","bfa7f0a4-6b65-4e53-ba00-848df260d8e3","181","Colossus of the Blood Age","4RW","Artifact Creature — Construct","When this creature enters, it deals 3 damage to each opponent and you gain 3 life.
When this creature dies, discard any number of cards, then draw that many cards plus one.","normal","6","6","WR","legal","90"
"SOS-uncommon","SOS","Secrets of Strixhaven","uncommon","dee2753f6081fdc11e04ba0fae87c01e2b035ee5942b327428a5469872d581ec","3755a2e9-af55-4625-a006-2a86c7893a96","92","Poisoner's Apprentice","2B","Creature — Orc Warlock","Infusion — When this creature enters, target creature an opponent controls gets -4/-4 until end of turn if you gained life this turn.","normal","2","2","B","legal","91"
"SOS-uncommon","SOS","Secrets of Strixhaven","uncommon","e6bc83f3c6004e0fab46499358dedd6277d96f713dddafb8918d9065b2bf8c5b","b44ec684-d558-45eb-bcd6-8119428634c2","139","Additive Evolution","3GG","Enchantment","When this enchantment enters, create a 0/0 green and blue Fractal creature token. Put three +1/+1 counters on it.
At the beginning of combat on your turn, put a +1/+1 counter on target creature you control. It gains vigilance until end of turn.","normal","","","G","legal","92"
"SOS-uncommon","SOS","Secrets of Strixhaven","uncommon","ee452809074c3b9f91c4a07fecb7ceef55cc03c3c2fc656846b03fe892b42a2d","460c6afd-cddf-4fea-925f-b27517ff250a","59","Matterbending Mage","2U","Creature — Human Wizard","When this creature enters, return up to one other target creature to its owner's hand.
Whenever you cast a spell with {X} in its mana cost, this creature can't be blocked this turn.","normal","2","2","U","legal","93"
"SOS-uncommon","SOS","Secrets of Strixhaven","uncommon","eeb7098c7df2830d101f196921918e789f9e582a411689e1ccc17083387e3366","c90366d5-b4ba-4772-a3c5-f138bbe7f305","229","Spectacular Skywhale","2UR","Creature — Elemental Whale","Flying
Opus — Whenever you cast an instant or sorcery spell, this creature gets +3/+0 until end of turn. If five or more mana was spent to cast that spell, put three +1/+1 counters on this creature instead.","normal","1","4","UR","legal","94"
"SOS-uncommon","SOS","Secrets of Strixhaven","uncommon","ef19b4452b56d25c6978e2233ea46a6c5cf4736837d2147b9aac7ff6c9e9a717","2fbe446b-60fd-43da-8358-985392293af8","32","Soaring Stoneglider","2W","Creature — Elephant Cleric","As an additional cost to cast this spell, exile two cards from your graveyard or pay {1}{W}.
Flying, vigilance","normal","4","3","W","legal","95"
"SOS-uncommon","SOS","Secrets of Strixhaven","uncommon","efb59263eb3344691ced72367277e184288a663deed4812440cfb9a73f390f1b","9940d992-1ba1-40ec-9b93-17d773452c4b","110","Charging Strifeknight","2R","Creature — Spirit Knight","Haste
{T}, Discard a card: Draw a card.","normal","3","3","R","legal","96"
"SOS-uncommon","SOS","Secrets of Strixhaven","uncommon","f34fe4759ec7f4dc6e1e2aafb8d3575db4f8255f9ec3e7b7ac9ff7c4e3b3970c","71cb4a6b-b500-4b28-bcdb-ec4188242f39","60","Muse Seeker","1U","Creature — Elf Wizard","Opus — Whenever you cast an instant or sorcery spell, draw a card. Then discard a card unless five or more mana was spent to cast that spell.","normal","1","2","U","legal","97"
"SOS-uncommon","SOS","Secrets of Strixhaven","uncommon","f69c11e0dcba53a2f7174860d2bdc9b2386d498f49e58afb8f9ed52a6732229c","bcfac992-9984-4529-b9ff-a42d58832b34","21","Inkshape Demonstrator","3W","Creature — Elephant Cleric","Ward {2} (Whenever this creature becomes the target of a spell or ability an opponent controls, counter it unless that player pays {2}.)
Repartee — Whenever you cast an instant or sorcery spell that targets a creature, this creature gets +1/+0 and gains lifelink until end of turn.","normal","3","4","W","legal","98"
"SOS-uncommon","SOS","Secrets of Strixhaven","uncommon","f97fe9f56c8c199cda0f8a9ae12d010467b4fe841b0e5945c7030ffc35138080","8d99f8b2-5c1c-4059-bf68-c6b2e9e5b275","107","Archaic's Agony","4R","Sorcery","Converge — Archaic's Agony deals X damage to target creature, where X is the number of colors of mana spent to cast this spell. Exile cards from the top of your library equal to the excess damage dealt to that creature this way. You may play those cards until the end of your next turn.","normal","","","R","legal","99"
"SOS-uncommon","SOS","Secrets of Strixhaven","uncommon","f9ab6153fc6e6b42fb3058feb4c1c85b1dad925fb7ebbf40a5c3a2d013885431","72654b84-9902-41db-92ab-a3499c31221c","46","Encouraging Aviator // Jump","2U // U","Creature — Bird Wizard // Instant","Flying
Whenever this creature attacks, it becomes prepared. (While it's prepared, you may cast a copy of its spell. Doing so unprepares it.)

---

Target creature gains flying until end of turn.","prepare","2","3","U","legal","100"
"MSH-common","MSH","Marvel Super Heroes","common","011d85dc4e0e9534e70d9fe7c315f9a71d1ea8f9fbe77b139b0bce517a642bd2","50a6aa80-79a3-46f3-9cc1-5bf663b64976","134","Hire a Crew","2R","Instant","Create a 2/1 black Villain creature token with menace, then creatures you control get +1/+0 until end of turn. (A creature with menace can't be blocked except by two or more creatures.)","normal","","","R","legal","1"
"MSH-common","MSH","Marvel Super Heroes","common","0146eeaf9c34cb9206dc116ad3e1ce16bf9dbd04578eb550e6dc432f2624cab6","5c21a120-4ec7-46ec-974a-2204edb92abb","109","Project Deathlok Soldier","B","Artifact Creature — Zombie Soldier","{2}{B}: Return this card from your graveyard to your hand.","normal","1","2","B","legal","2"
"MSH-common","MSH","Marvel Super Heroes","common","04e13c0983de85b41f25a95f6e0fb7d7efef78f89a309b780fe9e29af8ed631e","4b12dc1f-2218-4c71-aafa-ea6a26eeb0aa","40","Wakandan Drone Flock","3W","Artifact Creature — Robot","Flying
When this creature enters, scry 2. (Look at the top two cards of your library, then put any number of them on the bottom and the rest on top in any order.)","normal","3","3","W","legal","3"
"MSH-common","MSH","Marvel Super Heroes","common","05846e563ccda74c49cc3ba1127d8f4dab1184c362bdac687b96ee98d5435e43","98df64ca-39c3-47e6-8143-4106c8e9cf59","24","Murdock's Crusade","1W","Sorcery","Teamwork 4 (As an additional cost to cast this spell, you may tap any number of creatures you control with total power 4 or more.)
Choose one. If this spell was cast using teamwork, choose both instead.
• Street Justice — Exile target creature with toughness 4 or greater.
• Legal Justice — Exile target enchantment with mana value 4 or greater.","normal","","","W","legal","4"
"MSH-common","MSH","Marvel Super Heroes","common","071dfe6d964c503b8b05eee558838cca08f2f62b7302fbbe718dafc38befebf4","06d8a2a0-775b-4813-973f-8b15612b38d1","57","Hydraulic Helper","1U","Artifact Creature — Robot","Defender
{T}: Add {U}. This mana can't be spent to cast a nonartifact spell.","normal","2","3","U","legal","5"
"MSH-common","MSH","Marvel Super Heroes","common","07aadd0237b2b530a5c197cef93490c79d3ae5227d3032138d3cf79ec05b4f9a","c4bc077c-f220-47a5-aaf4-5324ca23d0c5","126","Crimson Operative","3R","Artifact Creature — Human Villain","Prowess (Whenever you cast a noncreature spell, this creature gets +1/+1 until end of turn.)
When this creature enters, exile the top card of your library. Until the end of your next turn, you may play that card.","normal","3","2","R","legal","6"
"MSH-common","MSH","Marvel Super Heroes","common","0922b96f3bc279730f294200a67123b8276a0425fc48a2e69c3ec7ab0539b1b1","da529bb3-725b-41aa-ac34-b4117ff5d95b","56","Giant-Sized Flying Ant","3U","Creature — Insect","Flash
Flying
When this creature enters, choose one —
• Tap target nonland permanent.
• Untap target nonland permanent.","normal","3","2","U","legal","7"
"MSH-common","MSH","Marvel Super Heroes","common","0f2d813dee51a6d869c6bb7e0944c4eed0db21dc9928fbbdbe97454dca8b54eb","bb753ac8-67e1-44b0-b404-37f04c2b7438","7","Borough Backup","4W","Sorcery","Create two 3/2 white Hero creature tokens with vigilance.
Basic landcycling {2} ({2}, Discard this card: Search your library for a basic land card, reveal it, put it into your hand, then shuffle.)","normal","","","W","legal","8"
"MSH-common","MSH","Marvel Super Heroes","common","1180992051d4c7c980f556b4fd06cd32e70a1a3fd099cecd870df8b55d4aaf98","ba5e441d-d036-4080-9571-6cf76df7b452","141","Kree Sentinel","4R","Artifact Creature — Kree Robot Villain","Reach
Basic landcycling {2} ({2}, Discard this card: Search your library for a basic land card, reveal it, put it into your hand, then shuffle.)","normal","5","5","R","legal","9"
"MSH-common","MSH","Marvel Super Heroes","common","128ea78111b00f300f67b72d430f65cfb64f59311daf163b016d211b037a9369","ab96b656-100e-491a-a8c9-94dbb9482c4d","44","A.I.M. Scientists","3U","Creature — Human Scientist Villain","When this creature enters, it connives. (Draw a card, then discard a card. If you discarded a nonland card, put a +1/+1 counter on this creature.)
Basic landcycling {2} ({2}, Discard this card: Search your library for a basic land card, reveal it, put it into your hand, then shuffle.)","normal","3","3","U","legal","10"
"MSH-common","MSH","Marvel Super Heroes","common","12ab0bab64c092c42e1eaad8fc4a27dec677302815fff99fb64aa5f1f449b387","e3b23fff-7d3b-4341-b556-82136f8c113b","137","HYDRA Assault Robot","1R","Artifact Creature — Robot Villain","Whenever another Villain and/or artifact you control enters, this creature deals 1 damage to target opponent.","normal","1","3","R","legal","11"
"MSH-common","MSH","Marvel Super Heroes","common","1a5f7ec2d822be563f49e41a0bd3e9fa37173b58b98e0784f082765075c22984","d7ebfe43-1772-4557-bad5-e170e8270d21","348","Take Up the Shield","1W","Instant","Put a +1/+1 counter on target creature. It gains lifelink and indestructible until end of turn. (Damage and effects that say ""destroy"" don't destroy it.)","normal","","","W","legal","12"
"MSH-common","MSH","Marvel Super Heroes","common","1af0300505c5ce2dcaff3fbce8872976cb4c2607a1cdd37b663b6a6fa2e54c32","6b8116d8-2cc6-449b-a8b4-8a5166553497","108","Ninja of the Hand","2B","Creature — Human Ninja Villain","Deathtouch
Power-up — {4}{B}: Each opponent discards a card. Put a +1/+1 counter on this creature. (Activate each power-up ability only once. Reduce the cost by its mana cost if it entered this turn.)","normal","2","2","B","legal","13"
"MSH-common","MSH","Marvel Super Heroes","common","1bf0b8aef11920d278ecd5f8b9f72fd944d64a3f3c390b69eb37f5a9dab0a273","de1ed886-c33b-4cfd-8442-944cec654a8b","162","Call Damage Control","1G","Sorcery","Choose up to two. Return those cards from your graveyard to your hand.
• Target artifact card.
• Target creature card.
• Target enchantment card.
• Target land card.","normal","","","G","legal","14"
"MSH-common","MSH","Marvel Super Heroes","common","1c5dd0a24da57f7a3a0f00f0ec18e2a461bd536fe5d26c98643d6afaeb1b16a6","1de583ce-e805-45f1-907f-198bc82fd3b5","271","Pym Technologies","","Land","This land enters tapped.
When this land enters, you gain 1 life.
{T}: Add {G} or {U}.","normal","","","","legal","15"
"MSH-common","MSH","Marvel Super Heroes","common","219d45eb4cef7af158b494f6965e49c8448672bd761f4002359762a096b840ac","5604cee1-a2ea-48ed-88f4-6878bd053fc8","158","Vision of Love","1R","Instant","You may sacrifice an artifact or discard a card. If you do, draw two cards.","normal","","","R","legal","16"
"MSH-common","MSH","Marvel Super Heroes","common","31bc9a745428d70bc1cec1eed54317e5f8502d90b1ca670f7d5247f0ac93fa46","d895d5a1-d382-438b-8551-e142bb5142af","92","Cruel Alliance","2B","Sorcery","Teamwork 2 (As an additional cost to cast this spell, you may tap any number of creatures you control with total power 2 or more.)
Exile target creature with mana value 3 or less. If this spell was cast using teamwork, instead exile target creature and you gain 3 life.","normal","","","B","legal","17"
"MSH-common","MSH","Marvel Super Heroes","common","39512e74bd5d550ccc88e113c0878f215cc13a75c78f8b1116573bf1f918d935","f9b9f9d6-b50c-4b29-80be-284ba773c70b","33","Raft Security Officer","1W","Creature — Human Soldier","{2}, {T}: Tap target creature. This ability costs {1} less to activate if it targets a creature with power 3 or less.","normal","1","3","W","legal","18"
"MSH-common","MSH","Marvel Super Heroes","common","3a13ecea18ff064764972624f7064551a7d315c59aa32bff49ee4a630cdfe979","149a0a3b-c470-414c-a7de-d773b8b4cc82","253","Ultron Drone","3","Artifact Creature — Robot Villain","Power-up — {6}: Put two +1/+1 counters on this creature and create a 2/2 colorless Robot Villain artifact creature token. (Activate each power-up ability only once. Reduce the cost by its mana cost if it entered this turn.)","normal","2","3","","legal","19"
"MSH-common","MSH","Marvel Super Heroes","common","3bb051f6f376fdfdc7834f81d878f1f1f1aa36ce3fee024896daa1ba6290585a","485be72b-d784-4886-bb3a-48cff8f781c6","132","Hawkeye's Bow","R","Artifact — Equipment","Equipped creature gets +1/+0 and has reach.
Whenever equipped creature becomes tapped, it deals 1 damage to each opponent.
Equip {1} ({1}: Attach to target creature you control. Equip only as a sorcery.)","normal","","","R","legal","20"
"MSH-common","MSH","Marvel Super Heroes","common","3d417b8d146e7b42ef08e6307c8cb4acbf3335401912e767c7abd1cbb5232a7b","64056edb-6de2-4694-b771-f35542c25771","102","Kingpin's Enforcers","2B","Creature — Human Villain","Lifelink
{2}{B}, Sacrifice an artifact or creature: Draw a card.","normal","2","3","B","legal","21"
"MSH-common","MSH","Marvel Super Heroes","common","3e4a2ea0bc2f1f98c865e20e9088fcd64cc6ffae65963377a24c9da1792a4add","709ffd07-706c-471f-b74d-4637afa11686","153","Stark Industries Executive","R","Creature — Human Advisor","{2}, {T}: Create a Treasure token. (It's an artifact with ""{T}, Sacrifice this token: Add one mana of any color."")","normal","1","2","R","legal","22"
"MSH-common","MSH","Marvel Super Heroes","common","40440fa45614920e31fcd5a6144d224312da7a86a23c02d74ac77e3724029741","d739e636-681e-4423-84e3-91efd02b2c94","181","Rapid Rescue","G","Instant","Mill two cards. You may put a permanent card from among the milled cards into your hand. You gain 2 life. (To mill two cards, put the top two cards of your library into your graveyard.)","normal","","","G","legal","23"
"MSH-common","MSH","Marvel Super Heroes","common","40512df9e7b4c83546e0a6b9daac589955acfbe9f2ca124fe1fc0dc2fdecf557","1319bf54-8705-4cc4-8d08-40f05fd09837","45","Atlantean Cavalry","2U","Creature — Merfolk Soldier","Vigilance
Whenever you draw your second card each turn, put a +1/+1 counter on this creature.","normal","3","2","U","legal","24"
"MSH-common","MSH","Marvel Super Heroes","common","40d8f178d0b8e6cdf18c9762583a8c13bf7fc9767228cd4acdc175923152eed9","108a0b92-2134-4776-a2f7-da92050f1b21","178","Pet Avengers","3G","Creature — Dragon Cat Dog Bird Frog Hero","Reach
Power-up — {6}{G}: Put a +1/+1 counter on this creature and create a 3/2 white Hero creature token with vigilance. (Activate each power-up ability only once. Reduce the cost by its mana cost if it entered this turn.)","normal","4","4","G","legal","25"
"MSH-common","MSH","Marvel Super Heroes","common","41d1ebc217ba0c6616bba0fdd1f78f572b962024f62c6e5bd15537df637e4096","d5f88c3d-b17b-46aa-a573-449350f95d46","258","Asgardian Citadel","","Land","This land enters tapped.
When this land enters, you gain 1 life.
{T}: Add {R} or {W}.","normal","","","","legal","26"
"MSH-common","MSH","Marvel Super Heroes","common","423762e90cdcac4fbfe03d73e98ec39c1c4f79b9ed43c56f588e113ca29ddf3d","3496d0d4-3fab-4ea4-8986-afe5a7155ec6","247","H.E.R.B.I.E. Scout Unit","4","Artifact Creature — Robot Scout","Flying
When this creature enters, draw a card, then you may put a land card from your hand onto the battlefield tapped.","normal","2","1","","legal","27"
"MSH-common","MSH","Marvel Super Heroes","common","45388ba9d6ea74768af7fea05789a49decd636e64756d3e0993ebcad181f5e60","1d24d200-63d4-44cf-8d3a-6c6ece5e16ff","189","Super Strength","4G","Enchantment — Aura","Enchant creature
Enchanted creature gets +4/+4 and has trample and ward {1}. (Whenever enchanted creature becomes the target of a spell or ability an opponent controls, counter it unless that player pays {1}.)","normal","","","G","legal","28"
"MSH-common","MSH","Marvel Super Heroes","common","48d5df66750aa643dd11f9276e085d25e23dea8db081bfe3dae23172aaa9343b","4b2fffb8-d538-4772-8fbc-9bec3b9c4d9c","14","Crowd of True Believers","W","Creature — Human Citizen","{T}: Target creature you control that's attacking alone gets +1/+0 until end of turn. You gain 1 life.","normal","1","2","W","legal","29"
"MSH-common","MSH","Marvel Super Heroes","common","4b16123e0069c1dcb0f3c65556808f37717e496c49e25e41d3903667903f8b95","038bf500-e23a-4d38-9312-db1909e20353","273","Subterranean Cavern","","Land","This land enters tapped.
When this land enters, you gain 1 life.
{T}: Add {B} or {G}.","normal","","","","legal","30"
"MSH-common","MSH","Marvel Super Heroes","common","5075f5458fe0c5796b103aa540d12ed246c23bbb9009aeadbce37ebc74c3ab6f","562bd376-3fba-4de0-b9fc-183004b03732","185","Savage Land Dinosaur","4GG","Creature — Dinosaur","Trample
Basic landcycling {2} ({2}, Discard this card: Search your library for a basic land card, reveal it, put it into your hand, then shuffle.)","normal","7","6","G","legal","31"
"MSH-common","MSH","Marvel Super Heroes","common","51c6ad50a28c37073baf743f48abbd14878fbcb59137a1bb22dc18f7b0ae9523","4122ae40-800d-4b6b-93c9-aa503c33f1a9","29","Panther Pounce","W","Instant","Target player investigates. Target creature gets +1/+0 and gains flying until end of turn. Untap it. (To investigate, create a Clue token. It's an artifact with ""{2}, Sacrifice this token: Draw a card."")","normal","","","W","legal","32"
"MSH-common","MSH","Marvel Super Heroes","common","54ab61cbf9276752d25965cb3e3bc71a6a77630ffcacfde9ae0a34681a6becbb","40bc4380-055d-4913-93cb-280c9c1d1a87","46","Atlantis Attacks","5UU","Sorcery","Teamwork 4 (As an additional cost to cast this spell, you may tap any number of creatures you control with total power 4 or more.)
Choose one. If this spell was cast using teamwork, choose both instead.
• Target player creates a 6/5 blue Leviathan creature token with hexproof.
• Return one or two target nonland permanents to their owners' hands.","normal","","","U","legal","33"
"MSH-common","MSH","Marvel Super Heroes","common","5951babea21b24df9f986e8fa7f6b89d737a44cef79ff3fe55aa12c37716d5de","e727ec1c-dc3b-4f1a-8a62-18549f118b89","43","Aerial Doombot","U","Artifact Creature — Robot Villain","Flying
Power-up — {5}{U}: Put three +1/+1 counters on this creature. (Activate each power-up ability only once. Reduce the cost by its mana cost if it entered this turn.)","normal","1","1","U","legal","34"
"MSH-common","MSH","Marvel Super Heroes","common","5dfe1cd12384770c2b12ee1b5698ba2e2f4dbc937e508635cbee803988188bd1","d9b5e156-0764-44e0-b0c7-de2561ea9e04","5","Agents of S.H.I.E.L.D.","2W","Creature — Human Spy Hero","Whenever a creature you control attacks alone, that creature gets +1/+1 until end of turn.","normal","2","4","W","legal","35"
"MSH-common","MSH","Marvel Super Heroes","common","5e4edfeca6351b3e1f1eba7e6b61cc660658fc87540dfbf1aa8656dbaf973a4c","2aa2e596-e5e0-4c60-8eea-14adda1cdaae","154","Super Speed","R","Enchantment — Aura","Flash
Enchant creature
When this Aura enters, enchanted creature gains first strike until end of turn.
Enchanted creature gets +1/+0 and has haste.","normal","","","R","legal","36"
"MSH-common","MSH","Marvel Super Heroes","common","5f8114c1c06191332a2bcc4558eb3e0dcbbbf25d29bf3fc27caefd0a7bbad3e4","f3003766-9383-44e0-8b51-35ccbed137ed","175","Knight of Wundagore","1G","Creature — Cat Knight Villain","Trample
Whenever you put a +1/+1 counter on another creature, put a +1/+1 counter on this creature. This ability triggers only once each turn.","normal","2","1","G","legal","37"
"MSH-common","MSH","Marvel Super Heroes","common","645897e3db6d4351085df4a25be0a9a923040e0182b3930b1c41a85d41dea978","88b13bc0-da54-4c3b-917c-7c8345a329f5","142","Lightning Strike","1R","Instant","Lightning Strike deals 3 damage to any target.","normal","","","R","legal","38"
"MSH-common","MSH","Marvel Super Heroes","common","64b7e9bc164c9be70419b6ac8eafd485d93b29ca3234194dda51749956a501d4","c2e446e1-e384-4d5f-8099-544f78c08510","100","HYDRA Infiltration","3B","Enchantment","When this enchantment enters, target opponent discards two cards.
Whenever a creature you control attacks alone, target opponent loses 1 life and you gain 1 life.","normal","","","B","legal","39"
"MSH-common","MSH","Marvel Super Heroes","common","6e1a09d4280c242b60fc7bba8a7d8ed7aad5df7725ab49d09712aa4e0600cc1c","6e518842-ce44-4af2-8f38-89869828294a","15","Helicarrier Strike","W","Instant","Teamwork 2 (As an additional cost to cast this spell, you may tap any number of creatures you control with total power 2 or more.)
Helicarrier Strike deals 2 damage to target attacking or blocking creature. If this spell was cast using teamwork, it deals 4 damage to that creature instead.","normal","","","W","legal","40"
"MSH-common","MSH","Marvel Super Heroes","common","6eebff5fdd71b7ad0aaf16d341ffebf93cd11eafd3ce2cf9df3ab4441ab4f281","f29dee50-ea7e-4a54-bc91-99928a8405e3","242","A.I.M. Synthoids","2","Artifact Creature — Robot Villain","When this creature enters, surveil 2. (Look at the top two cards of your library, then put any number of them into your graveyard and the rest on top of your library in any order.)","normal","1","3","","legal","41"
"MSH-common","MSH","Marvel Super Heroes","common","72d3eee3095bcfa9b5d80e445c27e76c01bd82fd570bcfa1a7fad336b53745e7","2123fcb5-8181-47ab-9a2d-7ede5b5118e8","270","Los Diablos Missile Base","","Land","This land enters tapped.
When this land enters, you gain 1 life.
{T}: Add {R} or {G}.","normal","","","","legal","42"
"MSH-common","MSH","Marvel Super Heroes","common","7333014c73b8dfb66561be8c8dc3187813a4bfc0727a38b086e784641c22634a","620376d0-dc0c-405f-8121-eb36d9b4f4c2","81","Trickster's Stratagem","3U","Sorcery","The owner of target creature an opponent controls puts it into their library second from the top or on the bottom. Then up to one target creature you control connives. (Draw a card, then discard a card. If you discarded a nonland card, put a +1/+1 counter on that creature.)","normal","","","U","legal","43"
"MSH-common","MSH","Marvel Super Heroes","common","734899b7223596a8357c3d521e3b73365bbe97598e40be746d18c5c8e702d8e8","374ffb3e-0753-4682-936a-ae6921ace475","135","HULK SMASH!","1R","Instant","Teamwork 4 (As an additional cost to cast this spell, you may tap any number of creatures you control with total power 4 or more.)
Choose one. If this spell was cast using teamwork, choose both instead.
• Destroy target noncreature artifact.
• Target creature you control deals damage equal to its power to target creature an opponent controls.","normal","","","R","legal","44"
"MSH-common","MSH","Marvel Super Heroes","common","73794a7eacbd5f25e563aac5b931cca357a2876e606f92eda2df27145d86cc42","e6e8359d-12be-49be-8cbe-6a3b8506a9e6","140","K'un-Lun Warrior","1R","Creature — Human Warrior Hero","When this creature enters, you may sacrifice an artifact or discard a card. If you do, draw a card.","normal","2","2","R","legal","45"
"MSH-common","MSH","Marvel Super Heroes","common","7b5a55844951a1f4623fa8005e35f437d0beadb474687553bd0ab7fe62c8c056","6137c34e-cc4c-4342-a8e4-cfa9c767c67b","268","Hell's Kitchen","","Land","This land enters tapped.
When this land enters, you gain 1 life.
{T}: Add {B} or {R}.","normal","","","","legal","46"
"MSH-common","MSH","Marvel Super Heroes","common","7e08dac90aa6339f282ab99f062d640b3a4212f3f8a1dfe60c52c035ce0e77e8","66550490-74e1-4bf1-8741-1266dfab3a03","113","Roxxon Brutes","4B","Creature — Human Berserker Villain","Menace (This creature can't be blocked except by two or more creatures.)
Whenever you draw your second card each turn, put a +1/+1 counter on target creature.
Basic landcycling {2} ({2}, Discard this card: Search your library for a basic land card, reveal it, put it into your hand, then shuffle.)","normal","4","4","B","legal","47"
"MSH-common","MSH","Marvel Super Heroes","common","7e0ebe1b98b0830ae6acf3e04ca347bbf9427a300c1e1fffca4129cb1b5cf712","8447c3d6-8c65-4d3c-81c4-609801602d06","125","Blazing Crescendo","1R","Instant","Target creature gets +3/+1 until end of turn.
Exile the top card of your library. Until the end of your next turn, you may play that card.","normal","","","R","legal","48"
"MSH-common","MSH","Marvel Super Heroes","common","81a5129b462b9409474d66dc9b76c30bb9026fa65301eed1846cf098b21f3003","9e0034dd-396e-46af-b931-0daa25da4406","99","Hour of Defeat","3B","Instant","Destroy target creature. Surveil 1. (Look at the top card of your library. You may put it into your graveyard.)","normal","","","B","legal","49"
"MSH-common","MSH","Marvel Super Heroes","common","845ceb4f8ed78e9308e5e5bda35bd200f6936b157208f6ad8f5f18e30b9b7501","dbe9102d-b92b-4c32-93f6-5b6dc0fa08e6","183","Restorative Technique","2G","Sorcery","Target player gains 2 life, then searches their library for a basic land card, puts it onto the battlefield tapped, then shuffles. Put a +1/+1 counter on up to one target creature.","normal","","","G","legal","50"
"MSH-common","MSH","Marvel Super Heroes","common","898fb0800450ce639c3ef3e5fc63152204a24fe9af149d32f83dee859561f0b5","41463827-46de-40c4-ac2b-1fdf6aa36f65","262","Birnin Zana Plaza","","Land","This land enters tapped.
When this land enters, you gain 1 life.
{T}: Add {G} or {W}.","normal","","","","legal","51"
"MSH-common","MSH","Marvel Super Heroes","common","8b04b519a0419ff931367c0981d7125ccbdddf9e6c093edc748dceeb0f4dda39","db4557ad-4141-4dae-870e-a587506f4914","114","Stolen Stark Tech","1B","Artifact — Equipment","Flash
When this Equipment enters, attach it to target creature you control. That creature gains indestructible until end of turn. (Damage and effects that say ""destroy"" don't destroy it.)
Equipped creature gets +1/+0.
Equip {1} ({1}: Attach to target creature you control. Equip only as a sorcery.)","normal","","","B","legal","52"
"MSH-common","MSH","Marvel Super Heroes","common","8c912bebbd1f943fba272825e353b644cedc361ecb184ddd9134db3ef4442ad1","9c401abb-5978-41c0-962b-0432f9433929","58","I Am Iron Man","2U","Instant","Until end of turn, target artifact or creature becomes an artifact creature with base power and toughness 4/4 and gains flying.
Draw a card.","normal","","","U","legal","53"
"MSH-common","MSH","Marvel Super Heroes","common","8e46b2a8e3e0101ffac5c2b151ab9071a07db412e549962439e2c8dcbd53f545","90b9a3c0-3fd6-403e-9d6c-201342fea0ad","194","Undercover Skrull","1G","Creature — Skrull Shapeshifter Villain","As long as there are two or more creature cards in your graveyard, this creature gets +2/+2 and is all creature types.
{T}: Add one mana of any color.","normal","1","1","G","legal","54"
"MSH-common","MSH","Marvel Super Heroes","common","8e8278a2156f394890dfd348d1505c64227612f3b1545d350e9bacd57e1e89a1","152a7b5b-2d95-45d3-8fd9-0ca1d5a79f8b","168","Go Nuts!","G","Sorcery","Teamwork 3 (As an additional cost to cast this spell, you may tap any number of creatures you control with total power 3 or more.)
Choose one. If this spell was cast using teamwork, choose both instead.
• Put a +1/+1 counter on target creature.
• Target creature you control fights target creature an opponent controls.","normal","","","G","legal","55"
"MSH-common","MSH","Marvel Super Heroes","common","8f8cd7db4b363b258067f44773ca248f56da6a54c7ee56602964a0b7514e8290","dbee18af-9ade-4251-81a1-f6e7ffbf480f","122","Widow's Bite","1B","Instant","Teamwork 3 (As an additional cost to cast this spell, you may tap any number of creatures you control with total power 3 or more.)
Choose one. If this spell was cast using teamwork, choose both instead.
• Target creature gains deathtouch until end of turn.
• Target creature gets -2/-2 until end of turn.","normal","","","B","legal","56"
"MSH-common","MSH","Marvel Super Heroes","common","9470fc8f593962b2ad5321064c78e86127b93ec55384ae9d2d64a605c04eaebd","c5d03ebb-1ce9-4a6b-b13e-a72f0b075ae8","259","Avengers Hangar","","Land","This land enters tapped.
When this land enters, you gain 1 life.
{T}: Add {W} or {U}.","normal","","","","legal","57"
"MSH-common","MSH","Marvel Super Heroes","common","94806de23bb7746c0abdc5050823533bf62530a2c93fd12dae5e778aa0856b5d","401f9ccf-f30c-4777-9a5b-4c340e724fff","19","Kree Commandos","2W","Creature — Kree Soldier Villain","Flying, vigilance
Prowess (Whenever you cast a noncreature spell, this creature gets +1/+1 until end of turn.)","normal","2","1","W","legal","58"
"MSH-common","MSH","Marvel Super Heroes","common","97e079d0d5288e3a79108c2e81e51287bcc3ccc51491c3b05cf93d05ed673e92","af6bc9d2-5783-489a-8963-af65f54f4f17","169","Guerrilla Gorilla","1G","Creature — Ape Soldier Hero","Reach
Sacrifice this creature: Destroy target noncreature artifact or noncreature enchantment. Activate only as a sorcery.","normal","2","2","G","legal","59"
"MSH-common","MSH","Marvel Super Heroes","common","a05fe442de1ed954ce2d1cfcb0713fd0d636090d2c731cc88cf7f044ef11ca41","fe3609d8-71a2-49d9-a3fa-25e0906a1a0e","272","Stark Industries","","Land","This land enters tapped.
When this land enters, you gain 1 life.
{T}: Add {U} or {R}.","normal","","","","legal","60"
"MSH-common","MSH","Marvel Super Heroes","common","a8b108621a2b565771931614f4166541bc291bfe9a5a3ea1dd80217151abd52b","4fe5952d-f50f-443a-b960-657fc4bc1965","254","Vibranium Energy Daggers","1","Artifact — Equipment","Indestructible (Effects that say ""destroy"" don't destroy this Equipment.)
Equipped creature gets +2/+2.
Equip {3} ({3}: Attach to target creature you control. Equip only as a sorcery.)","normal","","","","legal","61"
"MSH-common","MSH","Marvel Super Heroes","common","a96e3450f2dd3ac5e1d9e7ad3d886528ee6076856f6e3f3f3adb846b9a8cb2a0","13b70321-75bd-4d44-b9f6-5f062a5dda0f","82","We Say Thee Nay!","1U","Instant — Arcane","Teamwork 2 (As an additional cost to cast this spell, you may tap any number of creatures you control with total power 2 or more.)
Counter target spell unless its controller pays {2}. Counter that spell unless its controller pays {4} instead if this spell was cast using teamwork.","normal","","","U","legal","62"
"MSH-common","MSH","Marvel Super Heroes","common","ae9616e083229ebb3b06515ba1e0334b1dc54458d27618e2bbf9e0543ff22526","a990260b-39b7-4799-930a-bf9ac208d9ed","54","Frozen in Ice","2U","Enchantment — Aura","Enchant creature
When this Aura enters, tap enchanted creature.
Enchanted creature loses all abilities and can't become untapped.","normal","","","U","legal","63"
"MSH-common","MSH","Marvel Super Heroes","common","b4f0e1b8ef4cc44536d250643a64693095c8447e5e7755694d1dd2bb2e13e0d6","801f0417-b663-4e28-9a61-9570061654d7","179","Powerful Broker","2G","Creature — Human Villain","{T}: For each kind of counter on target permanent or player, give that permanent or player another counter of that kind. Activate only as a sorcery.","normal","3","3","G","legal","64"
"MSH-common","MSH","Marvel Super Heroes","common","b77b2ae2391ac764d4a1b8fc0d50fcdaf2a97b85a946699583b3204a15f74e8a","105a937b-289c-47b5-96a4-654c697bbb7d","16","Hero in Training","2W","Creature — Human Hero","When this creature enters, draw a card. If you control another Hero, you gain 2 life.","normal","2","2","W","legal","65"
"MSH-common","MSH","Marvel Super Heroes","common","b77fe2ad8ff50849c7661704a044d6dba44dd95222124fade9638580c5e46b02","7690e624-93c1-46f4-8f33-e28d881787d3","265","Fisk Tower","","Land","This land enters tapped.
When this land enters, you gain 1 life.
{T}: Add {W} or {B}.","normal","","","","legal","66"
"MSH-common","MSH","Marvel Super Heroes","common","c0f149fe1c711c64c807f918e963ad15e237acf1a7708571794bc16815116b29","72727c2a-08a9-47bc-a5eb-cda52e21684b","186","Serpent Specialist","G","Creature — Human Snake Villain","Deathtouch
Power-up — {3}{G}: Put two +1/+1 counters on this creature. (Activate each power-up ability only once. Reduce the cost by its mana cost if it entered this turn.)","normal","1","1","G","legal","67"
"MSH-common","MSH","Marvel Super Heroes","common","c1e8a4025d7f4345c7774a1a4120fbcf21c17076f8ffc2ce4c23a4c14c65b85b","a50feebf-c660-43f1-9fae-75294703b346","55","Futurist Forge","1U","Artifact","When this artifact enters, draw a card.
{3}{U}, Sacrifice this artifact: Draw two cards.","normal","","","U","legal","68"
"MSH-common","MSH","Marvel Super Heroes","common","c21ae2087165b180e18716b2c1f3abe78094f5f19b460e55887ed64bcc742028","c035c625-4de5-4c3b-9d07-aa1df8fc7b78","246","Dependable Quinjet","3","Artifact — Vehicle","Flying
{T}: Add one mana of any color.
Crew 4 (Tap any number of creatures you control with total power 4 or more: This Vehicle becomes an artifact creature until end of turn.)","normal","3","3","","legal","69"
"MSH-common","MSH","Marvel Super Heroes","common","cb9ef75ee1be6ac16034424cd65c0011290b7c8a7ff3c7734ac2fe9b7711a2ed","61a89566-06c1-404f-8217-e5276e2dc5a2","161","Ant-Man's Army","2G","Creature — Insect","When this creature enters, create a Food token or a Treasure token. (A Food token is an artifact with ""{2}, {T}, Sacrifice this token: You gain 3 life."" A Treasure token is an artifact with ""{T}, Sacrifice this token: Add one mana of any color."")","normal","3","2","G","legal","70"
"MSH-common","MSH","Marvel Super Heroes","common","ce789355b15059fc82727d9823800fdf6c0ebda459fa4d1e595f09300fdbda6b","9bf0b1e9-32b5-4591-8dd2-6b5f9768c72d","195","Wakandan Royal Guard","4G","Creature — Human Soldier Hero","Vigilance
When this creature enters, put a +1/+1 counter on target creature. If that creature is another Hero, put two +1/+1 counters on it instead.","normal","4","4","G","legal","71"
"MSH-common","MSH","Marvel Super Heroes","common","cf27c9fc9db202b6de4d37305c3c68bcbe984ad18beac2968cf65324138e9f4e","40c202f1-6e0d-42f4-a41e-e0be3362d585","101","HYDRA Troopers","2B","Creature — Human Soldier Villain","When this creature enters, create a tapped 2/1 black Villain creature token with menace if there are two or more creature cards in your graveyard. Otherwise, mill two cards. (Put the top two cards of your library into your graveyard.)","normal","3","2","B","legal","72"
"MSH-common","MSH","Marvel Super Heroes","common","d1b202e4e2eac06b3b08dd342be32320458b45e1341805b75d6b819484c81e99","d8719b74-48ef-4f68-b59a-949edd644ddc","94","Decoy Ploy","1B","Instant","Choose one or both —
• Return target Villain card from your graveyard to your hand.
• Return target Hero card from your graveyard to your hand.","normal","","","B","legal","73"
"MSH-common","MSH","Marvel Super Heroes","common","d2b2ac100f2e6f58d8df5725c3466c2eb465689fe388d351283f892160af2495","ca24cd9f-fd9f-4ea0-8b9c-ecf98db219a6","257","A.I.M. Labs","","Land","This land enters tapped.
When this land enters, you gain 1 life.
{T}: Add {U} or {B}.","normal","","","","legal","74"
"MSH-common","MSH","Marvel Super Heroes","common","d313d4984fe89c6f1e4dacdef325e0849b7acd9d2573df34de9f0c2b235bbc23","10644127-3da0-484e-9afc-de26d9c34390","48","Bold Biochemist","1U","Creature — Human Scientist","Power-up — {5}{U}: Put a +1/+1 counter on this creature and draw two cards. (Activate each power-up ability only once. Reduce the cost by its mana cost if it entered this turn.)","normal","1","3","U","legal","75"
"MSH-common","MSH","Marvel Super Heroes","common","d44dd1f09cdf05b7e8f78150e604907e235907c64ecd44ea50c4868c878ca14d","a9db550e-ed1f-4973-a7f5-ec2e6adb8e6b","3","Agent of Atlas","1W","Creature — Human Spy Hero","Prowess (Whenever you cast a noncreature spell, this creature gets +1/+1 until end of turn.)","normal","2","2","W","legal","76"
"MSH-common","MSH","Marvel Super Heroes","common","d5926697c8556cd962408da4d6460f1b6ddbc87fc9f44ed37b98522d932fbfdc","ce08f4bb-7da3-4199-8b90-fcdb29e84e98","119","Unliving Legionnaire","3B","Creature — Vampire Villain","Flying
Power-up — {5}{B}{B}: Return up to one target creature card from your graveyard to your hand. Put two +1/+1 counters on this creature. (Activate each power-up ability only once. Reduce the cost by its mana cost if it entered this turn.)","normal","3","2","B","legal","77"
"MSH-common","MSH","Marvel Super Heroes","common","d5a06f66a8d27c2e3c8c173d11cd737dd0957d099eb556c60b5439b9821fe957","837265b0-fc15-4d96-9d6b-fd1c78534262","150","Repulsor Blast","3R","Sorcery","Teamwork 2 (As an additional cost to cast this spell, you may tap any number of creatures you control with total power 2 or more.)
Repulsor Blast deals 5 damage to target creature. If this spell was cast using teamwork, it also deals 2 damage to that creature's controller.","normal","","","R","legal","78"
"MSH-common","MSH","Marvel Super Heroes","common","d667b25ecefdf4896c7ecb906ed87553fb7b50cc4f87f8b1295dbc56f02c1953","c3d0f02f-dfaf-47b6-8053-514417f4dfe2","73","S.H.I.E.L.D. Deployment Drone","2U","Artifact Creature — Robot","Flying
When this creature enters, create a 1/1 white Soldier creature token.","normal","2","2","U","legal","79"
"MSH-common","MSH","Marvel Super Heroes","common","dc281478c0982b18b6e88fcd6c8ade20ee726bfbd0f2ada9d6bada1ea4c707a5","4938e23f-b5da-493b-9904-af61a3733ba0","36","S.H.I.E.L.D. Spy Kit","W","Artifact — Equipment","Equipped creature gets +1/+1.
Whenever equipped creature attacks alone, untap it and scry 1. (Look at the top card of your library. You may put that card on the bottom.)
Equip {1} ({1}: Attach to target creature you control. Equip only as a sorcery.)","normal","","","W","legal","80"
"MSH-common","MSH","Marvel Super Heroes","common","de67b096bb6c3cb071189b9af9a63d826beef703cde3a03e9475350c4d5f1425","802e663e-9529-46da-8af4-eb9ca07971b1","144","Machinesmith Automaton","2R","Artifact Creature — Robot Villain","Trample
Whenever another artifact you control enters, put a +1/+1 counter on this creature.","normal","2","2","R","legal","81"
"MSH-common","MSH","Marvel Super Heroes","common","df2ae07bb0e08a84142cf40cc975ad6564f09d4712bcbf56380342f1cdd33421","857fef2e-df1f-4ec6-a262-f6fa52389cf9","85","Agents of HYDRA","1B","Creature — Human Spy Villain","When this creature dies, create a 2/1 black Villain creature token with menace. (It can't be blocked except by two or more creatures.)","normal","1","1","B","legal","82"
"MSH-common","MSH","Marvel Super Heroes","common","e0d3a6394c6926e557860adf5aa66ee91383c36aff672d95b14f91aa54a9fd11","8fb51fbb-ab7f-4484-a3c9-dc50cb6f2756","274","Surveillance Room","","Land","When this land enters, surveil 1. (Look at the top card of your library. You may put it into your graveyard.)
{T}: Add {C}.
{1}, {T}: Add one mana of any color.","normal","","","","legal","83"
"MSH-common","MSH","Marvel Super Heroes","common","e170c1ec8e8f7d4b91bfa19dc23e782d261424b2158fa3148e38ffc1cabef2a8","e87f3a26-c2e5-47c7-b19d-bc01cb794805","78","Super Suit","1U","Artifact — Equipment","Flash
When this Equipment enters, attach it to target creature you control. Untap that creature.
Equipped creature gets +1/+2.
Equip {2} ({2}: Attach to target creature you control. Equip only as a sorcery.)","normal","","","U","legal","84"
"MSH-common","MSH","Marvel Super Heroes","common","e6c15c28e4fadc764612a1239793feacdea731b2ce7353ec3cc47c63ba61acb8","36e9a6e9-1f9d-4860-97ee-f01e66f8eb4d","50","Depower","2U","Instant","This spell costs {2} less to cast if it targets an attacking creature.
Target creature gets -4/-0 until end of turn.
Draw a card.","normal","","","U","legal","85"
"MSH-common","MSH","Marvel Super Heroes","common","e7579e409d395bb159bf637c594c3e40501d63a795749ef71cd5c37aff528bb6","f8f1e4f9-7415-437f-b694-ecbdd76db114","120","Visions of Villainy","2B","Instant","This spell costs {1} less to cast if you control a Villain.
You draw two cards and lose 2 life.","normal","","","B","legal","86"
"MSH-common","MSH","Marvel Super Heroes","common","e78fbf49867f338e3231203f6854f494ed0420f8bc5706e304b6d41909c9853b","f52a5ba3-a618-4f52-9d33-ba85345eb627","110","Red Room Recruit","1B","Creature — Human Spy Villain","When this creature enters, it connives. (Draw a card, then discard a card. If you discarded a nonland card, put a +1/+1 counter on this creature.)","normal","1","2","B","legal","87"
"MSH-common","MSH","Marvel Super Heroes","common","e9e0e5cd68226bbd71da55d1519d2910ac962097067ed01b0d462f07677c40bd","2242b5c3-42ef-4be0-a61f-65c93e56fcab","8","Brave Brawler","1W","Creature — Human Warrior Hero","Lifelink
Power-up — {4}{W}: Put two +1/+1 counters on this creature. (Activate each power-up ability only once. Reduce the cost by its mana cost if it entered this turn.)","normal","2","1","W","legal","88"
"MSH-common","MSH","Marvel Super Heroes","common","f4849714fec2503ef7bd65d7a84053d16484e3f176d6d5bbbdcc245f212bc152","9a1b057b-229c-4f65-ba4e-12dd342238de","41","Web Up","2W","Enchantment","When this enchantment enters, exile target nonland permanent an opponent controls until this enchantment leaves the battlefield.","normal","","","W","legal","89"
"MSH-common","MSH","Marvel Super Heroes","common","ff4c7c7cd13dbadb373d460eba39816070f23f2b4abcef77a23ef851543a3a27","4f48ba40-9934-40fd-a251-e15a68e772d2","159","Volcanic Villain","2R","Creature — Elemental Villain","Haste
Power-up — {5}{R}: Put two +1/+1 counters on this creature. (Activate each power-up ability only once. Reduce the cost by its mana cost if it entered this turn.)","normal","3","2","R","legal","90"
"MSH-uncommon","MSH","Marvel Super Heroes","uncommon","0271f8fbfb540eb30a42e54d8a39a8c10a8694bd9cb1187d450404f82d90b09b","d610d9fe-f8ae-473f-9325-e2f28f7e8a69","171","Hercules, Prince of Power","2G","Legendary Creature — Demigod Warrior Hero","Power-up — {4}{G}: Put a +1/+1 counter on Hercules. He gains vigilance, indestructible, and haste until end of turn. (Activate each power-up ability only once. Reduce the cost by his mana cost if he entered this turn.)","normal","3","3","G","legal","1"
"MSH-uncommon","MSH","Marvel Super Heroes","uncommon","0499b2e3526dfa48e5b373f4a8823bd7e08bba87737c64ba1daeb57fd204554d","310e30cd-b8c3-40ea-9d61-57c5c5fc2a0b","128","Evil's Thrall","2R","Sorcery","Gain control of target creature until end of turn. If you control a Villain with greater mana value than that creature, gain control of that creature until the end of your next turn instead. Untap that creature. It gains haste until end of turn.","normal","","","R","legal","2"
"MSH-uncommon","MSH","Marvel Super Heroes","uncommon","08a1638954b2afe47a4f7c48383f72cf154f4fc493e60221a7eae13fedfed09b","9e327c67-1cf1-4d82-903c-b41c8e7cf747","2","Agent Maria Hill","W","Legendary Creature — Human Spy Hero","Whenever Agent Maria Hill becomes tapped to pay a teamwork cost, put a +1/+1 counter on her and draw a card.","normal","2","1","W","legal","3"
"MSH-uncommon","MSH","Marvel Super Heroes","uncommon","0b2ef9781ba46ba6b4a094307b1164ccf2d9dd551c9091296433d4dd8d4acaa5","2c89acf5-20f0-4441-b96f-2c5cacd685fb","27","Okoye, Dora Milaje Leader","3W","Legendary Creature — Human Warrior Hero","When Okoye enters, create two 1/1 white Soldier creature tokens.
Attacking creature tokens you control have first strike.","normal","3","2","W","legal","4"
"MSH-uncommon","MSH","Marvel Super Heroes","uncommon","0c66e0fe484498b4349ba6f92abd0da7c84d24a4e737f6e499677f474e406935","c1589e2e-32a8-48b8-93eb-a9af344e7084","196","White Tiger, Ava Ayala","1G","Legendary Creature — Human Hero","Power-up — {5}{G}: Put a +1/+1 counter on White Tiger and create The Tiger God, a legendary 4/4 green Cat God creature token with ""The Tiger God can't be blocked by more than one creature."" (Activate each power-up ability only once. Reduce the cost by her mana cost if she entered this turn.)","normal","2","2","G","legal","5"
"MSH-uncommon","MSH","Marvel Super Heroes","uncommon","0cfd7ce710b7d3b3aa22b6494db0d8175d9280d1ff004c8c97da31e137be36e3","1a1b2bd0-e17d-4b34-a8ee-7c913a6bc945","107","Moonstone, Harsh Mistress","3B","Legendary Creature — Human Doctor Villain","Flying
Whenever you discard a card, you may exile that card from your graveyard. If you do, until the end of your next turn, you may play that card.","normal","2","4","B","legal","6"
"MSH-uncommon","MSH","Marvel Super Heroes","uncommon","0d1409cf342175f97ad64dca696579843fa6ddeeb2233e5449b1594463938e53","1467d7c9-00d8-43f1-b4e7-a279d2b10503","30","Patriot, Shield Wielder","1W","Legendary Creature — Human Hero","{2}, {T}: Another target creature you control gets +2/+0 and gains hexproof until end of turn. (It can't be the target of spells or abilities your opponents control.)","normal","2","2","W","legal","7"
"MSH-uncommon","MSH","Marvel Super Heroes","uncommon","11dd4d7a864c82271d5b96b36ac65fe8690b44fb4381dcf5affb43455d872e3d","57da765f-7d87-42ac-9eb0-a49c296fbbf8","42","White Widow, Free Agent","3W","Legendary Creature — Human Hero Villain","When White Widow enters, choose one —
• Put a +1/+1 counter on each of up to two target creatures.
• Return target artifact or enchantment card from your graveyard to your hand.","normal","2","3","W","legal","8"
"MSH-uncommon","MSH","Marvel Super Heroes","uncommon","16581ae4489a61ac6ddd5074836301b0b04a072320041cb84dff1c849b0951bd","53b795a7-11f8-423a-b021-f811007fc82f","143","Loki Laufeyson","1R","Legendary Creature — God Sorcerer Villain","{1}, {T}: When you next cast an instant or sorcery spell with mana value less than or equal to Loki's power this turn, copy that spell. You may choose new targets for the copy.
Power-up — {4}{R}: Put two +1/+1 counters on Loki. (Activate each power-up ability only once. Reduce the cost by his mana cost if he entered this turn.)","normal","2","1","R","legal","9"
"MSH-uncommon","MSH","Marvel Super Heroes","uncommon","16c589c4a21bafc11b237433d1ca7602a4e9d7615a0c82ea92c69c330c5851cb","65005522-555e-4479-939c-be16e0262f6f","75","Shuri, Wakandan Inventor","1U","Legendary Creature — Human Artificer Hero","Artifact spells you cast cost {1} less to cast.
{1}, {T}: Target artifact you control becomes a copy of a second target artifact you control until end of turn, except it isn't legendary. Activate only as a sorcery.","normal","2","1","U","legal","10"
"MSH-uncommon","MSH","Marvel Super Heroes","uncommon","17805afe53e3a67330938262f62377bcbafae3119593821f532c0fc9e8613661","355e7197-2f20-43b6-9305-73c4e1fd4a3c","59","Iron Lad, Diverging Destiny","2U","Legendary Artifact Creature — Human Hero","Flying, vigilance
You may look at the top card of your library any time.
{T}: Reveal the top card of your library. If it's an artifact card, draw a card.","normal","2","2","U","legal","11"
"MSH-uncommon","MSH","Marvel Super Heroes","uncommon","188ef97d947bb29304e40a45f2348ead70980d9401a1b4b30bd53b4fcf7babd2","85cc170a-ecd2-4870-b675-7ece88813995","256","Viv Vision, Teen Synthezoid","3","Legendary Artifact Creature — Robot Hero","Flying
Cybernetic Senses — Whenever Viv Vision attacks, draw a card if her power is 4 or greater.
Power-up — {7}: Put two +1/+1 counters on Viv Vision. (Activate each power-up ability only once. Reduce the cost by her mana cost if she entered this turn.)","normal","2","2","","legal","12"
"MSH-uncommon","MSH","Marvel Super Heroes","uncommon","191e6c54504958aee91be084cd2154c48c289a162420f99ad424b8e31af05271","73c11aea-4fa4-438d-b886-2fafa60c82f9","191","Tigra, Feline Fury","1G","Legendary Creature — Cat Human Hero","Flash
Trample
Whenever you gain life, put a +1/+1 counter on Tigra.","normal","2","1","G","legal","13"
"MSH-uncommon","MSH","Marvel Super Heroes","uncommon","19d1224ddf99fd61b8b2d20eb87e3b1aaa041f94180252d93182a400600999a0","5d27ddec-716d-47e5-ac48-365e91b88ff1","83","Wiccan, Rising Magician","4U","Legendary Creature — Mutant Warlock Hero","Flying
Whenever you cast a noncreature spell, exile another target nonland, nontoken permanent. Return that card to the battlefield under its owner's control at the beginning of the next end step.","normal","4","4","U","legal","14"
"MSH-uncommon","MSH","Marvel Super Heroes","uncommon","1b2c84629a295b7c031ac474ae712f9d2c9c3373a14991fcf2872a3247a78fee","6572aafe-18ed-4182-92e9-25f003f5fe3d","116","Swordsman, Sharp Scoundrel","1B","Legendary Creature — Human Hero Villain","Whenever another Villain you control enters, attach up to one target Equipment you control to target creature you control.
Whenever an equipped creature you control attacks, it connives. (Draw a card, then discard a card. If you discarded a nonland card, put a +1/+1 counter on that creature.)","normal","2","2","B","legal","15"
"MSH-uncommon","MSH","Marvel Super Heroes","uncommon","1db438bf2796e2d31c8f3c8a7e53a8a1ed80000bd66c2d5df3dd78521c5d43a3","3199907b-9f24-4554-942a-8ab5a7701717","26","Night Nurse, Healer of Heroes","1W","Legendary Creature — Human Doctor Hero","Flash
Lifelink
When Night Nurse enters, choose target permanent card in your graveyard that was put there from anywhere this turn. Return it to your hand.","normal","2","1","W","legal","16"
"MSH-uncommon","MSH","Marvel Super Heroes","uncommon","217a49a544f8d629220da83708d6a69bbeb5549afd8efcc8947b5c17b62e84c2","b48278fd-1d95-4ad6-9a51-f1c5a2ab9f4b","139","Jessica Jones, Private Eye","2R","Legendary Creature — Human Detective Hero","{T}, Put a stun counter on Jessica Jones: Exile the top X cards of your library, where X is Jessica Jones's power. You may play those cards this turn. (If a permanent with a stun counter would become untapped, remove one from it instead.)","normal","2","3","R","legal","17"
"MSH-uncommon","MSH","Marvel Super Heroes","uncommon","235a71ecea47dfcf7a22f8fe67642445d3eaa719a04d76f1dae551fc922f20c7","d8f91212-2ff5-4024-8f14-86bb5c4a9754","123","Yellowjacket, Heartless Marauder","1B","Legendary Creature — Human Rogue Villain","Flying
Whenever another Villain you control enters, Yellowjacket gets +1/+0 and gains lifelink until end of turn.","normal","1","2","B","legal","18"
"MSH-uncommon","MSH","Marvel Super Heroes","uncommon","24c52948660ae31e1347a30e08f96718f985336878d8d08393d15d339efd77aa","a33a4cb4-1b57-47ca-8e5e-58ff46a6e0ce","180","Punishing Punch","2G","Instant","This spell costs {2} less to cast if there are two or more creature cards in your graveyard.
Target creature you control deals damage equal to twice its power to target creature an opponent controls.","normal","","","G","legal","19"
"MSH-uncommon","MSH","Marvel Super Heroes","uncommon","27ce92f0d011cd0c7a32ec8489ab027b9920cb75593fb1dbc040d48c6859a09d","8dc209ed-0d4c-4d0c-90e8-04cadc3d4c3d","52","Falcon, Winged Wonder","4U","Legendary Creature — Human Hero","Flying
Avian Telepathy — When Falcon enters, create Redwing, a legendary 1/1 blue Bird Scout creature token with flying and ""Whenever Redwing attacks, surveil 1."" (Look at the top card of your library. You may put it into your graveyard.)","normal","3","4","U","legal","20"
"MSH-uncommon","MSH","Marvel Super Heroes","uncommon","2c9e8e7eb10257d79569bda3ffc117ea6a18162a4d5f42d716ae6eeee7d2b975","49e36cac-3999-40b3-91b3-85af4fded679","93","Dark Deed","1B","Instant","Target creature gets -4/-4 until end of turn.","normal","","","B","legal","21"
"MSH-uncommon","MSH","Marvel Super Heroes","uncommon","2d9e72a53ed5cc857299213d8841b6e8a4b03fd2b4e02cfc2f0fecb7ef004070","5f4f77e5-0019-4a5f-bae6-136121946929","79","Thirst for Knowledge","2U","Instant","Draw three cards. Then discard two cards unless you discard an artifact card.","normal","","","U","legal","22"
"MSH-uncommon","MSH","Marvel Super Heroes","uncommon","32383dd394e33adba01e2c6dc933afbe23863a8bbde13d94a90dc73a563de490","6b963642-a103-44a0-9eb7-9c3fdde181b7","145","Misty Knight, Hero for Hire","1R","Legendary Creature — Human Detective Hero","{2}, {T}, Discard a card: Draw a card for each card you've discarded this turn.","normal","3","1","R","legal","23"
"MSH-uncommon","MSH","Marvel Super Heroes","uncommon","32af2053d9595cc19b7dd24eafd8488a39fd4bce3dcf2cd6e28e1aa046c852cc","1576148a-2371-49ba-8eef-0bc2ec3dcaf3","91","Crossbones, Malicious Mercenary","3B","Legendary Creature — Human Mercenary Villain","Deathtouch
Whenever another Villain you control enters, put a +1/+1 counter on Crossbones. He deals 2 damage to each opponent. This ability triggers only once each turn.","normal","3","3","B","legal","24"
"MSH-uncommon","MSH","Marvel Super Heroes","uncommon","389d2302cd76f7df710c0315ce7393ea820c3215174dd1fda53efd7eb0ae111b","c22bb4d5-6b6f-4c43-b005-48ae4042739d","214","Ghost, Spectral Saboteur","2{U/B}","Legendary Creature — Human Rogue Villain","Flash
Intangibility — Ghost can't be blocked.","normal","2","2","UB","legal","25"
"MSH-uncommon","MSH","Marvel Super Heroes","uncommon","3b015ca26c64f2898d90bb95c8220f7c96ad593dac0335f33590b32c0e783383","3f1933a8-046f-471a-afcf-cfb08ca0d239","190","The Thing, Ben Grimm","5G","Legendary Creature — Human Hero","Trample
Whenever one or more Heroes you control deal damage to a player, put two +1/+1 counters on The Thing.","normal","7","7","G","legal","26"
"MSH-uncommon","MSH","Marvel Super Heroes","uncommon","3cc76f279f9c04e672516b433d78d75f68bea72916017728bf7b286db2145078","e040b456-9853-4e94-9bf8-9374888168bb","227","Speedball, New Warrior","2{U/R}","Legendary Creature — Human Hero","Whenever a player casts a spell that targets Speedball, he gets +2/+2 until end of turn. You may choose new targets for that spell.","normal","2","2","UR","legal","27"
"MSH-uncommon","MSH","Marvel Super Heroes","uncommon","3f1e2b2ef1230ba536d5a68e1fa9134e38e78b1db1e469cf1cd25525bfd7c4de","fd1f0b5f-5e0e-4da1-ab54-a62db5af3591","209","Bullseye, Death Dealer","2{B/R}","Legendary Creature — Human Assassin Villain","When Bullseye enters, you may sacrifice an artifact or discard a nonland card. When you do, Bullseye deals 2 damage to any target.
{3}, {T}, Sacrifice an artifact or discard a nonland card: Bullseye deals 2 damage to any target.","normal","2","3","BR","legal","28"
"MSH-uncommon","MSH","Marvel Super Heroes","uncommon","407f4e25994c40a170d0c74ee663d7221aa1eff1049cc8fd840400f6b884009d","fe692959-64ca-4065-9f9e-1abe590e3d0f","76","Stature, Size Shifter","U","Legendary Creature — Human Hero","Stature can't be blocked if her power is 1 or less.
Power-up — {X}{U}{U}: Put X +1/+1 counters on Stature. (Activate each power-up ability only once. Reduce the cost by her mana cost if she entered this turn.)","normal","1","1","U","legal","29"
"MSH-uncommon","MSH","Marvel Super Heroes","uncommon","43442c394d627133e574c85a8c5077a13cbccdff3876b404e32ad1acb7e1fe89","60f02fbf-1416-48a3-bf94-f27509f6983a","157","Truck Toss","2RR","Instant","This spell costs {2} less to cast if you control a Vehicle.
Truck Toss deals 4 damage to any target.","normal","","","R","legal","30"
"MSH-uncommon","MSH","Marvel Super Heroes","uncommon","4b5f40d8ac506b8271d6ac867f48cebbac20c9c13a2feba8deb4eb809cee6dde","4b1cedfe-4712-4602-a8a8-112bd54c9938","98","Grim Reaper, Lethal Legionnaire","3B","Legendary Creature — Human Villain","Whenever Grim Reaper attacks, you may pay {3}{B}. When you do, return target creature card from your graveyard to the battlefield tapped and attacking with a finality counter on it. (If a creature with a finality counter on it would die, exile it instead.)","normal","3","4","B","legal","31"
"MSH-uncommon","MSH","Marvel Super Heroes","uncommon","4fa561b93d1180861f4dc0fc9763302ee2aecb8a172c755c5360fe7a3a4a6189","8e3fdece-348a-45eb-871f-fffa91a1fbda","319","Arnim Zola, Bio-Fanatic","2B","Legendary Artifact Creature — Scientist Villain","{3}, {T}: Create a tapped 2/1 black Villain creature token with menace. Activate only if there are two or more creature cards in your graveyard. (It can't be blocked except by two or more creatures.)","normal","2","3","B","legal","32"
"MSH-uncommon","MSH","Marvel Super Heroes","uncommon","508045ac6a2680275e302833d4acee12eff79f0280bed196e1a01eb7ee3ee37c","5c9ff69e-6489-49f3-b401-64856f0b7c11","63","Kid Loki","U","Legendary Creature — God Hero Villain","Each creature you control that you've put one or more +1/+1 counters on this turn has hexproof.
Whenever you draw your second card each turn, put a +1/+1 counter on Kid Loki.","normal","1","1","U","legal","33"
"MSH-uncommon","MSH","Marvel Super Heroes","uncommon","50d0968088bedcc1d1f664f6f637f30cbe91c730518c4780e6230298fee3b397","d15d187b-dc5d-482d-a79a-b9b98193ad7a","152","Speed, Young Avenger","1R","Legendary Creature — Mutant Hero","Haste
Whenever you cast a noncreature spell, you may pay {1}. When you do, target creature with haste can't be blocked this turn except by creatures with haste.","normal","2","2","R","legal","34"
"MSH-uncommon","MSH","Marvel Super Heroes","uncommon","53f121432b2e1de61be88050a26b4ced11f2fbee658b833af9b454e4f8786f53","f2a8f518-c0b5-4e15-aab2-49b5ef29fb41","127","Death to Our Enemies","2R","Enchantment — Plan","Whenever you cast a noncreature spell, create a tapped Treasure token and put a plan counter on this enchantment.
When the fourth plan counter is put on this enchantment, sacrifice it. When you do, it deals 7 damage divided as you choose among one or two targets.","normal","","","R","legal","35"
"MSH-uncommon","MSH","Marvel Super Heroes","uncommon","56fe208a345ddc26eac4bd1044c6573bda14ba5215d60c9d40eb046afbcf2d60","c281e0ee-155b-4022-b921-ebc391535aad","235","Titania, Rugged Rumbler","2{B/G}","Legendary Creature — Human Villain","As an additional cost to cast this spell, discard a card or pay {2}.
Ward—Discard a card or pay {2}. (Whenever this creature becomes the target of a spell or ability an opponent controls, counter it unless that player discards a card or pays {2}.)","normal","5","5","BG","legal","36"
"MSH-uncommon","MSH","Marvel Super Heroes","uncommon","582da25c0900b2c31094d7c0947b1e0ee215832b9e0dcaa85f5b547e4edd2c4b","1abc652f-8e9d-4df7-bc4e-d8b515a40fec","261","Baxter Building","","Land","{T}: Add {C}.
{4}, {T}: Add four mana in any combination of colors.
{4}, {T}: Draw a card. Activate only if you control a creature with toughness 4 or greater.","normal","","","","legal","37"
"MSH-uncommon","MSH","Marvel Super Heroes","uncommon","596fbe1b2bba36090ca17270f59d5f114dac815e125a77221b8d69a56fdee8a5","364dc091-3161-4cd7-838c-742b9325fc32","249","S.H.I.E.L.D. Helicarrier","4","Artifact — Vehicle","Flying
When this Vehicle enters, create two 1/1 white Soldier creature tokens.
Crew 6 (Tap any number of creatures you control with total power 6 or more: This Vehicle becomes an artifact creature until end of turn.)","normal","4","5","","legal","38"
"MSH-uncommon","MSH","Marvel Super Heroes","uncommon","59f3a41cba798811e6ef76011a5ce3ed89b6df1c267725c0c15454ec310f69ba","dec3dd36-b8ca-432b-8973-d37c6efc4c1a","31","Political Triumph","W","Enchantment — Plan","Whenever a creature you control enters, scry 1 and put a plan counter on this enchantment.
When the fourth plan counter is put on this enchantment, sacrifice it, draw a card, and put a +1/+1 counter on each creature you control.","normal","","","W","legal","39"
"MSH-uncommon","MSH","Marvel Super Heroes","uncommon","5af4b7d41bcdea4f4cf533d1d5c5f88103bc550912ee31ac24482c706e3bd865","88f0d9c9-8a1f-4b5a-b6f9-821ddd658d27","260","Avengers Tower","","Land","{T}: Add {C}.
{T}: Add one mana of any color. Spend this mana only to cast a Hero spell or to activate an ability of a Hero source.
{4}, {T}: Look at the top three cards of your library. You may reveal a Hero card from among them and put it into your hand. Put the rest on the bottom of your library in any order.","normal","","","","legal","40"
"MSH-uncommon","MSH","Marvel Super Heroes","uncommon","5df75c97bbee2c03fd18d5be1990eedb911f307e70b6371a037b38e705ed64e8","433a7d97-9c0b-4f5c-85ad-b55342c02d22","238","War Machine, Legacy of Iron","2{R/W}","Legendary Artifact Creature — Human Hero","Flying
At the beginning of combat on your turn, another target creature you control gets +X/+0 until end of turn, where X is War Machine's power.","normal","1","3","WR","legal","41"
"MSH-uncommon","MSH","Marvel Super Heroes","uncommon","608a23fd907ad0ffe4f25a75876d27b4633e875d373e605bd917d5e846d4671b","2c6ab9bb-dba2-4b5b-a4d9-54735f65ac21","198","Abomination, Terrifying Titan","3{R/G}","Legendary Creature — Gamma Villain","Trample
Power-up — {5}{R/G}{R/G}: Put a +1/+1 counter on Abomination. He fights up to one target creature an opponent controls. (Activate each power-up ability only once. Reduce the cost by his mana cost if he entered this turn.)","normal","4","4","RG","legal","42"
"MSH-uncommon","MSH","Marvel Super Heroes","uncommon","6124f8dd75e28751dfb6367f7a46b9914e6197f9575a389c985e46942d39f7f6","fb96ee86-5139-472a-9c4b-8a8a4280fc7e","217","Kang, Temporal Tyrant","2UB","Legendary Creature — Human Villain","Whenever Kang attacks, he connives. (Draw a card, then discard a card. If you discarded a nonland card, put a +1/+1 counter on this creature.)
Whenever you draw your second card each turn, each opponent loses 1 life and you gain 1 life.","normal","3","4","UB","legal","43"
"MSH-uncommon","MSH","Marvel Super Heroes","uncommon","6458f6bd8197b38eee27d4b1e62de333a11986fdaee4d971b8cbddf61f2f5c44","8f84ab0a-bf6e-4f28-9da8-998512a224ed","216","Iron Man, Master of Machines","2UR","Legendary Artifact Creature — Human Hero","Flying, vigilance
Iron Man gets +1/+0 for each other artifact you control.
Whenever Iron Man attacks, if an artifact entered the battlefield under your control this turn, draw a card.","normal","1","4","UR","legal","44"
"MSH-uncommon","MSH","Marvel Super Heroes","uncommon","657c08649e891c694cfdf77857a8b24f8f5eee76ec96175e8c5812f2ae5203a9","9018477f-a67b-4fa4-8661-11ab91fae863","173","Hulkling, Burgeoning Bruiser","2G","Legendary Creature — Kree Skrull Hero","Vigilance
Whenever another creature you control enters, if it has greater power or toughness than Hulkling, put a +1/+1 counter on Hulkling.","normal","2","3","G","legal","45"
"MSH-uncommon","MSH","Marvel Super Heroes","uncommon","6596979846f53c58291f3df74c08d4091bdce306b992033a00cab891ec4a3dc8","26faf2db-ad86-462f-b61f-c1893c9aebbf","201","Ant-Man, Colony Commander","1GU","Legendary Creature — Human Rogue Hero","Whenever Ant-Man attacks, you may pay {1}. When you do, put a +1/+1 counter on target creature.
Whenever you put a +1/+1 counter on a creature, create a 1/1 green Insect creature token. This ability triggers only once each turn.","normal","2","2","UG","legal","46"
"MSH-uncommon","MSH","Marvel Super Heroes","uncommon","675ce348df7ab0df59e615662bfba352504a603b485b7c3125524c74ba533c11","6fa1c908-68cb-4832-b972-f9efe7d55cdb","320","Mister Fantastic, Reed Richards","3U","Legendary Creature — Human Scientist Hero","Reach
Whenever one or more tokens you control enter, you may draw a card.","normal","2","4","U","legal","47"
"MSH-uncommon","MSH","Marvel Super Heroes","uncommon","6b5e36cee3b2694f436703638f7754c5da455a16cad8d3cc7a42965602f91be0","92dad216-ef8e-4af2-a3c6-1d215721c478","32","Quake, Agent of S.H.I.E.L.D.","2W","Legendary Creature — Inhuman Spy Hero","Seismic Takedown — Whenever you cast a noncreature spell, tap target creature or land.","normal","3","3","W","legal","48"
"MSH-uncommon","MSH","Marvel Super Heroes","uncommon","6de0fd97781a97eb3182b06f5501504a8344e4acf960332fc172ffe44cdcee1d","65ba4439-3282-4179-85b9-67a25e2e5d24","105","The Masters of Evil","5B","Legendary Creature — Human Villain","Other Villains you control get +2/+1.
{1}{B}, Discard this card: Search your library for a Plan card, reveal it, put it into your hand, then shuffle.","normal","5","6","B","legal","49"
"MSH-uncommon","MSH","Marvel Super Heroes","uncommon","6f579b63a6e4071b7015aa052708745a24193922838ec08595af3eb1164c9eba","f26613a1-b4ad-4c7f-8dd9-8f82de995f0c","77","Super Intelligence","U","Enchantment — Aura","Enchant creature
At the beginning of the upkeep of enchanted creature's controller, that player draws a card.","normal","","","U","legal","50"
"MSH-uncommon","MSH","Marvel Super Heroes","uncommon","7294f94024d653ad4264a10a808837341568689f2a41f51d359377d46849bb06","8f8659f6-a793-4edc-8401-d9126840c1c2","136","Human Torch, Johnny Storm","2R","Legendary Creature — Human Hero","Flying
Whenever you draw a card, if you control another Hero, Human Torch deals 1 damage to target opponent.
Power-up — {6}{R}: Put three +1/+1 counters on Human Torch. (Activate each power-up ability only once. Reduce the cost by his mana cost if he entered this turn.)","normal","2","2","R","legal","51"
"MSH-uncommon","MSH","Marvel Super Heroes","uncommon","73b50d1c9f9df8dbcb19500eaa8064892a3314c0dabb6dbfbe45bb020968652a","a0325cb5-4c43-418a-8f1b-cf5bf29e74d7","229","Spider-Woman, Secret Agent","3{W/U}","Legendary Creature — Spider Human Spy Hero","Flash
When Spider-Woman enters, tap target creature an opponent controls. That creature can't become untapped for as long as you control Spider-Woman.","normal","1","4","WU","legal","52"
"MSH-uncommon","MSH","Marvel Super Heroes","uncommon","766c31499ef32f2837a8b35d741180abf19b6a58cec99fc20d8f120873d82f09","3b72c9e9-1cb2-4374-873a-53af293d86d0","20","Luke Cage, Power Man","3W","Legendary Creature — Human Hero","Unbreakable Skin — Whenever Luke Cage attacks alone, he gets +2/+0 and gains indestructible until end of turn. (Damage and effects that say ""destroy"" don't destroy him.)","normal","2","5","W","legal","53"
"MSH-uncommon","MSH","Marvel Super Heroes","uncommon","7810d597ecf24b5b5e58b04affbaeed906741cee5df49958230ec4415e7dc638","c79a86f8-24e9-49a2-8b1c-72a72fed1985","103","Klaw, Sonic Subjugator","2B","Legendary Creature — Human Rogue Villain","Sonic Attack — When Klaw enters, target player reveals a number of cards from their hand equal to one plus the number of creature cards in your graveyard. You choose one of them. That player discards that card.","normal","2","2","B","legal","54"
"MSH-uncommon","MSH","Marvel Super Heroes","uncommon","7ac26cb5cc3cd713dd729eca7afc0662b71bf95bb4282d79034000b8fa10b7b4","91fdf444-3f41-4b8b-b9f5-f3ae3d903649","71","Rewrite History","2U","Enchantment — Plan","Whenever one or more creatures you control become tapped, draw a card, then discard a card and put a plan counter on this enchantment.
When the fourth plan counter is put on this enchantment, sacrifice it. When you do, return up to two target instant and/or sorcery cards from your graveyard to your hand.","normal","","","U","legal","55"
"MSH-uncommon","MSH","Marvel Super Heroes","uncommon","7d298a1c5b9bea87263f9e2a988358d5a34812c99de84de491beb8970cf4db7f","6516f292-469d-4092-b099-97c698f373cd","210","Captain America, Living Legend","1WU","Legendary Creature — Human Soldier Hero","Vigilance
Whenever a creature you control becomes tapped during your turn, if it's the first time that creature has become tapped this turn, untap it.","normal","3","4","WU","legal","56"
"MSH-uncommon","MSH","Marvel Super Heroes","uncommon","7da56fa4dae68513bfaa4f28556affae47fa095fd407f77349ef6f7acb2725d0","0f5701ac-ec30-4fb1-bd71-4bac4693c075","22","Mockingbird, Ace Agent","3W","Legendary Creature — Human Spy Hero","Double strike
Whenever you cast a spell that targets a creature you control, put a +1/+1 counter on Mockingbird.","normal","2","2","W","legal","57"
"MSH-uncommon","MSH","Marvel Super Heroes","uncommon","810c41ef656398a692c2c906a095c5a2bb99b2faa639b0b133efec83655e475c","d22a8d02-023c-4f71-a771-16b5aa2a05d7","188","She-Hulk, Jade Defender","3G","Legendary Creature — Gamma Hero","Reach, trample
Power-up — {4}{G}{G}: Destroy up to one target artifact or enchantment. Put a +1/+1 counter on She-Hulk. (Activate each power-up ability only once. Reduce the cost by her mana cost if she entered this turn.)","normal","4","4","G","legal","58"
"MSH-uncommon","MSH","Marvel Super Heroes","uncommon","844ed09b8bd2f761dfe4895d5c6e033aecbd3deb0dbfa54860b638ba2799e072","5cc2d948-ac8b-4466-b604-3fabc0ab6bb9","138","Iron Fist, Living Weapon","2R","Legendary Creature — Human Warrior Hero","Whenever you cast a spell that targets a creature you control, Iron Fist gains ""{T}: Iron Fist deals damage equal to his power to any other target"" until end of turn.","normal","2","3","R","legal","59"
"MSH-uncommon","MSH","Marvel Super Heroes","uncommon","85a4c96e3041bf90b67d69f7eb3316a52e450487b88c2f2f6c5c0031749cf93d","c08f8163-319a-4a31-b15a-93974cacd5b7","34","Red Guardian, Super-Soldier","2W","Legendary Creature — Human Soldier Villain","Flash
When Red Guardian enters, destroy target creature an opponent controls that dealt damage this turn.","normal","2","2","W","legal","60"
"MSH-uncommon","MSH","Marvel Super Heroes","uncommon","86994b8abe30fdca21cc4baaa8de4bc7ea9abb4a284184341ec2ac950d39ad99","db1c7a71-3d01-4f2a-9b25-2a19bb0d1a56","155","Team Tactics","1R","Instant","Teamwork 1 (As an additional cost to cast this spell, you may tap any number of creatures you control with total power 1 or more.)
Target creature gains double strike until end of turn. If this spell was cast using teamwork, that creature also gains trample until end of turn.","normal","","","R","legal","61"
"MSH-uncommon","MSH","Marvel Super Heroes","uncommon","86abc4392b488ef06240b13cab4a87f5bf46868c47b10db2946805631def44e8","472db3f2-23df-46c1-86c6-f35fbe5ab4e3","182","Reptil, Dinomorpher","G","Legendary Creature — Human Hero","Brontosaurus — {3}: Until end of turn, Reptil becomes a Dinosaur Hero with base power and toughness 3/5 and gains reach and vigilance.
Tyrannosaurus Rex — {6}: Until end of turn, Reptil becomes a Dinosaur Hero with base power and toughness 6/6 and gains trample.","normal","1","2","G","legal","62"
"MSH-uncommon","MSH","Marvel Super Heroes","uncommon","8b34f929b6e652ef496b19350c5e6961801c90f9964fc6c538b36e96f7b039d4","caf70fc5-87a0-4b4d-bedd-74dd09569bed","174","Ka-Zar of the Savage Land","4G","Legendary Creature — Human Barbarian Hero","You may look at the top card of your library any time.
You may play lands from the top of your library.
When Ka-Zar enters, create Zabu, a legendary 2/2 green Cat creature token with ""Landfall — Whenever a land you control enters, put a +1/+1 counter on Zabu.""","normal","3","2","G","legal","63"
"MSH-uncommon","MSH","Marvel Super Heroes","uncommon","964b2f646c9ecfaf3c063318f270f152a9885ad9ced4eef4dac78d9b790aa149","9e308f77-206b-4c9d-bfba-f4c476ea574a","207","Black Panther, Vanguard","2GW","Legendary Creature — Human Warrior Hero","Whenever another nontoken Hero you control enters, choose one —
• Create a 1/1 white Soldier creature token.
• Creatures you control get +1/+1 until end of turn.","normal","4","4","WG","legal","64"
"MSH-uncommon","MSH","Marvel Super Heroes","uncommon","9734e364aa0d1f72a11bec6b59d2dd317358df93df4757701d2bc64825dfd62d","259bed47-1950-43ae-8efd-3009537529a8","133","Hex Magic","2R","Sorcery — Arcane","Exile all the cards from your hand, then draw that many cards. Until the end of your next turn, you may play cards exiled this way.","normal","","","R","legal","65"
"MSH-uncommon","MSH","Marvel Super Heroes","uncommon","97ab523dd7d057bfa904b84078f4e7fae2b6627d5c977c7971af6ea79e16d051","107cb521-9806-47dc-92d8-b43112b63caa","1","Agent 13, Sharon Carter","2W","Legendary Creature — Human Spy Hero","Whenever a creature you control attacks alone, investigate. (Create a Clue token. It's an artifact with ""{2}, Sacrifice this token: Draw a card."")","normal","3","2","W","legal","66"
"MSH-uncommon","MSH","Marvel Super Heroes","uncommon","a1405874e461bec9fafbb0717fb030acee76f77af427da897c578064af6f1c19","19dc5fcc-d05d-41a0-84c5-2dec996f3e4f","164","Doc Samson, Super Psychiatrist","4G","Legendary Creature — Gamma Doctor Hero","If you would put one or more counters on a permanent you control, put that many plus one of each of those kinds of counters on that permanent instead.
{T}: Add X mana of any one color, where X is Doc Samson's power.","normal","3","6","G","legal","67"
"MSH-uncommon","MSH","Marvel Super Heroes","uncommon","a360a012c387cb71567942409a6b6323513766c49a201cce11f65b6705064ed2","e25468e2-17c6-47b2-8eb6-fcb8ae6f4c17","149","Red Hulk","4RR","Legendary Creature — Gamma Berserker Villain","Reach, trample
Enrage — Whenever Red Hulk is dealt damage, put a +1/+1 counter on him. When you do, he deals damage equal to the number of +1/+1 counters on him to any other target.","normal","6","7","R","legal","68"
"MSH-uncommon","MSH","Marvel Super Heroes","uncommon","ad1fa5751499aea08a129445bdd60a54fe0da5773799e9e5269b7522a8d19113","f1448731-d50e-4b9c-8eb2-3d85c21516c6","61","Justice, Vance Astrovik","2U","Legendary Creature — Mutant Hero","Flying
When Justice enters, return up to one target nonland, nontoken permanent to its owner's hand.
Whenever another nonland permanent you control is returned to its owner's hand, put a +1/+1 counter on Justice.","normal","2","2","U","legal","69"
"MSH-uncommon","MSH","Marvel Super Heroes","uncommon","b4254855244484399bf8b809b83aa9db322c54fe0da58556c7c9976f9c24d3a4","e94ccedb-1d27-4098-8823-d8d99b30387c","221","Madame Hydra","2BR","Legendary Creature — Human Villain","Whenever you cast a Villain spell, create a 2/1 black Villain creature token with menace. (It can't be blocked except by two or more creatures.)","normal","2","3","BR","legal","70"
"MSH-uncommon","MSH","Marvel Super Heroes","uncommon","b51ee92349c0f72ac2fd4f6a44429cd08d7faccd2520ad9c9c55d7b7f72e1862","5060aa13-4b33-4b3a-8bdb-dd81308fa3e3","218","Killmonger, Scourge of Wakanda","2BG","Legendary Creature — Human Mercenary Villain","When Killmonger enters, you may sacrifice another creature. When you do, destroy target nonland permanent an opponent controls.
As long as there are two or more creature cards in your graveyard, Killmonger gets +2/+1.","normal","3","3","BG","legal","71"
"MSH-uncommon","MSH","Marvel Super Heroes","uncommon","b67f29bd479f739d0c460bd3d848673a6dd90e4971671b7a124cd08119a54f6a","a92a95d2-9529-417a-b7d5-b4244d7fdca7","206","Beast, Erudite Aerialist","3{G/U}","Legendary Creature — Mutant Scientist Hero","As long as you've put one or more +1/+1 counters on Beast this turn, he has flying.
Whenever Beast deals combat damage to a player, draw a card.","normal","3","3","UG","legal","72"
"MSH-uncommon","MSH","Marvel Super Heroes","uncommon","b7c1a1c7bb64a772ca5ffbb70d9a7a66c9fab9fb31981a3970a9e312820108bc","f74b9794-946e-4ddc-93b2-5a321fc51fd0","112","Ronin, Shadow Stalker","2B","Legendary Creature — Human Rogue Hero","Pay 2 life: Add two mana of any one color. Spend this mana only to cast Equipment spells or activate equip abilities. Activate only once each turn.
{T}, Sacrifice an Equipment attached to Ronin: Target creature gets -4/-4 until end of turn. Activate only as a sorcery.","normal","3","3","B","legal","73"
"MSH-uncommon","MSH","Marvel Super Heroes","uncommon","b7f2cb22ecca695b6b9e682a736213d40b129434c84820efffeda1f14a32802a","3cf30476-ed92-4dc2-86b7-2b5fd60a2de7","176","Mister Hyde, Monster Within","2G","Legendary Creature — Human Villain","At the beginning of your upkeep, choose one —
• Put a +1/+1 counter on Mister Hyde.
• Remove a counter from a creature you control. If you do, draw a card.","normal","2","2","G","legal","74"
"MSH-uncommon","MSH","Marvel Super Heroes","uncommon","b8dbbb12f07fc7be427fd722679d606a2a4c404847bf4fee8d8b9d55e7888e75","1ee52395-9523-4da1-9108-8ab79229fc7a","160","Wonder Man, Hollywood Hero","3RR","Legendary Creature — Human Performer Hero","Flying
Each power-up ability of permanents you control can be activated an additional time.
Power-up — {5}{R}{R}: Put two +1/+1 counters on Wonder Man. (Activate each power-up ability only . . . once? Reduce the cost by his mana cost if he entered this turn.)","normal","4","4","R","legal","75"
"MSH-uncommon","MSH","Marvel Super Heroes","uncommon","bb1dbc048a3877feefd11b1b0deaf1db0b64e75624b62827f9c912c731b4d407","1af5a1ca-3d11-45e3-ba12-c455c5a7fea1","37","Super Villain Lockup","1W","Enchantment","Flash
When this enchantment enters, exile target tapped creature an opponent controls until this enchantment leaves the battlefield.","normal","","","W","legal","76"
"MSH-uncommon","MSH","Marvel Super Heroes","uncommon","bc7bdf9e573540d340e3c805ad497f7300330972463d737e2c05ad18284f5890","29bffd7c-73be-4185-976b-36a42a4512fe","184","Rick Jones, Destined Sidekick","G","Legendary Creature — Human Advisor","{3}, {T}: Mill four cards. You may put a Hero or enchantment card from among those cards into your hand. (To mill four cards, put the top four cards of your library into your graveyard.)","normal","0","3","G","legal","77"
"MSH-uncommon","MSH","Marvel Super Heroes","uncommon","c103fe05a2c29abc907f66336c763c852f356f5c2317f2e6ef4a92bca696d1c6","3cebccbb-dde2-41fe-bfdc-0a46ee185749","131","Hawkeye, Young Avenger","3R","Legendary Creature — Human Archer Hero","Reach
If a source you control would deal noncombat damage to an opponent or a permanent an opponent controls, instead it deals that much damage plus X, where X is Hawkeye's power.","normal","2","4","R","legal","78"
"MSH-uncommon","MSH","Marvel Super Heroes","uncommon","c16faf1d50d34fa9f4b5be39b5d75f5732b8a570480f01db97f09fb53f1f188b","f54197b8-6279-43ee-9340-69bd22cf3775","104","Madame Masque","4B","Legendary Creature — Human Villain","When Madame Masque enters, she connives. (Draw a card, then discard a card. If you discarded a nonland card, put a +1/+1 counter on this creature.)
Whenever you draw your second card each turn, create a 2/1 black Villain creature token with menace. (It can't be blocked except by two or more creatures.)","normal","3","2","B","legal","79"
"MSH-uncommon","MSH","Marvel Super Heroes","uncommon","c32931e710d45c9e823c7a420fceae9f82c46f187cb2d523f7327425306a2f7b","928dfa54-1ead-4eff-a538-36cb94f05b78","70","Pym Particles","U","Sorcery","Target creature gains vigilance until end of turn and can't be blocked this turn.
Draw a card.","normal","","","U","legal","80"
"MSH-uncommon","MSH","Marvel Super Heroes","uncommon","c525b6fabe748da6afc0fabc0b1712efe27ab61cf511ffc7147572e5a4b2acd3","6f6e6767-4d20-469c-9f4b-7286b8cc1979","121","Whiplash, Vengeful Engineer","B","Legendary Creature — Human Artificer Villain","Whiplash enters tapped.
Whenever Whiplash attacks, if he's equipped, each opponent loses X life and you gain X life, where X is the number of Equipment attached to him.","normal","2","2","B","legal","81"
"MSH-uncommon","MSH","Marvel Super Heroes","uncommon","c57294ed437e52829b178dede9009f6baaefe4aaa642e6ca30fcb4fc72931091","20e93f86-9e20-4e08-9bf7-ae6ebebf6876","53","Falcon's Wing Harness","1U","Artifact — Equipment","When this Equipment enters, attach it to target creature you control.
Equipped creature gets +1/+1 and has flying and ward {1}. (Whenever equipped creature becomes the target of a spell or ability an opponent controls, counter it unless that player pays {1}.)
Equip {2}{U} ({2}{U}: Attach to target creature you control. Equip only as a sorcery.)","normal","","","U","legal","82"
"MSH-uncommon","MSH","Marvel Super Heroes","uncommon","c84181bff669dd9947fe9be9bed254c6ece8a37d4c0e0e2465d4030eeb495778","2f80394b-2f7e-40a7-8203-720bcf39d71b","17","Invisible Woman, Sue Storm","4W","Legendary Creature — Human Hero","Lifelink
Whenever you put one or more +1/+1 counters on one or more other Heroes you control, you may create a 0/4 colorless Wall creature token with defender.","normal","2","5","W","legal","83"
"MSH-uncommon","MSH","Marvel Super Heroes","uncommon","c9abdd2c6fa964f019bde5f0ae681871c61cac046538d5dea6c202ec3f543a47","f85a77d2-e11e-44bc-a1e7-d783cd49d714","147","Photon Blast Barrage","XRR","Sorcery","When you cast this spell, copy it X times. You may choose new targets for the copies.
Photon Blast Barrage deals 1 damage to target creature.","normal","","","R","legal","84"
"MSH-uncommon","MSH","Marvel Super Heroes","uncommon","d0735cccd3a25a6689d0333d08154192a3be2d85e1cdcf10d1197754ac13cf84","0e06f730-ae30-4ef2-88b1-073e02afdb25","234","Thor Odinson","3RW","Legendary Creature — God Warrior Hero","Flying, vigilance, prowess, prowess (Whenever you cast a noncreature spell, this creature gets +1/+1 until end of turn twice.)","normal","4","4","WR","legal","85"
"MSH-uncommon","MSH","Marvel Super Heroes","uncommon","d66f9cc1f1abda1ab6b3a0e1a5dc92e5ba4348290095d0967a9c9847761950ea","a27aee6d-1fc3-4307-bb16-b964d723fe2f","192","Training Regimen","3G","Enchantment","Creatures you control with +1/+1 counters on them have trample.
At the beginning of combat on your turn, put a +1/+1 counter on target creature you control.","normal","","","G","legal","86"
"MSH-uncommon","MSH","Marvel Super Heroes","uncommon","da9fe851801c9b69d4b0225202ca7f1ec4de3098a4778296e6d85e11a790f277","f471e9ce-73bb-4090-98f2-f591c7cf4efe","118","Too Evil to Stay Dead","2B","Sorcery","Teamwork 4 (As an additional cost to cast this spell, you may tap any number of creatures you control with total power 4 or more.)
Choose target creature card in your graveyard with mana value 4 or less. If this spell was cast using teamwork, instead choose target creature card in your graveyard. Return the chosen card to the battlefield.","normal","","","B","legal","87"
"MSH-uncommon","MSH","Marvel Super Heroes","uncommon","dc64255f2f978321dbc5da0accf0d1b0ce1e7fe7b2420178969eb56ff25e0b37","aa8dbbb9-36a5-48e0-9e30-aeed0fb5d522","208","Black Widow, Double Agent","1WB","Legendary Creature — Human Hero Villain","Deathtouch
Whenever a creature you control attacks alone, it gains first strike and menace until end of turn. (It can't be blocked except by two or more creatures.)","normal","3","2","WB","legal","88"
"MSH-uncommon","MSH","Marvel Super Heroes","uncommon","de28d40b7ed5d2565c518deca4502931ca4bd040a415811c8586082b4a1d55a6","e5db6968-1ca3-46bd-8cf9-e2c411ab29c1","228","Spider-Man, To the Rescue","2{G/W}","Legendary Creature — Spider Human Hero","Flash
Reach, vigilance
No One Dies! — When Spider-Man enters, you may tap him. When you do, another target nonattacking creature you control gains indestructible until end of turn. (Damage and effects that say ""destroy"" don't destroy it.)","normal","3","2","WG","legal","89"
"MSH-uncommon","MSH","Marvel Super Heroes","uncommon","df12a06c500b429be83cbe89031e1fc1fb37c878f2b6a6db0332f9d59a1b0abe","27924c2f-756c-42af-9830-18a5a2735137","12","Captain Mar-Vell, Space-Born","4W","Legendary Creature — Kree Soldier Hero","Flying, vigilance
Cosmic Awareness — As long as an opponent has cast a spell this turn, you may cast spells as though they had flash.","normal","4","4","W","legal","90"
"MSH-uncommon","MSH","Marvel Super Heroes","uncommon","e26ce77d1af43bf479c3d93f4e43bc6720c43258a5a5951fbb642d50f37c5dd1","822b0249-e1df-453d-8b60-75a5196ed818","276","Villainous Hideout","","Land","{T}: Add {C}.
{T}: Add one mana of any color. Spend this mana only to cast a Villain spell or to activate an ability of a Villain source.
{3}, {T}: Target Villain you control connives. Activate only as a sorcery. (Draw a card, then discard a card. If you discarded a nonland card, put a +1/+1 counter on that creature.)","normal","","","","legal","91"
"MSH-uncommon","MSH","Marvel Super Heroes","uncommon","e796ef6b3026643a9555f0f7dda0503e0f97427015796d06a643f05d1a76ab46","b26bb968-6612-43fe-9147-a3d4786cbc20","111","Robot Domination","3B","Enchantment — Plan","Whenever one or more creature cards are put into your graveyard from anywhere, you draw a card, lose 1 life, and put a plan counter on this enchantment.
When the third plan counter is put on this enchantment, sacrifice it and create three 2/2 colorless Robot Villain artifact creature tokens.","normal","","","B","legal","92"
"MSH-uncommon","MSH","Marvel Super Heroes","uncommon","ea43573b4f0e5fd85dfeda2a46f732530f31c3406d323c04f32ce8d4cb415a8f","682b9f91-18bb-4113-9d5c-a381c191def9","215","Hulk, Gamma Goliath","3RG","Legendary Creature — Gamma Berserker Hero","Reach, trample
Power-up abilities of other creatures you control cost {3} less to activate.
Power-up — {6}{R}{G}: Put five +1/+1 counters on Hulk. (Activate each power-up ability only once. Reduce the cost by his mana cost if he entered this turn.)","normal","6","5","RG","legal","93"
"MSH-uncommon","MSH","Marvel Super Heroes","uncommon","ea63310a3ed20ec372f97c3a684d5191d2c623eaacaf0a21abbe4e3afd5f862e","d7922c5f-d6ee-4b62-a537-3be5aa280e10","170","Hellcat, Undying Vigilante","GG","Legendary Creature — Human Hero","Haste
When Hellcat dies, return her to the battlefield under her owner's control with a +1/+1 counter on her. She loses all abilities and gains haste.","normal","2","2","G","legal","94"
"MSH-uncommon","MSH","Marvel Super Heroes","uncommon","ecbc6014b70ac493aadf09ef1696b1b3ceb9dd582fc82518d4eda43bab4d3278","fa4e32b7-8c2c-4efa-b5a4-b32abcae1ad2","315","Baron Strucker, HYDRA Overlord","2B","Legendary Creature — Human Villain","Villain spells you cast cost {1} less to cast.
Whenever another Villain you control enters, you may have it connive. Do this only once each turn. (Draw a card, then discard a card. If you discarded a nonland card, put a +1/+1 counter on that creature.)","normal","2","2","B","legal","95"
"MSH-uncommon","MSH","Marvel Super Heroes","uncommon","f229212b445c8d80c4d997ac6d2329ea14c71e02dcd11a3bbc4e452b7e3f4c6a","cf13bfb1-5b44-4363-8de9-ece234233870","163","Claim the Kingdom","1G","Enchantment — Plan","Landfall — Whenever a land you control enters, put a +1/+1 counter on target creature you control and a plan counter on this enchantment.
When the fourth plan counter is put on this enchantment, sacrifice it. When you do, put an indestructible counter on target creature you control.","normal","","","G","legal","96"
"MSH-uncommon","MSH","Marvel Super Heroes","uncommon","f677a5f623fa7bbc8eeb22a0623060188c659ad41d7fa348f379484c0fffc186","c3d5add1-0d0e-414b-a964-8da326472d35","47","Attuma, Atlantean Warlord","2UU","Legendary Creature — Merfolk Warrior Villain","Other Merfolk you control get +1/+1.
Whenever one or more Merfolk you control attack a player, draw a card.","normal","3","4","U","legal","97"
"MSH-uncommon","MSH","Marvel Super Heroes","uncommon","f788156030bcb271829cca73425e73db90d346c935c8847aca4642fa1646efad","8bffc505-608e-4a5b-9ed9-2321e4cab484","13","Colleen Wing, Street Samurai","1W","Legendary Creature — Human Samurai Hero","Whenever you cast a spell that targets a creature you control, put a +1/+1 counter on Colleen Wing. Scry 1. (Look at the top card of your library. You may put that card on the bottom.)","normal","2","2","W","legal","98"
"MSH-uncommon","MSH","Marvel Super Heroes","uncommon","fcf460bb8573bb011fcecd412d178ec19df3568f939fb6d1deaef7a5e3c0689e","cd9b9be6-0143-467c-8a2a-937ecafe0473","51","Echo, Perceptive Prodigy","2U","Legendary Creature — Human Hero","Vigilance
{1}, {T}: Copy target activated or triggered ability you control from a creature source. You may choose new targets for the copy. (Mana abilities can't be targeted.)","normal","1","4","U","legal","99"
"MSH-uncommon","MSH","Marvel Super Heroes","uncommon","ff0a02a7f752469ed1eddfb6e734ba3120616667630d12f6de8010b4c75645e8","35e11911-799c-4d82-9109-3ca27964bef0","236","U.S.Agent, John Walker","3{W/B}","Legendary Creature — Human Soldier Hero","When U.S.Agent enters, create a colorless Equipment artifact token named Sturdy Shield with ""Equipped creature gets +1/+2"" and equip {2}. Attach it to U.S.Agent.","normal","3","2","WB","legal","100"
"HOB-common","HOB","The Hobbit","common","03837460e7580282def34dcae1e3d1cd1f169d31157c3b68fce0b0e2d4a79d0e","07bfc803-e11b-47ab-9f25-0ace7e174200","67","Front Porch Sentries","1B","Creature — Goblin Soldier","When this creature dies, target creature an opponent controls gets -1/-1 until end of turn.","normal","2","2","B","legal","1"
"HOB-common","HOB","The Hobbit","common","05bffc5d9b2d7f9b449c31530ac8cdcdc68db0057a304db99ffa2079a02e0e6f","1ccbf823-846f-4f09-9c67-1deebb5d1d92","140","Wargling","1G","Creature — Wolf","Ferocious — Whenever this creature attacks while you control a creature with power 4 or greater, until end of turn, this creature gets +1/+0 and creatures you control gain trample.","normal","2","2","G","legal","2"
"HOB-common","HOB","The Hobbit","common","060bd7f3f70142fc1928c91c03bd398d0769c4e101c6f6c5b9d65f2d9c8bb43e","81263d5d-e402-4813-9458-161112da27ab","116","Attercop","1G","Creature — Spider","Reach, deathtouch
Landfall — Whenever a land you control enters, this creature gets +1/+1 until end of turn.","normal","2","1","G","legal","3"
"HOB-common","HOB","The Hobbit","common","093721add64e22b67f5d3b54f7290359f0b766233ede3c8928183a31dd801278","d2f60ad0-c887-4585-85f8-afcf72fb80d0","94","Dori, Bearer of Friends","2R","Legendary Creature — Dwarf Warrior","Trample
When Dori enters, create a Treasure token. (It's an artifact with ""{T}, Sacrifice this token: Add one mana of any color."")","normal","3","2","R","legal","4"
"HOB-common","HOB","The Hobbit","common","0bfe08714a9b6c10673dd55eb0df90d7f04597bd2756b6e67f99676ce24da98f","419ca9e5-8413-4378-a4ef-eda5a1024218","109","Smaug, the Great Calamity // Spew Flame","5RR // 4R","Legendary Creature — Dragon // Sorcery — Adventure","Flying

---

Spew Flame deals 5 damage to target creature. (Then exile this card. You may cast the creature later from exile.)","adventure","5","5","R","legal","5"
"HOB-common","HOB","The Hobbit","common","0ca7e10d4ebabd3dc3f7d1fcd1795490648b3d80e820cea355235afe6f93530f","fd145e3a-c889-4390-accb-863dbcc845ce","84","Stir Up Trouble","B","Sorcery","As an additional cost to cast this spell, sacrifice an artifact or creature or pay {4}.
Destroy target creature.","normal","","","B","legal","6"
"HOB-common","HOB","The Hobbit","common","0f2ce5c40cc08e921333138c5933d493ddd37fcda77c0945c261d2f806fb8479","9984b9ef-e81c-48f4-aa33-0504171a2d3c","106","Óin the Brave","1R","Legendary Creature — Dwarf Warrior","Storied (If you control three or more artifacts, legendaries, and/or Sagas, you have an enduring story for the rest of the game.)
As long as you have an enduring story, Óin gets +1/+0 and has haste.
{1}, {T}, Discard a card: Draw a card.","normal","1","3","R","legal","7"
"HOB-common","HOB","The Hobbit","common","19536e41aff575c314da0358adf3b8cec71357b3ad9ea6d4ffec13d5777ab6ff","38c16a0a-375e-48cb-9720-dbbc08c603ae","115","Tidings of War","R","Sorcery","Amass Goblins 1. If this spell was cast from a graveyard, amass Goblins 3 instead. (To amass Goblins X, put X +1/+1 counters on an Army you control. It's also a Goblin. If you don't control an Army, create a 0/0 black Goblin Army creature token first.)
Flashback {3}{R} (You may cast this card from your graveyard for its flashback cost. Then exile it.)","normal","","","R","legal","8"
"HOB-common","HOB","The Hobbit","common","1b42e5fac7ff78893ba75814065fd3d39127e28fc1cd99b096cf6ae929061593","9c50656d-c74a-4e90-9ef7-afa237682516","38","Elvenking's Harper","1U","Creature — Elf Bard","{4}{U}: Target creature can't be blocked this turn.","normal","2","2","U","legal","9"
"HOB-common","HOB","The Hobbit","common","1be9e00856b77708e23f73b6c70096404b629ab993197a3db16eff50ad184767","8d4f3eb5-fedf-45d6-8bd8-aacbe0ce33b2","31","Vow to Erebor","1W","Instant","Untap target creature you control. It gets +2/+2 until end of turn. If it's a Dwarf, you may attach an Equipment you control to it.","normal","","","W","legal","10"
"HOB-common","HOB","The Hobbit","common","1d0e0912b7aea5350f9b1e9d9ebce38a293b27bf23af2a4609e6fe8df60129b1","704b45e4-566e-40f6-a33a-9151018b44e5","160","Mirkwood Nurturer","2{G/U}","Creature — Elf Ranger","When this creature enters, return up to one other target permanent you control to its owner's hand. If you do, put a +1/+1 counter on this creature.","normal","3","2","UG","legal","11"
"HOB-common","HOB","The Hobbit","common","2052e646523fb68f1308eb43c9e3b00d11a2fd1c2cd6e345ce9bc9a4256fd919","6a109b3e-9f5b-4625-abb7-6b992c10530b","34","Bilbo Baggins, Burglar // Take a Glance","2U // U","Legendary Creature — Halfling Rogue // Sorcery — Adventure","When Bilbo Baggins enters, draw a card.

---

Scry 2. (Then exile this card. You may cast the creature later from exile.)","adventure","2","1","U","legal","12"
"HOB-common","HOB","The Hobbit","common","236eee34cd6b24f78971e87f60093c9ac18088e227aaf55b608d48bec5390964","ccff7382-8609-494c-aeee-cd1436456dd0","100","Goblin-town Flunkies","1R","Creature — Goblin Soldier","Haste
When this creature enters, amass Goblins 1. (Put a +1/+1 counter on an Army you control. It's also a Goblin. If you don't control an Army, create a 0/0 black Goblin Army creature token first.)","normal","1","1","R","legal","13"
"HOB-common","HOB","The Hobbit","common","23fb8c85d1bc76d013f43c57dbf1788f253ce5d3a6ed5c8d52dd7d0fb77673a0","573f67b0-6ce8-4857-a703-4a5728640736","13","Esgaroth Garrison","4W","Creature — Human Soldier","Esgaroth Garrison's power is equal to the number of creatures you control.
When this creature enters, recruit. (Draw a card, then discard a card. If you discarded a nonland card, create a 1/1 white Human Soldier creature token.)","normal","*","5","W","legal","14"
"HOB-common","HOB","The Hobbit","common","2465ef5d24a1b7710e6365ef0f22015972ccf28c1a1e877c235d7f0cd191c44e","afb73190-b9bd-4744-a011-a37cd9c0148d","51","Plunder the Trollshaws","1U","Instant","Draw a card. If this spell was cast from a graveyard, draw two cards instead.
Flashback {3}{U} (You may cast this card from your graveyard for its flashback cost. Then exile it.)","normal","","","U","legal","15"
"HOB-common","HOB","The Hobbit","common","263c9b90dee4acec5fe38af2ff2e1c1f00453ecd728b1848cdbf07c7d381547d","bc4a60b8-a5bb-4dbf-8d48-95caf757eac3","101","Gundabad Opportunist","3R","Creature — Goblin Rogue","When this creature enters, exile the top card of your library. Until the end of your next turn, you may play that card.","normal","4","2","R","legal","16"
"HOB-common","HOB","The Hobbit","common","28a391cef8a88fa2b30614697d5c110b8ef7b1030723a1c2944ac9b038148472","0a6a6ff0-b1cd-4b06-bd31-612690094e0e","21","Moment of Glory","W","Sorcery","Put a +1/+1 counter on target creature you control. If this spell was cast from a graveyard, also put a +1/+1 counter on each other creature you control.
Flashback {4}{W} (You may cast this card from your graveyard for its flashback cost. Then exile it.)","normal","","","W","legal","17"
"HOB-common","HOB","The Hobbit","common","2993afa0cc5974a88f5bcad29f7d2dc94d414f06dcdd594361a1572b381e76fe","089e8e4b-c367-4d86-a69a-951f7d779aaf","209","Thorin's Last Stand","2WW","Instant","Choose one —
• Creatures you control get +2/+1 until end of turn.
• Destroy target artifact or enchantment. You gain 2 life.","normal","","","W","legal","18"
"HOB-common","HOB","The Hobbit","common","322ff4a72813a251cd2fded2a17ae8245667f1850d212a340960ccff79b3a789","2476e42b-b209-4207-8ed9-cb668f89b218","142","Wood Elves","2G","Creature — Elf Scout","When this creature enters, search your library for a Forest card, put that card onto the battlefield, then shuffle.","normal","1","1","G","legal","19"
"HOB-common","HOB","The Hobbit","common","326a22323f11418dc21b59f550ecc111b1e82408dc0442dd94e5d0340c13cb5f","d76df9d0-56cf-4351-a5e8-e6ae6fc791d1","183","Goblin-town","","Land","This land enters tapped.
{T}: Add {B} or {R}.
{2}{B}{R}, {T}, Sacrifice this land: Put two +1/+1 counters on target Goblin or Orc you control. Activate only as a sorcery.","normal","","","","legal","20"
"HOB-common","HOB","The Hobbit","common","40c4a516a15c2b1be4ca915783e724d639f543d5a21aa7665d65bb9b514909d9","e49866d4-966a-40f9-b08d-18e5af6d726b","58","Uneasy Partings","3U","Instant","This spell costs {1} less to cast if it targets an attacking nontoken creature.
Target creature's owner puts it on their choice of the top or bottom of their library.","normal","","","U","legal","21"
"HOB-common","HOB","The Hobbit","common","44d03cf1dcf8c54b00898cf6b5bbcd31038eeac3fc118e6368c8cd7f86db56b9","3ad02b56-13ec-46ef-92bd-ae078b8bb517","2","Old Thrush","2","Creature — Bird","Flying
When this creature enters, you gain 2 life. You may search your library for a basic land card, reveal it, then shuffle and put that card on top.","normal","1","2","","legal","22"
"HOB-common","HOB","The Hobbit","common","459da2753c4645531b92b64c70f9c48ef4674e9e8c9b3784fb42fb15b95f756c","c5727af5-a487-4b16-8278-81c3c928c417","23","Ori, Keeper of Songs","2W","Legendary Creature — Dwarf Bard","Storied (If you control three or more artifacts, legendaries, and/or Sagas, you have an enduring story for the rest of the game.)
As long as you have an enduring story, Ori gets +1/+0 and has vigilance.","normal","3","3","W","legal","23"
"HOB-common","HOB","The Hobbit","common","4a58e65b448d397ddb18ae3964d39cca095e75607e608b82083582e688342a7f","78045c43-5cbe-48ff-837d-e7c6baac2937","185","Iron Hills","","Land","This land enters tapped.
{T}: Add {R} or {W}.
{2}{R}{W}, {T}, Sacrifice this land: Put two +1/+1 counters on target Dwarf you control. Activate only as a sorcery.","normal","","","","legal","24"
"HOB-common","HOB","The Hobbit","common","4bc0c7be55fe18daa5e1f96d0506186d25420c756d31103a9dfc325f86d09313","8a50858a-33b5-4c45-9c31-5956ae5a33a6","128","Little Bear","2G","Creature — Bear","Flash
When this creature enters, untap another target creature you control. If that creature is a Bear, put a +1/+1 counter on it.","normal","3","2","G","legal","25"
"HOB-common","HOB","The Hobbit","common","4e4672c3d89b0257ef10d6c0078f8768e2d9fddf97b3d9c7b28fe7a2f7e808d5","659b687f-4068-496f-81b2-7b606bf07ec1","180","Well-Worn Spatula","1","Artifact — Equipment","When this Equipment enters, you gain 2 life.
Equipped creature gets +1/+1.
Equip {1} ({1}: Attach to target creature you control. Equip only as a sorcery.)","normal","","","","legal","26"
"HOB-common","HOB","The Hobbit","common","533dbdcf039d9186d684e3f379102056fa54a382d28185a6eb447e6c34560944","430c8916-1167-400b-9cad-d301f59d5e5d","20","Magnificent End","4W","Instant","This spell costs {3} less to cast if it targets a tapped creature.
Magnificent End deals 5 damage to target creature.","normal","","","W","legal","27"
"HOB-common","HOB","The Hobbit","common","53714e855cc272b34e6daf7d2d3119faa8f57d4312a4514317e2f88e49657398","e4800508-8bb9-41bb-8712-b55fba7a80a5","162","Patient Instructor","2{W/U}","Creature — Human Citizen","Vigilance
When this creature enters, recruit. (Draw a card, then discard a card. If you discarded a nonland card, create a 1/1 white Human Soldier creature token.)","normal","2","2","WU","legal","28"
"HOB-common","HOB","The Hobbit","common","54473c84b00d2d47349ed9d3dc37df7713f14bbb84133d1ea0bc5f5fe0fad557","3685c783-d837-4466-a960-ab3098db64c3","153","Duskwatch Hunter","2{B/G}","Creature — Wolf","This creature can't be blocked by tokens.
When this creature enters, put a +1/+1 counter on target creature.","normal","3","1","BG","legal","29"
"HOB-common","HOB","The Hobbit","common","5bb07072482621956228aa076dc00a4d48bd4435ece02f515244c5c665fe2851","1f9a61a1-454e-4d5b-a6dd-1a79fe9dedf3","9","Dwarven Provisioner","1W","Creature — Dwarf Citizen","{3}{W}: Creatures you control get +1/+1 until end of turn.","normal","2","2","W","legal","30"
"HOB-common","HOB","The Hobbit","common","5cd5df15bb46f7f57b9ba187b15bac88e3e36acb79fe170b697dd68aaad6f4c0","cd5af94d-6321-4834-8e5f-e5d0261b3ef3","45","Long Lake Nuisance","3U","Creature — Bird","Flying
When this creature enters, recruit. (Draw a card, then discard a card. If you discarded a nonland card, create a 1/1 white Human Soldier creature token.)","normal","3","1","U","legal","31"
"HOB-common","HOB","The Hobbit","common","640e7b4f6031bc162f7c4ce0795ae4c4e8841291f1a543195568df035454b860","ad7ed4e6-3fe2-40f1-909b-a03b2a3c941a","48","Mirkwood Meditator","2U","Creature — Elf Druid","Landfall — Whenever a land you control enters, you may have this creature's base power and toughness become 4/2 until end of turn.","normal","2","4","U","legal","32"
"HOB-common","HOB","The Hobbit","common","742774f066454734f60601ed346844929f1efa328f44926281c72812987897b3","7bf81a8b-52ad-49f5-a3d4-22613cad3a3d","108","Ragged Short Spear","1R","Artifact — Equipment","When this Equipment enters, you may discard a card. If you do, draw two cards.
Equipped creature gets +2/+0.
Equip {3} ({3}: Attach to target creature you control. Equip only as a sorcery.)","normal","","","R","legal","33"
"HOB-common","HOB","The Hobbit","common","783ae4e76550d81accd65b5c78697c61485092c653094db73415cd8c65f81cd0","cb982607-da37-4894-91a5-cf6307d4d703","157","Goblin Plate Mail","1{B/R}","Artifact — Equipment","When this Equipment enters, amass Goblins 1, then attach this Equipment to the amassed Army. (To amass Goblins 1, put a +1/+1 counter on an Army you control. It's also a Goblin. If you don't control an Army, create a 0/0 black Goblin Army creature token first.)
Equipped creature gets +1/+0 and has menace.
Equip {4}","normal","","","BR","legal","34"
"HOB-common","HOB","The Hobbit","common","7c39bfc40ca23791b3770fed096ae095dbe142bcc433d67d3dd300e5ed95ba55","abfbb255-a39b-4df5-bfb6-5298584e89f0","43","Lakeshore Apothecary","1U","Creature — Human Cleric","Vigilance
Whenever you draw your second card each turn, put a +1/+1 counter on this creature.","normal","1","2","U","legal","35"
"HOB-common","HOB","The Hobbit","common","7d537c6cf6b23771dbe493977c6726aeeadcc6140e4e1f9aace43ba480097ee4","178c4cf6-6b11-40e4-9673-c560d6818a6b","18","Lake-town Lookout","W","Creature — Human Scout","When this creature dies, recruit. (Draw a card, then discard a card. If you discarded a nonland card, create a 1/1 white Human Soldier creature token.)","normal","1","1","W","legal","36"
"HOB-common","HOB","The Hobbit","common","807299c2fb18801b3af48c6b8eb88dc90bc1fa82ceba7cc65b03903b3cc94828","804589b7-3ef9-473d-97cc-c61a2d41f70d","118","Beorn, Reluctant Host // Till and Tend","4G // 1G","Legendary Creature — Human Bear Shapeshifter // Sorcery — Adventure","Trample

---

You may play an additional land this turn. (Then exile this card. You may cast the creature later from exile.)","adventure","5","5","G","legal","37"
"HOB-common","HOB","The Hobbit","common","80ab36570740e1a77f1c9472886717e709d3a1cb60c3b69d010278ed16729718","16765eb2-d497-4cd6-b683-20eac2f10bbf","81","Reverent Howl","2B","Instant","Choose one —
• Target player draws two cards and loses 2 life.
• Target creature gets +2/+2 and gains lifelink until end of turn.","normal","","","B","legal","38"
"HOB-common","HOB","The Hobbit","common","848c8cd9d4f50898088d05421415f2f5805d8f62d0480607b3e994fef6cf541d","b06d9cee-bb0f-4fe7-ab2a-b55d36461aec","139","Warg Tactics","1G","Instant","Choose one —
• Destroy target creature with flying.
• Put a +1/+1 counter on target creature you control. It gains trample and hexproof until end of turn. (It can't be the target of spells or abilities your opponents control.)","normal","","","G","legal","39"
"HOB-common","HOB","The Hobbit","common","85f38e3952f16a615046b1478f0df126ec25aa6420c6cc377566869dc692cc24","4265caec-8c28-44cd-8e6b-90b5af926d3c","127","Guardian of the Halls","1G","Creature — Elf Soldier","Trample
{5}{G}{G}: Put three +1/+1 counters on this creature.","normal","2","2","G","legal","40"
"HOB-common","HOB","The Hobbit","common","87087a7d31f5c4f191b192face6e7efe8cd2dc43540097eef4f958618c1c9af6","cd477096-41b1-4907-9cb3-852cb22c9ba2","182","Elvenking's Halls","","Land","This land enters tapped.
{T}: Add {G} or {U}.
{2}{G}{U}, {T}, Sacrifice this land: Put two +1/+1 counters on target Elf you control. Activate only as a sorcery.","normal","","","","legal","41"
"HOB-common","HOB","The Hobbit","common","889eaa92fe00e7650f5093a2674a3450180f0a24096716ff3c471c6726eafca1","2fbd0584-81a7-4c47-8af1-1c8635899a97","186","Lake-town","","Land","This land enters tapped.
{T}: Add {W} or {U}.
{2}{W}{U}, {T}, Sacrifice this land: Put two +1/+1 counters on target Human you control. Activate only as a sorcery.","normal","","","","legal","42"
"HOB-common","HOB","The Hobbit","common","8c9b8301418aadcb4138567d7cc8b6365b69639ff48d9155f889ad5d78013438","71bec005-2925-4944-be16-2cc5eb30f5d6","121","Boughside Wanderers","4GG","Creature — Elf Scout","When this creature enters, look at the top four cards of your library. You may reveal a permanent card from among them and put it into your hand. Put the rest on the bottom of your library in a random order.
Landfall — Whenever a land you control enters, this creature gets +2/+2 until end of turn.","normal","4","4","G","legal","43"
"HOB-common","HOB","The Hobbit","common","93dcf28be5330a4f31d9e8b17d2c644dfe8f5727b4aa1a7c5f60b57ae79de0b8","46daa9ac-0ac7-4df9-b9d2-e03ab5b56c72","102","Iron Hills Stalwart","4R","Creature — Dwarf Warrior","Reach, trample
When this creature enters, attach target Equipment you control to up to one target creature you control.","normal","4","5","R","legal","44"
"HOB-common","HOB","The Hobbit","common","981c22261b4678db6345107ac64a9a01157259567852461bb2b7bac775af81e3","ad40a4b9-9fab-49c1-8e9f-6e0776966833","39","Enchanted River's Grasp","2U","Enchantment — Aura","Enchant creature
When this Aura enters, tap enchanted creature and remove all counters from it.
Enchanted creature loses all abilities and doesn't untap during its controller's untap step.","normal","","","U","legal","45"
"HOB-common","HOB","The Hobbit","common","99dac2b162eec7b45fe8be6d3396487488bded012faa7c42a6d4090422c93a09","fa8fd3c4-bd00-485d-80b1-2b67f5786fce","63","Crude Bent Blade","2B","Artifact — Equipment","When this Equipment enters, target opponent sacrifices a creature of their choice.
Equipped creature gets +2/+1.
Equip {2} ({2}: Attach to target creature you control. Equip only as a sorcery.)","normal","","","B","legal","46"
"HOB-common","HOB","The Hobbit","common","9d8ea49ce34438cec3f494fe0c094be9b769b4d5b28ddd43952c41b2e3f4a3db","349d7464-e778-4a24-a528-d31d36ff4799","200","Rage into the Valley","2B","Sorcery","You draw a card and lose 1 life.
Amass Goblins 2. (Put two +1/+1 counters on an Army you control. It's also a Goblin. If you don't control an Army, create a 0/0 black Goblin Army creature token first.)","normal","","","B","legal","47"
"HOB-common","HOB","The Hobbit","common","a0bc393fa223072678aaf2a385456505d994d25a43e2ac1e2f54cbf64262536d","6fcc3699-b475-4612-884d-81bd4f21e9c1","85","Stony-Voiced Goblins","1B","Creature — Goblin Bard","When this creature enters, each opponent discards a card.","normal","1","1","B","legal","48"
"HOB-common","HOB","The Hobbit","common","a4332d15a429733d031e1f44d80bd1fa52fceb7f95003b79cf9d8470a905700b","0365c439-30bf-4d32-a791-166751bdb996","184","Hobbit Hole","","Land","{T}, Sacrifice this land: Search your library for a basic land card, put it onto the battlefield tapped, then shuffle.
Halflingcycling {4} ({4}, Discard this card: Search your library for a Halfling card, reveal it, put it into your hand, then shuffle.)","normal","","","","legal","49"
"HOB-common","HOB","The Hobbit","common","a6a1260a86fa33a9568d0ac0a501cfafde83232bd4e1ffa1d61aaff2267ff930","f2341cf3-4d2c-4a4f-9aea-8834104a8910","10","Dwarven Shortsword","3W","Artifact — Equipment","When this Equipment enters, create a 2/2 red Dwarf creature token, then attach this Equipment to it.
Equipped creature gets +1/+2.
Equip {2} ({2}: Attach to target creature you control. Equip only as a sorcery.)","normal","","","W","legal","50"
"HOB-common","HOB","The Hobbit","common","a7aaf727d9047bb64fd9d5e291bb337511de733975b4bc7d4674a4733a13c022","9de48690-e5ae-495a-addf-305f1db7ec21","35","Confusticate and Bebother","2U","Instant","Choose one —
• Counter target spell unless its controller pays {4}.
• Draw two cards, then discard a card.","normal","","","U","legal","51"
"HOB-common","HOB","The Hobbit","common","a8cfcb5a605855545b5256bb61d3442c2a2f2396f356149a6ccfe9dadb0207d3","b05adb48-980c-49a0-9ce6-7c7f3f20715d","161","Nori, Teller of Tales","1{R/W}","Legendary Creature — Dwarf Bard","Whenever Nori attacks, target attacking creature gains first strike until end of turn.","normal","2","2","WR","legal","52"
"HOB-common","HOB","The Hobbit","common","ad90f9709cb9fcd77e507eda163e1fb19bb78bb5f5bff3b08d6f6271c09c77df","9d9ef88f-d208-4788-9553-cd672b3be1fe","73","Great Fierce Bee","2B","Creature — Insect","Flying
Whenever one or more other creatures die, scry 1. (Look at the top card of your library. You may put that card on the bottom.)","normal","2","2","B","legal","53"
"HOB-common","HOB","The Hobbit","common","b45028a17202921ac260ae0a6f7ebdca94f31742588eeb9737ef90edabf3ed74","6cfaa182-3fec-4907-8814-b4d29c33cec3","71","Gollum, Silent Slinker // Meager Meal","3B // B","Legendary Creature — Halfling Horror // Sorcery — Adventure","Menace (This creature can't be blocked except by two or more creatures.)

---

Put a +1/+1 counter on up to one target creature. Target player gains 2 life. (Then exile this card. You may cast the creature later from exile.)","adventure","4","3","B","legal","54"
"HOB-common","HOB","The Hobbit","common","b7f32b6e468a4b22a9f1734f90271e6fee8df401778b8b8ad7e9a4ffc197caa2","ea7b5052-b343-466d-879e-2a211657ef0a","80","Ravening Warg","1B","Creature — Wolf","Deathtouch
Ferocious — Whenever this creature attacks while you control a creature with power 4 or greater, you gain 2 life.","normal","2","2","B","legal","55"
"HOB-common","HOB","The Hobbit","common","b8fa2ef40b7ef49cddb9ee7bde644c9de1ba73232457bf1dccd5388bf69b9599","ce254758-c928-4b43-a952-13fac1845668","173","Giant's Boulder","1","Artifact","When this artifact enters, scry 2. (Look at the top two cards of your library, then put any number of them on the bottom and the rest on top in any order.)
{1}, {T}: Add one mana of any color.
{7}, {T}, Sacrifice this artifact: Destroy target permanent.","normal","","","","legal","56"
"HOB-common","HOB","The Hobbit","common","bbd69d650fd67204f7968416aa9cc96b44979c7dee98c2a0be22badc0fe28d54","ea174cea-40e5-424e-9734-e39aae6c6b17","107","Pinecone Strike","1R","Instant","Choose one or both —
• Pinecone Strike deals 3 damage to target creature. If that creature would die this turn, exile it instead.
• Destroy target artifact token.","normal","","","R","legal","57"
"HOB-common","HOB","The Hobbit","common","bd7c78f9ef444e88822984029a53e2d358b76cf3c50674a31cff2b86acd46c12","a16f203a-785e-4c78-9410-fb9f8a0ffa01","111","Smaug's Fury","1R","Instant","Target creature gets +3/+0 and gains reach and first strike until end of turn.","normal","","","R","legal","58"
"HOB-common","HOB","The Hobbit","common","beffaf2b194c0fb49d9332a2cd4107009a29d9609ef2836b125d3e03e150dffb","17892c93-b9b2-4720-933b-998ed0200492","62","Bilbo's Deadly Slice","1BB","Instant","Destroy target creature.","normal","","","B","legal","59"
"HOB-common","HOB","The Hobbit","common","c67ab0ccb5e7f3269ecb5b6849bdeadcb4482079d9168943d92664d8f72c458b","5cc0f994-5048-4898-926e-b56cbc97e0ca","30","Velvetwing Butterflies // Gaze in Wonder","2W // 1W","Creature — Insect // Instant — Adventure","Flying

---

Tap one or two target creatures. (Then exile this card. You may cast the creature later from exile.)","adventure","2","2","W","legal","60"
"HOB-common","HOB","The Hobbit","common","c7dc7235e5afc08a59011a55baf2ae42f5850b56c1d9d308a06effc38013cd0e","0feb9817-56e1-465a-851c-b2fe202aa8ae","133","Ordinary Bear","3G","Creature — Bear","","normal","4","5","G","legal","61"
"HOB-common","HOB","The Hobbit","common","ee46c2f056305eeaf69c8c0261dbe95be1e62c8b82d9b2a8a929930f6502d37f","612cf954-f86c-4629-99df-4874d56fded3","188","Mirkwood","","Land","This land enters tapped.
{T}: Add {B} or {G}.
{2}{B}{G}, {T}, Sacrifice this land: Put two +1/+1 counters on target Bear, Spider, or Wolf you control. Activate only as a sorcery.","normal","","","","legal","62"
"HOB-common","HOB","The Hobbit","common","f0deb95d42b78cfcde160c7269b7a4493c972bc6335eacb2a658b879d4daf8c1","5900a0b4-aa89-4019-94c9-7e9ea3b4792e","135","Quarrel","1G","Instant","Target creature you control deals damage equal to its power to target creature an opponent controls.","normal","","","G","legal","63"
"HOB-common","HOB","The Hobbit","common","fae33562d86f055214e4d3101ef94243359fab975a572f05e37b9cef16082930","d1a1e520-1fe2-4529-8afb-c187bb80da3c","1","Long-Bodied Grey Dog","3","Creature — Dog","Flash
Reach
When this creature enters, create a tapped Treasure token. (It's an artifact with ""{T}, Sacrifice this token: Add one mana of any color."")","normal","2","2","","legal","64"
"HOB-common","HOB","The Hobbit","common","fba864334224a47274b4de5fee671dfeb8af940bdcfde216dd85a59d3cb35868","1f8403a2-849c-4a59-b0ed-c8803995028d","41","Gandalf, Wandering Wizard","4U","Legendary Creature — Avatar Wizard","Ward {3} (Whenever this creature becomes the target of a spell or ability an opponent controls, counter it unless that player pays {3}.)
{6}: Gandalf's owner shuffles him into their library and draws three cards.","normal","4","5","U","legal","65"
"HOB-uncommon","HOB","The Hobbit","uncommon","070fc59f259b39f0bd52e9a3df37ba62b8ee49dcc0e70fc9394e5c0abb06b6e6","ee88cc80-8fbf-451c-b2b8-09158426c26a","147","Bifur, Melodic Rider","4{R/W}{R/W}","Legendary Creature — Dwarf Bard","Storied (If you control three or more artifacts, legendaries, and/or Sagas, you have an enduring story for the rest of the game.)
Whenever Bifur enters or attacks, put a +1/+1 counter on target creature.
As long as you have an enduring story, if a triggered ability of a Dwarf you control triggers, that ability triggers an additional time.","normal","4","5","WR","legal","1"
"HOB-uncommon","HOB","The Hobbit","uncommon","09ffa7be7ba8dbb0bf01d5fb8ad75d4da80f288a580f940c655ade437f937155","68f4893d-e9a5-4f89-ade3-9ab78a834ad5","22","The Mountain-king's Return","2W","Enchantment — Saga","(As this Saga enters and after your draw step, add a lore counter. Sacrifice after III.)
I — Recruit. (Draw a card, then discard a card. If you discarded a nonland card, create a 1/1 white Human Soldier creature token.)
II — Return target creature card with mana value 3 or less from your graveyard to the battlefield.
III — Put a +1/+1 counter on up to one target creature.","saga","","","W","legal","2"
"HOB-uncommon","HOB","The Hobbit","uncommon","10c60ce1cd1e6fb547c4fbd2bbe5f9b09f6f9e5032cdeae0e2125a1fbc2cc766","63c317e7-432c-4817-8db4-3670a1d84be3","88","Bombur, Gentle Dreamer","2R","Legendary Creature — Dwarf Bard","Storied (If you control three or more artifacts, legendaries, and/or Sagas, you have an enduring story for the rest of the game.)
Bombur doesn't untap during your untap step unless you have an enduring story.","normal","5","3","R","legal","3"
"HOB-uncommon","HOB","The Hobbit","uncommon","143abe8b339108260f7cfa7dc2828dbb097c8872b919d7f2bd24b2d62f64f76d","7c9bfc6e-648a-482b-9483-9e8538726f53","227","Glóin the Mighty // Easy Pickings","3R // 2R","Legendary Creature — Dwarf Warrior // Sorcery — Adventure","At the beginning of your first main phase, add {R}{R}.

---

Easy Pickings deals 1 damage to each creature your opponents control. (Then exile this card. You may cast the creature later from exile.)","adventure","4","3","R","legal","4"
"HOB-uncommon","HOB","The Hobbit","uncommon","1461566d0af78d790fa36cc985aa419fc66980c0c807448ac08dd6e43905e4de","d3cbe830-7e95-4019-89c4-cfb36bcf00f8","78","Nighthowl Pursuer","B","Creature — Wolf","Menace (This creature can't be blocked except by two or more creatures.)
Ferocious — Whenever this creature attacks while you control a creature with power 4 or greater, this creature gets +2/+2 until end of turn.","normal","1","1","B","legal","5"
"HOB-uncommon","HOB","The Hobbit","uncommon","177be1c82fd9ae9f8e7a4cbf624ae0e801b669bf779ac35de7f35a551a07a91d","898c14a2-d897-4341-83ed-eee666df9648","175","Key to the Side-Door","1","Artifact","{2}, {T}: Target creature can't be blocked this turn.
{1}, {T}, Discard a legendary card with the same name as a legendary permanent you control: Draw two cards.","normal","","","","legal","6"
"HOB-uncommon","HOB","The Hobbit","uncommon","1f97d043518ac1ca62de828da55be3ffd8364f18ab003b2b073eb4a501060f9a","67304269-c595-4cf0-8dbf-fcb2e9e01fe2","19","Lake-town Toymaker","3W","Creature — Human Artificer","At the beginning of combat on your turn, if you've drawn two or more cards this turn, another target creature you control gets +3/+0 and gains first strike until end of turn.","normal","3","4","W","legal","7"
"HOB-uncommon","HOB","The Hobbit","uncommon","23f81d7619610b99f0ded325513204a0145ef2674f1e248f4719bdf78c7f3025","6dff14cd-b60b-48f4-9d9f-c9019b55df4c","105","Misty Mountains Raider","4R","Creature — Goblin Soldier","Whenever you attack, amass Goblins 2. (Put two +1/+1 counters on an Army you control. It's also a Goblin. If you don't control an Army, create a 0/0 black Goblin Army creature token first.)","normal","4","4","R","legal","8"
"HOB-uncommon","HOB","The Hobbit","uncommon","275d7257b13de660e5e4f6f1ae33476533ef7d4f9fd513bf90b3c27ce0e26040","50202288-f433-4b56-8f60-349bda7b4f6b","159","Large Bear","3{B/G}{B/G}","Creature — Bear","Reach, trample, haste","normal","5","5","BG","legal","9"
"HOB-uncommon","HOB","The Hobbit","uncommon","298364b3d231c318ef498b60d3e2f3febc7fecc3adbbba2f13d2ab9be73137b4","0b84e232-428c-424a-848c-ef95debc6e50","145","Bard the Bowman","1WU","Legendary Creature — Human Archer","Reach
Whenever you draw your second card each turn, put a +1/+1 counter on target creature. It gains lifelink until end of turn.","normal","1","3","WU","legal","10"
"HOB-uncommon","HOB","The Hobbit","uncommon","2fa23373478606de82055a22c98a40d17c20dd65a710cbc38f690824f6a880e2","c141695c-c108-41d5-85cb-1f7485d9d533","37","Elven Raft-Steerer","2U","Creature — Elf Pilot","Landfall — Whenever a land you control enters, choose one —
• Tap target creature an opponent controls.
• Untap target creature you control.","normal","3","2","U","legal","11"
"HOB-uncommon","HOB","The Hobbit","uncommon","35ad4c1fb90d9c33433d064de26d3601ce592acc9447103b45d5b6f03291e575","c7e18609-d1ed-4829-be11-f2ce2cfcbc49","165","Thorin Oakenshield","RW","Legendary Creature — Dwarf Noble","Trample
Storied (If you control three or more artifacts, legendaries, and/or Sagas, you have an enduring story for the rest of the game.)
As long as you have an enduring story, artifacts and creatures you control have ward {1}.","normal","3","2","WR","legal","12"
"HOB-uncommon","HOB","The Hobbit","uncommon","35cbacf16ee888f3eb1d797be1ba2e6620d3e472e5b13ce56f35e6b652663a26","985bd676-58c4-42c7-a570-1b413e9aa94c","125","Galion, Elvenking's Butler","2GG","Legendary Creature — Elf Advisor","Whenever Galion attacks, choose up to one other target creature you control. Its base power and toughness become equal to Galion's power and toughness until end of turn.","normal","4","4","G","legal","13"
"HOB-uncommon","HOB","The Hobbit","uncommon","37930c61ec39ed67f98ca6fb8f4555d0a7591c377e0fb123453f1b20097c4603","370e09c2-36c5-4662-8350-1db798afad3e","16","Iron Hills Blacksmith","1W","Creature — Dwarf Artificer","Double strike
When this creature enters, create a colorless Equipment artifact token named Axe with ""Equipped creature gets +1/+0"" and equip {2}.","normal","1","1","W","legal","14"
"HOB-uncommon","HOB","The Hobbit","uncommon","396b7dec1c9d826651bfd55a70d26c217bee0b745553da7ad2dbe58197f1702e","ad0dba36-d056-4bc1-987a-391da26ad267","179","Thrór's Map","2","Legendary Artifact","When Thrór's Map enters, search your library for a basic land card, reveal it, put it into your hand, then shuffle.
{2}, {T}: Draw a card, then discard a card.","normal","","","","legal","15"
"HOB-uncommon","HOB","The Hobbit","uncommon","3b8cc67abb059f07381f1941cbfd22bedaee94c397cab076aac30dd070075b0c","c71b74fb-fb0c-4953-b536-7a3f283c6918","163","Silvan Reveler","2GU","Creature — Elf Citizen","When this creature enters, draw a card, then discard a card. If you discard a land card this way, put it from your graveyard onto the battlefield tapped.
Landfall — Whenever a land you control enters, you may pay {1}{G}{U}. If you do, return this card from your graveyard to your hand.","normal","3","2","UG","legal","16"
"HOB-uncommon","HOB","The Hobbit","uncommon","444fc8ecc1a3b3fac4dc3a44e0767bf7d7a0498cd9966a8f42031dace76ae12b","bd0f0415-43af-4f5d-8999-853c5d42780d","95","Dwarven Mauler","R","Creature — Dwarf Warrior","Equip abilities you activate that target this creature cost {2} less to activate.","normal","2","1","R","legal","17"
"HOB-uncommon","HOB","The Hobbit","uncommon","453aea77f7e3e5a655e5784f330febd36eb05a33a2a9430a0445cca14a2dfb8b","42fbd61d-e1a6-465d-b1a3-f5ee0869d3af","7","Celebrate the Mountain-king","3W","Enchantment","When this enchantment enters, for each opponent, exile up to one target nonland permanent that player controls until this enchantment leaves the battlefield.
When this enchantment enters, recruit. (Draw a card, then discard a card. If you discarded a nonland card, create a 1/1 white Human Soldier creature token.)","normal","","","W","legal","18"
"HOB-uncommon","HOB","The Hobbit","uncommon","48b0356811cd86be7d638b8fe037af73202ca2ae375a6c192a15c693e85b333c","ca0f7bf4-b8a2-4ec4-ad7e-b639de9fa76a","138","Troll Negotiations","2GG","Sorcery","Put two +1/+1 counters on target creature you control. Then it fights target creature an opponent controls. (Each deals damage equal to its power to the other.)","normal","","","G","legal","19"
"HOB-uncommon","HOB","The Hobbit","uncommon","53d51ad9eaf75fbe070269aeb689c9ab2cbbd3d74537115a6132d96db2738a13","6cbcd606-b864-4b81-9596-e7788befdd1f","199","Troop of Ponies","2","Creature — Horse","{2}, {T}, Sacrifice this creature: Search your library for up to two basic land cards, reveal them, put one onto the battlefield tapped and the other into your hand, then shuffle.","normal","2","1","","legal","20"
"HOB-uncommon","HOB","The Hobbit","uncommon","562edd77889b19bfe4f24e486b68f399c4d59b5ebc370743f386c8b5f5bde5ee","4202a678-a5f4-47f9-9c18-e88ab9ad20a4","44","Lake-town Mariners // Gone Fishing","4UU // 3U","Creature — Human Citizen // Instant — Adventure","Vigilance
Ward {2} (Whenever this creature becomes the target of a spell or ability an opponent controls, counter it unless that player pays {2}.)

---

Exile two target creatures and/or lands you control, then return them to the battlefield under their owner's control.","adventure","6","5","U","legal","21"
"HOB-uncommon","HOB","The Hobbit","uncommon","5d4a16a11f1b046177c891d02052cb5f9d0846a78bbed6d54d0e9c503c4d95f6","63078f42-f404-4c61-86be-45d934393b0a","141","Wilderland Scrounger","4G","Creature — Wolf","Ferocious — Whenever this creature attacks while you control a creature with power 4 or greater, put a +1/+1 counter on each creature you control.","normal","3","6","G","legal","22"
"HOB-uncommon","HOB","The Hobbit","uncommon","68dad257ff7934318eb21d667e9c665796e3ec3b895f7380fdd1c4135fb7af0c","7b2d2a7f-88e0-45a9-8579-a6736bcd66eb","148","Bolg of the North","3BR","Legendary Creature — Goblin Soldier","When Bolg enters, you may sacrifice another creature. When you do, Bolg deals damage equal to that creature's power to another target creature. If excess damage was dealt this way, amass Goblins X, where X is that excess damage. (Put X +1/+1 counters on an Army you control. It's also a Goblin. If you don't control an Army, create a 0/0 black Goblin Army creature token first.)","normal","5","5","BR","legal","23"
"HOB-uncommon","HOB","The Hobbit","uncommon","6a875dfd302f8a7c2b4f830825e4db7f384baf68d20347dcbd6d47013451328d","cb25b11a-6bf5-4a9a-b60f-d4dcac3816d6","89","Bothersome Noisemaker","1R","Creature — Goblin Bard","Whenever you cast a noncreature spell, amass Goblins 1. (Put a +1/+1 counter on an Army you control. It's also a Goblin. If you don't control an Army, create a 0/0 black Goblin Army creature token first.)","normal","2","2","R","legal","24"
"HOB-uncommon","HOB","The Hobbit","uncommon","70b78cb606004360e3e201ac3bf8fb5acc12b5ce36788671307663c767a391db","e0c0f842-40fe-4776-a988-a35216bcfd47","132","Old Fat Spider","4GG","Creature — Spider","Reach
This creature can't be blocked by creatures with power 2 or less.
Whenever this creature becomes the target of a spell or ability an opponent controls, draw a card.","normal","6","7","G","legal","25"
"HOB-uncommon","HOB","The Hobbit","uncommon","731cf4600e6c27c3ad49a51e9f003697b9b93ab06b07a5007f7d711a796d93b3","481870ee-d1f7-421b-86e1-570ea933bbbc","166","Thranduil, Sindarin Liege // Silvan Rally","2{G/U}{G/U} // 1{G/U}{G/U}","Legendary Creature — Elf Noble // Sorcery — Adventure","Other Elves you control get +1/+1.
Landfall — Whenever a land you control enters, create a 1/1 green Elf creature token.

---

Mill four cards, then put up to two land cards from among them into your hand. (Then exile this card. You may cast the creature later from exile.)","adventure","2","3","UG","legal","26"
"HOB-uncommon","HOB","The Hobbit","uncommon","781ca55b9f565dc0c2eb09f614bd7ed192c350c026f07695dc1b0b5d0e1ba51a","ccf2923e-5358-4e40-bc64-2953ac2d1692","203","Gandalf, Spark Starter","4RR","Legendary Creature — Avatar Wizard","Reach
When Gandalf enters, he deals 3 damage divided as you choose among one, two, or three targets.","normal","4","3","R","legal","27"
"HOB-uncommon","HOB","The Hobbit","uncommon","80757321bc3761b474ebcdd8bc89754aba1db0a91251144111f6e6a05d25c9c8","153ca57e-30f0-4ad7-ae9d-c55cbf0fd4c9","120","Beorn's Hospitality","1G","Enchantment","Landfall — Whenever a land you control enters, put a +1/+1 counter on target creature you control.
{5}{G}{G}: This enchantment becomes a Bear creature in addition to its other types and gains ""This creature's power and toughness are each equal to the number of lands you control."" (This effect doesn't end.)","normal","","","G","legal","28"
"HOB-uncommon","HOB","The Hobbit","uncommon","87e846c379d1121d2417896d0d5699ca53cd6b1049ba52f394df4c3a1e596f8a","dd32a1dd-3541-4572-a717-1deabc14b827","55","Sound the Trumpets","1UU","Instant","Counter target spell. If that spell's mana value was 2 or less, recruit. (Draw a card, then discard a card. If you discarded a nonland card, create a 1/1 white Human Soldier creature token.)","normal","","","U","legal","29"
"HOB-uncommon","HOB","The Hobbit","uncommon","88bbf557b486caf0a8e7003a9527e16be2ccf98318cf6182d878c703b0d813e6","50d91ef3-6f5d-4255-8d47-be731b5dad30","72","Gollum the Abandoned","1B","Legendary Creature — Halfling Horror","Gollum can't block.
When Gollum enters, exile up to one target card from an opponent's graveyard. Each opponent loses 2 life.
{2}, Sacrifice an artifact or creature: Return this card from your graveyard to your hand. Activate only as a sorcery.","normal","2","2","B","legal","30"
"HOB-uncommon","HOB","The Hobbit","uncommon","8c1792d78320b2c901516866a42af8ac7fa3d52a702f42ce9bf8977eafe79b67","acbb4d32-2771-469e-a6de-0df15155cc62","52","Ravenhill Flock","3U","Creature — Bird","Flying
Whenever you draw a card, put a +1/+1 counter on this creature.","normal","1","2","U","legal","31"
"HOB-uncommon","HOB","The Hobbit","uncommon","8d7f1d0514e566bd505cee0d59b70a8e5019f65d339726b7ae3660e21fd18966","12c8f2cc-ac9d-4cf6-9025-efe366b4e07f","155","Eagle's Rescue","2{W/U}{W/U}","Enchantment — Aura","Enchant creature
Enchanted creature gets +2/+2 and has flying.
{2}{W/U}{W/U}: Return this card from your graveyard to the battlefield attached to target creature you control with power 1 or less. Activate only as a sorcery.","normal","","","WU","legal","32"
"HOB-uncommon","HOB","The Hobbit","uncommon","8fd1ee93bf4870c322aa3f4a693adca69adebf437790e09595092ee1c3b9978c","ab181190-d53d-4972-8cd5-8e54b45f2276","171","The Black Arrow","3","Legendary Artifact — Equipment","Flash
When The Black Arrow enters, it deals 1 damage to any target. If a Dragon is dealt damage this way, destroy it.
Equipped creature gets +1/+1 and has reach.
Equip {1} ({1}: Attach to target creature you control. Equip only as a sorcery.)","normal","","","","legal","33"
"HOB-uncommon","HOB","The Hobbit","uncommon","974360c60901fd081a10714a8c024a0948813904ed0ccbb07505d82ade454e27","b72e193c-e030-4936-9b79-c636eff750e1","65","Down, Down to Goblin-town","2B","Enchantment — Saga","(As this Saga enters and after your draw step, add a lore counter. Sacrifice after IV.)
I — Target opponent reveals their hand. You choose a nonland card from it. That player discards that card.
II — Amass Goblins 1. (Put a +1/+1 counter on an Army you control. It's also a Goblin. If you don't control an Army, create a 0/0 black Goblin Army creature token first.)
III, IV — Target opponent loses 1 life and you gain 1 life.","saga","","","B","legal","34"
"HOB-uncommon","HOB","The Hobbit","uncommon","9af34cf75ee14acd1515b88a7db7f134e58beebf978c25a377ac47845ce34a6a","4a865cea-f947-4736-8ace-ba478fceeb22","50","Old Fat Spider Can't See Me","2U","Enchantment — Saga","(As this Saga enters and after your draw step, add a lore counter. Sacrifice after IV.)
I — Target creature you control gains hexproof for as long as this Saga remains on the battlefield.
II — Prevent all damage that would be dealt by up to one target creature for as long as this Saga remains on the battlefield.
III, IV — Draw a card.","saga","","","U","legal","35"
"HOB-uncommon","HOB","The Hobbit","uncommon","9f580eb5b98b7261a549db59a24d3900ae34970553a36087f53a0db33a6637c2","2ce066be-e5ad-4b93-8245-1b5018990d03","68","Gathering of Darkness","3B","Sorcery","Return up to one target creature card from your graveyard to your hand.
Amass Goblins 3. (Put three +1/+1 counters on an Army you control. It's also a Goblin. If you don't control an Army, create a 0/0 black Goblin Army creature token first.)","normal","","","B","legal","36"
"HOB-uncommon","HOB","The Hobbit","uncommon","a71d9b4b5a792912813b0f00984ed00839a3ce6cb20f6c139b3118ee2209b146","3feca644-5f65-4477-bbc8-d505cec6f3a5","11","Eagle of the Great Shelf","4W","Creature — Bird Soldier","Flying
Whenever this creature attacks, it gets +1/+1 until end of turn for each other creature you control.","normal","2","5","W","legal","37"
"HOB-uncommon","HOB","The Hobbit","uncommon","b0bfd6ea1b5994c872dcbe8575a4fe7b7fe1773ecf90ba707ffbdef7f464baa9","c5752731-253c-4b41-bdd8-94c26d715206","27","Stone by Sunlight","1W","Instant","Choose one —
• Destroy target creature with power 4 or greater.
• Until end of turn, target creature becomes an artifact in addition to its other types and gains indestructible. (Damage and effects that say ""destroy"" don't destroy it.)","normal","","","W","legal","38"
"HOB-uncommon","HOB","The Hobbit","uncommon","b30903c067536d198d7ae559f93b6b4ad437b071117f8fd2a2f91f330604efd5","e4ded4c1-0e3e-47c5-8fdc-e7c187f68b12","56","Thranduil's Decree","4UU","Instant","Counter target spell. If a permanent spell is countered this way, exile it instead of putting it into its owner's graveyard. You may cast that card without paying its mana cost for as long as it remains exiled.","normal","","","U","legal","39"
"HOB-uncommon","HOB","The Hobbit","uncommon","b3a058f38095c9a83f7108ea0888cdf14d655b67f89134eb063a11b2398bd7ed","96bc7d25-2828-478a-8fe5-a1f4ede8c9c0","130","Nasty Little Rabbit","G","Creature — Rabbit","Ferocious — At the beginning of combat on your turn, if you control a creature with power 4 or greater, put a +1/+1 counter on this creature.","normal","1","2","G","legal","40"
"HOB-uncommon","HOB","The Hobbit","uncommon","b72d65fed9742d8cebf15c5345b5ce6645d065866454838b0bea7853e89cb02a","50fbedc0-bc66-4ffb-87f6-a2df69995091","129","Mirkwood Pathmaker","2G","Creature — Elf Ranger","Mirkwood Pathmaker's power and toughness are each equal to the number of lands you control.","normal","*","*","G","legal","41"
"HOB-uncommon","HOB","The Hobbit","uncommon","c1e205f044c3bee2c1c3268fc2b25bfbc9d393d6324adc0230471c2492fa73e9","7f63f810-15a8-4bec-bd39-dbca453bcc1e","223","Great Ugly-Looking Goblin // Clap! Snap!","5B // 1B","Creature — Goblin Soldier // Sorcery — Adventure","Each creature you control with a +1/+1 counter on it has menace. (It can't be blocked except by two or more creatures.)

---

Amass Goblins 2. (Then exile this card. You may cast the creature later from exile.)","adventure","4","4","B","legal","42"
"HOB-uncommon","HOB","The Hobbit","uncommon","c60908e16866943d221a41af0a4d9cf743d48c9f38c0e76751d8cafe39e49e25","b5fe776d-00c2-4d5d-9493-77dd754aa728","218","Bilbo, Luckwearer // Burglar's Plot","1U // 4U","Legendary Creature — Halfling Rogue // Sorcery — Adventure","Bilbo can't be blocked.
Whenever Bilbo deals combat damage to a player, draw a card, then discard a card.

---

Exchange control of two target nonland permanents that share a card type. (Then exile this card. You may cast the creature later from exile.)","adventure","1","1","U","legal","43"
"HOB-uncommon","HOB","The Hobbit","uncommon","c9ad6a8e7a56a25ceb1bd9d8b2af2d9543d763b890e2c4f5e10741cb06c4c7cc","5d485d70-c7b9-40a4-9089-5e7f1c2b9213","69","Gnashing of Teeth","1BB","Sorcery","Choose one —
• Target creature gets -5/-5 until end of turn. If that creature would die this turn, exile it instead.
• Creatures target player controls get -1/-1 until end of turn.","normal","","","B","legal","44"
"HOB-uncommon","HOB","The Hobbit","uncommon","cdacf1705a4744207968da482600ebeb104b72cc77b5bd7fd3aab8592815c409","63c87009-ff1b-44b9-88b1-e26219094c67","64","Desolation Prowler","1B","Creature — Wolf","Pay 2 life: This creature gets +2/+2 until end of turn. Activate only once each turn.","normal","2","2","B","legal","45"
"HOB-uncommon","HOB","The Hobbit","uncommon","cf0af574f3add795d8888e929ff952bafaff87da3df8f71d29c34b91d4d4dbf6","a221baee-6ed1-4f11-b38c-e0be8531e170","215","Bofur, Reliable Guardian // Concerted Care","W // 1W","Legendary Creature — Dwarf Scout // Instant — Adventure","Lifelink

---

Target artifact or creature you control gains hexproof and indestructible until end of turn. (Then exile this card. You may cast the creature later from exile.)","adventure","1","1","W","legal","46"
"HOB-uncommon","HOB","The Hobbit","uncommon","d0e877e525822da34af1c2bec3ff5ac9835dfcabb474b7095fbff8a38d78b868","2efe2dc7-3eaa-47f6-b1ae-f974c4a8ae79","156","Fearsome Goblin Pair","2{B/R}","Creature — Goblin Soldier","When this creature dies, amass Goblins 4. (Put four +1/+1 counters on an Army you control. It's also a Goblin. If you don't control an Army, create a 0/0 black Goblin Army creature token first.)","normal","1","1","BR","legal","47"
"HOB-uncommon","HOB","The Hobbit","uncommon","d4b704fa93b5c6aa72390f5887ff49dc462b01301fc12c2a9e334fe6943b9dff","92c6f09d-b525-4e8c-a87c-a74df9dc3b1e","172","Dwarven Mattock","2","Artifact — Equipment","When this Equipment enters, attach it to target Dwarf you control.
Equipped creature gets +2/+2 and has ward {1}. (Whenever equipped creature becomes the target of a spell or ability an opponent controls, counter it unless that player pays {1}.)
Equip {3} ({3}: Attach to target creature you control. Equip only as a sorcery.)","normal","","","","legal","48"
"HOB-uncommon","HOB","The Hobbit","uncommon","e309d9f58f390ecb45965c7a88105ca807d59407e4ef93180f03abb924e79417","fe2b4bcf-56de-44d3-83af-aeb27f82c25e","143","Woodland Weavemaster","1G","Creature — Elf Druid","Vigilance
Whenever another Elf you control enters, this creature gets +1/+1 until end of turn.
{T}: Add X mana of any one color, where X is this creature's power. Spend this mana only to cast Elf spells and activate abilities of Elf sources.","normal","1","2","G","legal","49"
"HOB-uncommon","HOB","The Hobbit","uncommon","e7ecec301d1adfa71fc5f7569491e30ad696397a350fcd446a3e4fdb4bff2154","c397a298-bf7f-49d7-a26a-206ccf9e8120","150","The Chief Warg","2BG","Legendary Creature — Wolf","Menace (This creature can't be blocked except by two or more creatures.)
Ferocious — Whenever you attack while you control a creature with power 4 or greater, you draw a card and lose 1 life.","normal","3","3","BG","legal","50"
"HOB-uncommon","HOB","The Hobbit","uncommon","ec1d16f83822a8a045e1dfa29524e36ba847bac0f70541694b331702642ba9de","99d27749-d16c-45e9-accc-6a01351c17f9","8","Dáin, Lord of the Iron Hills","1W","Legendary Creature — Dwarf Noble","Vigilance
Storied (If you control three or more artifacts, legendaries, and/or Sagas, you have an enduring story for the rest of the game.)
As long as you have an enduring story, creatures can't attack you unless their controller pays {1} for each of those creatures.","normal","2","2","W","legal","51"
"HOB-uncommon","HOB","The Hobbit","uncommon","ef0c3705e6cf912f48e2359174c57496f3767d573abd95d011849b47442f4307","47666099-ffb2-4d07-a801-70524dba0837","112","Snowslope Hunter","2R","Creature — Goblin Ranger","Sacrifice another creature or artifact: Exile the top card of your library. You may play it until the end of your next turn. Activate only during your turn and only once each turn.","normal","2","3","R","legal","52"
"HOB-uncommon","HOB","The Hobbit","uncommon","effa31e0794c11b0b36862c0486ed338b4cfdc03d60205dd960e45995dc5d800","1d84b0f8-aa9d-46b5-b46d-cb291aa6af9a","206","Dreaded Bat-Cloud","4B","Creature — Bat","This spell costs {3} less to cast if a creature died this turn.
Flying, deathtouch","normal","4","2","B","legal","53"
"HOB-uncommon","HOB","The Hobbit","uncommon","f1e123d196ae9155b24538c5b49686cf3ba770843f57a340aa981237c89be76a","fceb1a2d-121e-49ad-acf2-1bb5aebec116","90","Burn, Burn, Tree and Fern","3R","Enchantment — Saga","(As this Saga enters and after your draw step, add a lore counter. Sacrifice after IV.)
I — This Saga deals 6 damage to target creature an opponent controls.
II — Destroy target artifact an opponent controls.
III, IV — Add {R}.","saga","","","R","legal","54"
"HOB-uncommon","HOB","The Hobbit","uncommon","ffd75c3163d7208a4b62ad0e7adcda1951b6b5631502021252d7561de8d8ed76","addcefdd-e012-4adf-9052-e60376a8d2d3","47","Master's Councillors","1U","Creature — Human Advisor","Vigilance
This creature gets +2/+0 for each graveyard with seven or more cards in it.
Whenever you draw your second card each turn, target player mills three cards. (They put the top three cards of their library into their graveyard.)","normal","1","3","U","legal","55"
